espn_id,name,year,source,league,same_as
349,Army Black Knights,2012,espn,,
349,Army Knights,2025,espn,,
349,Army,2025,footballlocks,,
150,Duke Blue Devils,2025,espn,ncaafb,
150,Duke Blue Devils,2025,espn,ncaambb,
150,Duke Blue Devils,2025,espn,ncaawbb,
2341,LIU Sharks,2025,espn,ncaafb,
112358,LIU Sharks,2025,espn,ncaambb,2341
2,Auburn Tigers,2001,espn,ncaafb,
2,Auburn Tigers,2002,espn,ncaafb,
2,Auburn Tigers,2003,espn,ncaafb,
2,Auburn Tigers,2004,espn,ncaafb,
2,Auburn Tigers,2005,espn,ncaafb,
2,Auburn Tigers,2006,espn,ncaafb,
2,Auburn Tigers,2007,espn,ncaafb,
2,Auburn Tigers,2008,espn,ncaafb,
2,Auburn Tigers,2009,espn,ncaafb,
2,Auburn Tigers,2010,espn,ncaafb,
2,Auburn Tigers,2011,espn,ncaafb,
2,Auburn Tigers,2012,espn,ncaafb,
2,Auburn Tigers,2013,espn,ncaafb,
2,Auburn Tigers,2014,espn,ncaafb,
2,Auburn Tigers,2015,espn,ncaafb,
2,Auburn Tigers,2016,espn,ncaafb,
2,Auburn Tigers,2017,espn,ncaafb,
2,Auburn Tigers,2018,espn,ncaafb,
2,Auburn Tigers,2019,espn,ncaafb,
2,Auburn Tigers,2020,espn,ncaafb,
2,Auburn Tigers,2021,espn,ncaafb,
2,Auburn Tigers,2022,espn,ncaafb,
2,Auburn Tigers,2023,espn,ncaafb,
2,Auburn Tigers,2024,espn,ncaafb,
2,Auburn Tigers,2025,espn,ncaafb,
3,Birmingham-Southern Panthers,2007,espn,ncaafb,
3,Birmingham-Southern Panthers,2008,espn,ncaafb,
3,Birmingham-Southern Panthers,2009,espn,ncaafb,
3,Birmingham-Southern Panthers,2010,espn,ncaafb,
3,Birmingham-Southern Panthers,2011,espn,ncaafb,
3,Birmingham-Southern Panthers,2012,espn,ncaafb,
3,Birmingham-Southern Panthers,2013,espn,ncaafb,
3,Birmingham-Southern Panthers,2014,espn,ncaafb,
3,Birmingham-Southern Panthers,2015,espn,ncaafb,
3,Birmingham-Southern Panthers,2016,espn,ncaafb,
3,Birmingham-Southern Panthers,2017,espn,ncaafb,
3,Birmingham-Southern Panthers,2018,espn,ncaafb,
3,Birmingham-Southern Panthers,2019,espn,ncaafb,
3,Birmingham-Southern Panthers,2020,espn,ncaafb,
3,Birmingham-Southern Panthers,2021,espn,ncaafb,
3,Birmingham-Southern Panthers,2022,espn,ncaafb,
3,Birmingham-Southern Panthers,2023,espn,ncaafb,
5,UAB Blazers,2001,espn,ncaafb,
5,UAB Blazers,2002,espn,ncaafb,
5,UAB Blazers,2003,espn,ncaafb,
5,UAB Blazers,2004,espn,ncaafb,
5,UAB Blazers,2005,espn,ncaafb,
5,UAB Blazers,2006,espn,ncaafb,
5,UAB Blazers,2007,espn,ncaafb,
5,UAB Blazers,2008,espn,ncaafb,
5,UAB Blazers,2009,espn,ncaafb,
5,UAB Blazers,2010,espn,ncaafb,
5,UAB Blazers,2011,espn,ncaafb,
5,UAB Blazers,2012,espn,ncaafb,
5,UAB Blazers,2013,espn,ncaafb,
5,UAB Blazers,2014,espn,ncaafb,
5,UAB Blazers,2017,espn,ncaafb,
5,UAB Blazers,2018,espn,ncaafb,
5,UAB Blazers,2019,espn,ncaafb,
5,UAB Blazers,2020,espn,ncaafb,
5,UAB Blazers,2021,espn,ncaafb,
5,UAB Blazers,2022,espn,ncaafb,
5,UAB Blazers,2023,espn,ncaafb,
5,UAB Blazers,2024,espn,ncaafb,
5,UAB Blazers,2025,espn,ncaafb,
6,South Alabama Jaguars,2009,espn,ncaafb,
6,South Alabama Jaguars,2011,espn,ncaafb,
6,South Alabama Jaguars,2012,espn,ncaafb,
6,South Alabama Jaguars,2013,espn,ncaafb,
6,South Alabama Jaguars,2014,espn,ncaafb,
6,South Alabama Jaguars,2015,espn,ncaafb,
6,South Alabama Jaguars,2016,espn,ncaafb,
6,South Alabama Jaguars,2017,espn,ncaafb,
6,South Alabama Jaguars,2018,espn,ncaafb,
6,South Alabama Jaguars,2019,espn,ncaafb,
6,South Alabama Jaguars,2020,espn,ncaafb,
6,South Alabama Jaguars,2021,espn,ncaafb,
6,South Alabama Jaguars,2022,espn,ncaafb,
6,South Alabama Jaguars,2023,espn,ncaafb,
6,South Alabama Jaguars,2024,espn,ncaafb,
6,South Alabama Jaguars,2025,espn,ncaafb,
7,Amherst College Lord Jeffs,2007,espn,ncaafb,
7,Amherst College Lord Jeffs,2008,espn,ncaafb,
7,Amherst College Lord Jeffs,2009,espn,ncaafb,
7,Amherst College Lord Jeffs,2010,espn,ncaafb,
7,Amherst College Lord Jeffs,2011,espn,ncaafb,
7,Amherst College Lord Jeffs,2012,espn,ncaafb,
7,Amherst College Lord Jeffs,2013,espn,ncaafb,
7,Amherst College Lord Jeffs,2014,espn,ncaafb,
7,Amherst College Lord Jeffs,2015,espn,ncaafb,
7,Amherst College Lord Jeffs,2016,espn,ncaafb,
7,Amherst College Mammoths,2017,espn,ncaafb,
7,Amherst College Mammoths,2018,espn,ncaafb,
7,Amherst College Mammoths,2019,espn,ncaafb,
7,Amherst College Mammoths,2021,espn,ncaafb,
7,Amherst College Mammoths,2022,espn,ncaafb,
7,Amherst College Mammoths,2023,espn,ncaafb,
7,Amherst Mammoths,2024,espn,ncaafb,
7,Amherst Mammoths,2025,espn,ncaafb,
8,Arkansas Razorbacks,2001,espn,ncaafb,
8,Arkansas Razorbacks,2002,espn,ncaafb,
8,Arkansas Razorbacks,2003,espn,ncaafb,
8,Arkansas Razorbacks,2004,espn,ncaafb,
8,Arkansas Razorbacks,2005,espn,ncaafb,
8,Arkansas Razorbacks,2006,espn,ncaafb,
8,Arkansas Razorbacks,2007,espn,ncaafb,
8,Arkansas Razorbacks,2008,espn,ncaafb,
8,Arkansas Razorbacks,2009,espn,ncaafb,
8,Arkansas Razorbacks,2010,espn,ncaafb,
8,Arkansas Razorbacks,2011,espn,ncaafb,
8,Arkansas Razorbacks,2012,espn,ncaafb,
8,Arkansas Razorbacks,2013,espn,ncaafb,
8,Arkansas Razorbacks,2014,espn,ncaafb,
8,Arkansas Razorbacks,2015,espn,ncaafb,
8,Arkansas Razorbacks,2016,espn,ncaafb,
8,Arkansas Razorbacks,2017,espn,ncaafb,
8,Arkansas Razorbacks,2018,espn,ncaafb,
8,Arkansas Razorbacks,2019,espn,ncaafb,
8,Arkansas Razorbacks,2020,espn,ncaafb,
8,Arkansas Razorbacks,2021,espn,ncaafb,
8,Arkansas Razorbacks,2022,espn,ncaafb,
8,Arkansas Razorbacks,2023,espn,ncaafb,
8,Arkansas Razorbacks,2024,espn,ncaafb,
8,Arkansas Razorbacks,2025,espn,ncaafb,
9,Arizona State Sun Devils,2001,espn,ncaafb,
9,Arizona State Sun Devils,2002,espn,ncaafb,
9,Arizona State Sun Devils,2003,espn,ncaafb,
9,Arizona State Sun Devils,2004,espn,ncaafb,
9,Arizona State Sun Devils,2005,espn,ncaafb,
9,Arizona State Sun Devils,2006,espn,ncaafb,
9,Arizona State Sun Devils,2007,espn,ncaafb,
9,Arizona State Sun Devils,2008,espn,ncaafb,
9,Arizona State Sun Devils,2009,espn,ncaafb,
9,Arizona State Sun Devils,2010,espn,ncaafb,
9,Arizona State Sun Devils,2011,espn,ncaafb,
9,Arizona State Sun Devils,2012,espn,ncaafb,
9,Arizona State Sun Devils,2013,espn,ncaafb,
9,Arizona State Sun Devils,2014,espn,ncaafb,
9,Arizona State Sun Devils,2015,espn,ncaafb,
9,Arizona State Sun Devils,2016,espn,ncaafb,
9,Arizona State Sun Devils,2017,espn,ncaafb,
9,Arizona State Sun Devils,2018,espn,ncaafb,
9,Arizona State Sun Devils,2019,espn,ncaafb,
9,Arizona State Sun Devils,2020,espn,ncaafb,
9,Arizona State Sun Devils,2021,espn,ncaafb,
9,Arizona State Sun Devils,2022,espn,ncaafb,
9,Arizona State Sun Devils,2023,espn,ncaafb,
9,Arizona State Sun Devils,2024,espn,ncaafb,
9,Arizona State Sun Devils,2025,espn,ncaafb,
11,Colorado Mesa Mavericks,2001,espn,ncaafb,
11,Colorado Mesa Mavericks,2002,espn,ncaafb,
11,Colorado Mesa Mavericks,2007,espn,ncaafb,
11,Colorado Mesa Mavericks,2008,espn,ncaafb,
11,Colorado Mesa Mavericks,2009,espn,ncaafb,
11,Colorado Mesa Mavericks,2010,espn,ncaafb,
11,Colorado Mesa Mavericks,2011,espn,ncaafb,
11,Colorado Mesa Mavericks,2012,espn,ncaafb,
11,Colorado Mesa Mavericks,2013,espn,ncaafb,
11,Colorado Mesa Mavericks,2014,espn,ncaafb,
11,Colorado Mesa Mavericks,2015,espn,ncaafb,
11,Colorado Mesa Mavericks,2016,espn,ncaafb,
11,Colorado Mesa Mavericks,2017,espn,ncaafb,
11,Colorado Mesa Mavericks,2018,espn,ncaafb,
11,Colorado Mesa Mavericks,2019,espn,ncaafb,
11,Colorado Mesa Mavericks,2020,espn,ncaafb,
11,Colorado Mesa Mavericks,2021,espn,ncaafb,
11,Colorado Mesa Mavericks,2022,espn,ncaafb,
11,Colorado Mesa Mavericks,2023,espn,ncaafb,
11,Colorado Mesa Mavericks,2024,espn,ncaafb,
11,Colorado Mesa Mavericks,2025,espn,ncaafb,
12,Arizona Wildcats,2001,espn,ncaafb,
12,Arizona Wildcats,2002,espn,ncaafb,
12,Arizona Wildcats,2003,espn,ncaafb,
12,Arizona Wildcats,2004,espn,ncaafb,
12,Arizona Wildcats,2005,espn,ncaafb,
12,Arizona Wildcats,2006,espn,ncaafb,
12,Arizona Wildcats,2007,espn,ncaafb,
12,Arizona Wildcats,2008,espn,ncaafb,
12,Arizona Wildcats,2009,espn,ncaafb,
12,Arizona Wildcats,2010,espn,ncaafb,
12,Arizona Wildcats,2011,espn,ncaafb,
12,Arizona Wildcats,2012,espn,ncaafb,
12,Arizona Wildcats,2013,espn,ncaafb,
12,Arizona Wildcats,2014,espn,ncaafb,
12,Arizona Wildcats,2015,espn,ncaafb,
12,Arizona Wildcats,2016,espn,ncaafb,
12,Arizona Wildcats,2017,espn,ncaafb,
12,Arizona Wildcats,2018,espn,ncaafb,
12,Arizona Wildcats,2019,espn,ncaafb,
12,Arizona Wildcats,2020,espn,ncaafb,
12,Arizona Wildcats,2021,espn,ncaafb,
12,Arizona Wildcats,2022,espn,ncaafb,
12,Arizona Wildcats,2023,espn,ncaafb,
12,Arizona Wildcats,2024,espn,ncaafb,
12,Arizona Wildcats,2025,espn,ncaafb,
13,Cal Poly Mustangs,2001,espn,ncaafb,
13,Cal Poly Mustangs,2002,espn,ncaafb,
13,Cal Poly Mustangs,2003,espn,ncaafb,
13,Cal Poly Mustangs,2004,espn,ncaafb,
13,Cal Poly Mustangs,2005,espn,ncaafb,
13,Cal Poly Mustangs,2006,espn,ncaafb,
13,Cal Poly Mustangs,2007,espn,ncaafb,
13,Cal Poly Mustangs,2008,espn,ncaafb,
13,Cal Poly Mustangs,2009,espn,ncaafb,
13,Cal Poly Mustangs,2010,espn,ncaafb,
13,Cal Poly Mustangs,2011,espn,ncaafb,
13,Cal Poly Mustangs,2012,espn,ncaafb,
13,Cal Poly Mustangs,2013,espn,ncaafb,
13,Cal Poly Mustangs,2014,espn,ncaafb,
13,Cal Poly Mustangs,2015,espn,ncaafb,
13,Cal Poly Mustangs,2016,espn,ncaafb,
13,Cal Poly Mustangs,2017,espn,ncaafb,
13,Cal Poly Mustangs,2018,espn,ncaafb,
13,Cal Poly Mustangs,2019,espn,ncaafb,
13,Cal Poly Mustangs,2021,espn,ncaafb,
13,Cal Poly Mustangs,2022,espn,ncaafb,
13,Cal Poly Mustangs,2023,espn,ncaafb,
13,Cal Poly Mustangs,2024,espn,ncaafb,
13,Cal Poly Mustangs,2025,espn,ncaafb,
15,Anna Maria College Amcats,2009,espn,ncaafb,
15,Anna Maria College Amcats,2010,espn,ncaafb,
15,Anna Maria College Amcats,2011,espn,ncaafb,
15,Anna Maria College Amcats,2012,espn,ncaafb,
15,Anna Maria College Amcats,2013,espn,ncaafb,
15,Anna Maria College Amcats,2014,espn,ncaafb,
15,Anna Maria College Amcats,2015,espn,ncaafb,
15,Anna Maria College Amcats,2016,espn,ncaafb,
15,Anna Maria College Amcats,2017,espn,ncaafb,
15,Anna Maria College Amcats,2018,espn,ncaafb,
15,Anna Maria College Amcats,2019,espn,ncaafb,
15,Anna Maria College Amcats,2021,espn,ncaafb,
15,Anna Maria College Amcats,2022,espn,ncaafb,
15,Anna Maria College Amcats,2023,espn,ncaafb,
15,Anna Maria College Amcats,2024,espn,ncaafb,
15,Anna Maria College Amcats,2025,espn,ncaafb,
16,Sacramento State Hornets,2001,espn,ncaafb,
16,Sacramento State Hornets,2002,espn,ncaafb,
16,Sacramento State Hornets,2003,espn,ncaafb,
16,Sacramento State Hornets,2004,espn,ncaafb,
16,Sacramento State Hornets,2005,espn,ncaafb,
16,Sacramento State Hornets,2006,espn,ncaafb,
16,Sacramento State Hornets,2007,espn,ncaafb,
16,Sacramento State Hornets,2008,espn,ncaafb,
16,Sacramento State Hornets,2009,espn,ncaafb,
16,Sacramento State Hornets,2010,espn,ncaafb,
16,Sacramento State Hornets,2011,espn,ncaafb,
16,Sacramento State Hornets,2012,espn,ncaafb,
16,Sacramento State Hornets,2013,espn,ncaafb,
16,Sacramento State Hornets,2014,espn,ncaafb,
16,Sacramento State Hornets,2015,espn,ncaafb,
16,Sacramento State Hornets,2016,espn,ncaafb,
16,Sacramento State Hornets,2017,espn,ncaafb,
16,Sacramento State Hornets,2018,espn,ncaafb,
16,Sacramento State Hornets,2019,espn,ncaafb,
16,Sacramento State Hornets,2021,espn,ncaafb,
16,Sacramento State Hornets,2022,espn,ncaafb,
16,Sacramento State Hornets,2023,espn,ncaafb,
16,Sacramento State Hornets,2024,espn,ncaafb,
16,Sacramento State Hornets,2025,espn,ncaafb,
17,Claremont Stags,2007,espn,ncaafb,
17,Claremont Stags,2008,espn,ncaafb,
17,Claremont Stags,2009,espn,ncaafb,
17,Claremont Stags,2010,espn,ncaafb,
17,Claremont Stags,2011,espn,ncaafb,
17,Claremont Stags,2012,espn,ncaafb,
17,Claremont Stags,2013,espn,ncaafb,
17,Claremont Stags,2014,espn,ncaafb,
17,Claremont Stags,2015,espn,ncaafb,
17,Claremont Stags,2016,espn,ncaafb,
17,Claremont Stags,2017,espn,ncaafb,
17,Claremont Mudd Scripps College Stags,2018,espn,ncaafb,
17,Claremont Mudd Scripps College Stags,2019,espn,ncaafb,
17,Claremont Mudd Scripps College Stags,2021,espn,ncaafb,
17,Claremont Mudd Scripps College Stags,2022,espn,ncaafb,
17,Claremont Mudd Scripps College Stags,2023,espn,ncaafb,
17,Claremont Mudd Scripps College Stags,2024,espn,ncaafb,
17,Claremont Mudd Scripps College Stags,2025,espn,ncaafb,
18,Bridgewater State Bears,2007,espn,ncaafb,
18,Bridgewater State Bears,2008,espn,ncaafb,
18,Bridgewater State Bears,2009,espn,ncaafb,
18,Bridgewater State Bears,2010,espn,ncaafb,
18,Bridgewater State Bears,2011,espn,ncaafb,
18,Bridgewater State Bears,2012,espn,ncaafb,
18,Bridgewater State Bears,2013,espn,ncaafb,
18,Bridgewater State Bears,2014,espn,ncaafb,
18,Bridgewater State Bears,2015,espn,ncaafb,
18,Bridgewater State Bears,2016,espn,ncaafb,
18,Bridgewater State Bears,2017,espn,ncaafb,
18,Bridgewater State (MA) Bears,2018,espn,ncaafb,
18,Bridgewater State (MA) Bears,2019,espn,ncaafb,
18,Bridgewater State (MA) Bears,2020,espn,ncaafb,
18,Bridgewater State (MA) Bears,2021,espn,ncaafb,
18,Bridgewater State (MA) Bears,2022,espn,ncaafb,
18,Bridgewater State (MA) Bears,2023,espn,ncaafb,
18,Bridgewater State Bears,2024,espn,ncaafb,
18,Bridgewater State Bears,2025,espn,ncaafb,
21,San Diego State Aztecs,2001,espn,ncaafb,
21,San Diego State Aztecs,2002,espn,ncaafb,
21,San Diego State Aztecs,2003,espn,ncaafb,
21,San Diego State Aztecs,2004,espn,ncaafb,
21,San Diego State Aztecs,2005,espn,ncaafb,
21,San Diego State Aztecs,2006,espn,ncaafb,
21,San Diego State Aztecs,2007,espn,ncaafb,
21,San Diego State Aztecs,2008,espn,ncaafb,
21,San Diego State Aztecs,2009,espn,ncaafb,
21,San Diego State Aztecs,2010,espn,ncaafb,
21,San Diego State Aztecs,2011,espn,ncaafb,
21,San Diego State Aztecs,2012,espn,ncaafb,
21,San Diego State Aztecs,2013,espn,ncaafb,
21,San Diego State Aztecs,2014,espn,ncaafb,
21,San Diego State Aztecs,2015,espn,ncaafb,
21,San Diego State Aztecs,2016,espn,ncaafb,
21,San Diego State Aztecs,2017,espn,ncaafb,
21,San Diego State Aztecs,2018,espn,ncaafb,
21,San Diego State Aztecs,2019,espn,ncaafb,
21,San Diego State Aztecs,2020,espn,ncaafb,
21,San Diego State Aztecs,2021,espn,ncaafb,
21,San Diego State Aztecs,2022,espn,ncaafb,
21,San Diego State Aztecs,2023,espn,ncaafb,
21,San Diego State Aztecs,2024,espn,ncaafb,
21,San Diego State Aztecs,2025,espn,ncaafb,
23,San Jose State Spartans,2001,espn,ncaafb,
23,San Jose State Spartans,2002,espn,ncaafb,
23,San Jose State Spartans,2003,espn,ncaafb,
23,San Jose State Spartans,2004,espn,ncaafb,
23,San Jose State Spartans,2005,espn,ncaafb,
23,San Jose State Spartans,2006,espn,ncaafb,
23,San Jose State Spartans,2007,espn,ncaafb,
23,San Jose State Spartans,2008,espn,ncaafb,
23,San Jose State Spartans,2009,espn,ncaafb,
23,San Jose State Spartans,2010,espn,ncaafb,
23,San Jose State Spartans,2011,espn,ncaafb,
23,San Jose State Spartans,2012,espn,ncaafb,
23,San Jose State Spartans,2013,espn,ncaafb,
23,San Jose State Spartans,2014,espn,ncaafb,
23,San Jose State Spartans,2015,espn,ncaafb,
23,San Jose State Spartans,2016,espn,ncaafb,
23,San Jose State Spartans,2017,espn,ncaafb,
23,San Jose State Spartans,2018,espn,ncaafb,
23,San José St Spartans,2019,espn,ncaafb,
23,San José State Spartans,2020,espn,ncaafb,
23,San José State Spartans,2021,espn,ncaafb,
23,San José State Spartans,2022,espn,ncaafb,
23,San José State Spartans,2023,espn,ncaafb,
23,San José State Spartans,2024,espn,ncaafb,
23,San José State Spartans,2025,espn,ncaafb,
24,Stanford Cardinal,2001,espn,ncaafb,
24,Stanford Cardinal,2002,espn,ncaafb,
24,Stanford Cardinal,2003,espn,ncaafb,
24,Stanford Cardinal,2004,espn,ncaafb,
24,Stanford Cardinal,2005,espn,ncaafb,
24,Stanford Cardinal,2006,espn,ncaafb,
24,Stanford Cardinal,2007,espn,ncaafb,
24,Stanford Cardinal,2008,espn,ncaafb,
24,Stanford Cardinal,2009,espn,ncaafb,
24,Stanford Cardinal,2010,espn,ncaafb,
24,Stanford Cardinal,2011,espn,ncaafb,
24,Stanford Cardinal,2012,espn,ncaafb,
24,Stanford Cardinal,2013,espn,ncaafb,
24,Stanford Cardinal,2014,espn,ncaafb,
24,Stanford Cardinal,2015,espn,ncaafb,
24,Stanford Cardinal,2016,espn,ncaafb,
24,Stanford Cardinal,2017,espn,ncaafb,
24,Stanford Cardinal,2018,espn,ncaafb,
24,Stanford Cardinal,2019,espn,ncaafb,
24,Stanford Cardinal,2020,espn,ncaafb,
24,Stanford Cardinal,2021,espn,ncaafb,
24,Stanford Cardinal,2022,espn,ncaafb,
24,Stanford Cardinal,2023,espn,ncaafb,
24,Stanford Cardinal,2024,espn,ncaafb,
24,Stanford Cardinal,2025,espn,ncaafb,
25,California Golden Bears,2001,espn,ncaafb,
25,California Golden Bears,2002,espn,ncaafb,
25,California Golden Bears,2003,espn,ncaafb,
25,California Golden Bears,2004,espn,ncaafb,
25,California Golden Bears,2005,espn,ncaafb,
25,California Golden Bears,2006,espn,ncaafb,
25,California Golden Bears,2007,espn,ncaafb,
25,California Golden Bears,2008,espn,ncaafb,
25,California Golden Bears,2009,espn,ncaafb,
25,California Golden Bears,2010,espn,ncaafb,
25,California Golden Bears,2011,espn,ncaafb,
25,California Golden Bears,2012,espn,ncaafb,
25,California Golden Bears,2013,espn,ncaafb,
25,California Golden Bears,2014,espn,ncaafb,
25,California Golden Bears,2015,espn,ncaafb,
25,California Golden Bears,2016,espn,ncaafb,
25,California Golden Bears,2017,espn,ncaafb,
25,California Golden Bears,2018,espn,ncaafb,
25,California Golden Bears,2019,espn,ncaafb,
25,California Golden Bears,2020,espn,ncaafb,
25,California Golden Bears,2021,espn,ncaafb,
25,California Golden Bears,2022,espn,ncaafb,
25,California Golden Bears,2023,espn,ncaafb,
25,California Golden Bears,2024,espn,ncaafb,
25,California Golden Bears,2025,espn,ncaafb,
26,UCLA Bruins,2001,espn,ncaafb,
26,UCLA Bruins,2002,espn,ncaafb,
26,UCLA Bruins,2003,espn,ncaafb,
26,UCLA Bruins,2004,espn,ncaafb,
26,UCLA Bruins,2005,espn,ncaafb,
26,UCLA Bruins,2006,espn,ncaafb,
26,UCLA Bruins,2007,espn,ncaafb,
26,UCLA Bruins,2008,espn,ncaafb,
26,UCLA Bruins,2009,espn,ncaafb,
26,UCLA Bruins,2010,espn,ncaafb,
26,UCLA Bruins,2011,espn,ncaafb,
26,UCLA Bruins,2012,espn,ncaafb,
26,UCLA Bruins,2013,espn,ncaafb,
26,UCLA Bruins,2014,espn,ncaafb,
26,UCLA Bruins,2015,espn,ncaafb,
26,UCLA Bruins,2016,espn,ncaafb,
26,UCLA Bruins,2017,espn,ncaafb,
26,UCLA Bruins,2018,espn,ncaafb,
26,UCLA Bruins,2019,espn,ncaafb,
26,UCLA Bruins,2020,espn,ncaafb,
26,UCLA Bruins,2021,espn,ncaafb,
26,UCLA Bruins,2022,espn,ncaafb,
26,UCLA Bruins,2023,espn,ncaafb,
26,UCLA Bruins,2024,espn,ncaafb,
26,UCLA Bruins,2025,espn,ncaafb,
29,Redlands Bulldogs,2001,espn,ncaafb,
29,Redlands Bulldogs,2007,espn,ncaafb,
29,Redlands Bulldogs,2008,espn,ncaafb,
29,Redlands Bulldogs,2009,espn,ncaafb,
29,Redlands Bulldogs,2010,espn,ncaafb,
29,Redlands Bulldogs,2011,espn,ncaafb,
29,Redlands Bulldogs,2012,espn,ncaafb,
29,Redlands Bulldogs,2013,espn,ncaafb,
29,Redlands Bulldogs,2014,espn,ncaafb,
29,Redlands Bulldogs,2015,espn,ncaafb,
29,Redlands Bulldogs,2016,espn,ncaafb,
29,Redlands Bulldogs,2017,espn,ncaafb,
29,Redlands Bulldogs,2018,espn,ncaafb,
29,Redlands Bulldogs,2019,espn,ncaafb,
29,Redlands Bulldogs,2021,espn,ncaafb,
29,Redlands Bulldogs,2022,espn,ncaafb,
29,Redlands Bulldogs,2023,espn,ncaafb,
29,Redlands Bulldogs,2024,espn,ncaafb,
29,Redlands Bulldogs,2025,espn,ncaafb,
30,USC Trojans,2001,espn,ncaafb,
30,USC Trojans,2002,espn,ncaafb,
30,USC Trojans,2003,espn,ncaafb,
30,USC Trojans,2004,espn,ncaafb,
30,USC Trojans,2005,espn,ncaafb,
30,USC Trojans,2006,espn,ncaafb,
30,USC Trojans,2007,espn,ncaafb,
30,USC Trojans,2008,espn,ncaafb,
30,USC Trojans,2009,espn,ncaafb,
30,USC Trojans,2010,espn,ncaafb,
30,USC Trojans,2011,espn,ncaafb,
30,USC Trojans,2012,espn,ncaafb,
30,USC Trojans,2013,espn,ncaafb,
30,USC Trojans,2014,espn,ncaafb,
30,USC Trojans,2015,espn,ncaafb,
30,USC Trojans,2016,espn,ncaafb,
30,USC Trojans,2017,espn,ncaafb,
30,USC Trojans,2018,espn,ncaafb,
30,USC Trojans,2019,espn,ncaafb,
30,USC Trojans,2020,espn,ncaafb,
30,USC Trojans,2021,espn,ncaafb,
30,USC Trojans,2022,espn,ncaafb,
30,USC Trojans,2023,espn,ncaafb,
30,USC Trojans,2024,espn,ncaafb,
30,USC Trojans,2025,espn,ncaafb,
32,Carroll (WI) Pioneers,2007,espn,ncaafb,
32,Carroll (WI) Pioneers,2008,espn,ncaafb,
32,Carroll (WI) Pioneers,2009,espn,ncaafb,
32,Carroll (WI) Pioneers,2010,espn,ncaafb,
32,Carroll (WI) Pioneers,2011,espn,ncaafb,
32,Carroll (WI) Pioneers,2012,espn,ncaafb,
32,Carroll (WI) Pioneers,2013,espn,ncaafb,
32,Carroll (WI) Pioneers,2014,espn,ncaafb,
32,Carroll (WI) Pioneers,2015,espn,ncaafb,
32,Carroll (WI) Pioneers,2016,espn,ncaafb,
32,Carroll (WI) Pioneers,2017,espn,ncaafb,
32,Carroll (WI) Pioneers,2018,espn,ncaafb,
32,Carroll (WI) Pioneers,2019,espn,ncaafb,
32,Carroll (WI) Pioneers,2020,espn,ncaafb,
32,Carroll (WI) Pioneers,2021,espn,ncaafb,
32,Carroll (WI) Pioneers,2022,espn,ncaafb,
32,Carroll (WI) Pioneers,2023,espn,ncaafb,
32,Carroll (WI) Pioneers,2024,espn,ncaafb,
32,Carroll (WI) Pioneers,2025,espn,ncaafb,
33,Colby White Mules,2007,espn,ncaafb,
33,Colby White Mules,2008,espn,ncaafb,
33,Colby White Mules,2009,espn,ncaafb,
33,Colby White Mules,2010,espn,ncaafb,
33,Colby White Mules,2011,espn,ncaafb,
33,Colby White Mules,2012,espn,ncaafb,
33,Colby White Mules,2013,espn,ncaafb,
33,Colby White Mules,2014,espn,ncaafb,
33,Colby White Mules,2015,espn,ncaafb,
33,Colby White Mules,2016,espn,ncaafb,
33,Colby White Mules,2017,espn,ncaafb,
33,Colby College Mules,2018,espn,ncaafb,
33,Colby College White Mules,2019,espn,ncaafb,
33,Colby College White Mules,2021,espn,ncaafb,
33,Colby College White Mules,2022,espn,ncaafb,
33,Colby College White Mules,2023,espn,ncaafb,
33,Colby College White Mules,2024,espn,ncaafb,
33,Colby College White Mules,2025,espn,ncaafb,
36,Colorado State Rams,2001,espn,ncaafb,
36,Colorado State Rams,2002,espn,ncaafb,
36,Colorado State Rams,2003,espn,ncaafb,
36,Colorado State Rams,2004,espn,ncaafb,
36,Colorado State Rams,2005,espn,ncaafb,
36,Colorado State Rams,2006,espn,ncaafb,
36,Colorado State Rams,2007,espn,ncaafb,
36,Colorado State Rams,2008,espn,ncaafb,
36,Colorado State Rams,2009,espn,ncaafb,
36,Colorado State Rams,2010,espn,ncaafb,
36,Colorado State Rams,2011,espn,ncaafb,
36,Colorado State Rams,2012,espn,ncaafb,
36,Colorado State Rams,2013,espn,ncaafb,
36,Colorado State Rams,2014,espn,ncaafb,
36,Colorado State Rams,2015,espn,ncaafb,
36,Colorado State Rams,2016,espn,ncaafb,
36,Colorado State Rams,2017,espn,ncaafb,
36,Colorado State Rams,2018,espn,ncaafb,
36,Colorado State Rams,2019,espn,ncaafb,
36,Colorado State Rams,2020,espn,ncaafb,
36,Colorado State Rams,2021,espn,ncaafb,
36,Colorado State Rams,2022,espn,ncaafb,
36,Colorado State Rams,2023,espn,ncaafb,
36,Colorado State Rams,2024,espn,ncaafb,
36,Colorado State Rams,2025,espn,ncaafb,
38,Colorado Buffaloes,2001,espn,ncaafb,
38,Colorado Buffaloes,2002,espn,ncaafb,
38,Colorado Buffaloes,2003,espn,ncaafb,
38,Colorado Buffaloes,2004,espn,ncaafb,
38,Colorado Buffaloes,2005,espn,ncaafb,
38,Colorado Buffaloes,2006,espn,ncaafb,
38,Colorado Buffaloes,2007,espn,ncaafb,
38,Colorado Buffaloes,2008,espn,ncaafb,
38,Colorado Buffaloes,2009,espn,ncaafb,
38,Colorado Buffaloes,2010,espn,ncaafb,
38,Colorado Buffaloes,2011,espn,ncaafb,
38,Colorado Buffaloes,2012,espn,ncaafb,
38,Colorado Buffaloes,2013,espn,ncaafb,
38,Colorado Buffaloes,2014,espn,ncaafb,
38,Colorado Buffaloes,2015,espn,ncaafb,
38,Colorado Buffaloes,2016,espn,ncaafb,
38,Colorado Buffaloes,2017,espn,ncaafb,
38,Colorado Buffaloes,2018,espn,ncaafb,
38,Colorado Buffaloes,2019,espn,ncaafb,
38,Colorado Buffaloes,2020,espn,ncaafb,
38,Colorado Buffaloes,2021,espn,ncaafb,
38,Colorado Buffaloes,2022,espn,ncaafb,
38,Colorado Buffaloes,2023,espn,ncaafb,
38,Colorado Buffaloes,2024,espn,ncaafb,
38,Colorado Buffaloes,2025,espn,ncaafb,
40,Curry Colonels,2007,espn,ncaafb,
40,Curry Colonels,2008,espn,ncaafb,
40,Curry Colonels,2009,espn,ncaafb,
40,Curry Colonels,2010,espn,ncaafb,
40,Curry Colonels,2011,espn,ncaafb,
40,Curry Colonels,2012,espn,ncaafb,
40,Curry Colonels,2013,espn,ncaafb,
40,Curry Colonels,2014,espn,ncaafb,
40,Curry Colonels,2015,espn,ncaafb,
40,Curry Colonels,2016,espn,ncaafb,
40,Curry Colonels,2017,espn,ncaafb,
40,Curry College Colonels,2018,espn,ncaafb,
40,Curry College Colonels,2019,espn,ncaafb,
40,Curry College Colonels,2020,espn,ncaafb,
40,Curry College Colonels,2021,espn,ncaafb,
40,Curry College Colonels,2022,espn,ncaafb,
40,Curry College Colonels,2023,espn,ncaafb,
40,Curry College Colonels,2024,espn,ncaafb,
40,Curry College Colonels,2025,espn,ncaafb,
41,Connecticut Huskies,2001,espn,ncaafb,
41,Connecticut Huskies,2002,espn,ncaafb,
41,Connecticut Huskies,2003,espn,ncaafb,
41,Connecticut Huskies,2004,espn,ncaafb,
41,Connecticut Huskies,2005,espn,ncaafb,
41,Connecticut Huskies,2006,espn,ncaafb,
41,Connecticut Huskies,2007,espn,ncaafb,
41,Connecticut Huskies,2008,espn,ncaafb,
41,Connecticut Huskies,2009,espn,ncaafb,
41,Connecticut Huskies,2010,espn,ncaafb,
41,Connecticut Huskies,2011,espn,ncaafb,
41,Connecticut Huskies,2012,espn,ncaafb,
41,Connecticut Huskies,2013,espn,ncaafb,
41,Connecticut Huskies,2014,espn,ncaafb,
41,Connecticut Huskies,2015,espn,ncaafb,
41,Connecticut Huskies,2016,espn,ncaafb,
41,UConn Huskies,2017,espn,ncaafb,
41,UConn Huskies,2018,espn,ncaafb,
41,UConn Huskies,2019,espn,ncaafb,
41,UConn Huskies,2021,espn,ncaafb,
41,UConn Huskies,2022,espn,ncaafb,
41,UConn Huskies,2023,espn,ncaafb,
41,UConn Huskies,2024,espn,ncaafb,
41,UConn Huskies,2025,espn,ncaafb,
43,Yale Bulldogs,2001,espn,ncaafb,
43,Yale Bulldogs,2002,espn,ncaafb,
43,Yale Bulldogs,2003,espn,ncaafb,
43,Yale Bulldogs,2004,espn,ncaafb,
43,Yale Bulldogs,2005,espn,ncaafb,
43,Yale Bulldogs,2006,espn,ncaafb,
43,Yale Bulldogs,2007,espn,ncaafb,
43,Yale Bulldogs,2008,espn,ncaafb,
43,Yale Bulldogs,2009,espn,ncaafb,
43,Yale Bulldogs,2010,espn,ncaafb,
43,Yale Bulldogs,2011,espn,ncaafb,
43,Yale Bulldogs,2012,espn,ncaafb,
43,Yale Bulldogs,2013,espn,ncaafb,
43,Yale Bulldogs,2014,espn,ncaafb,
43,Yale Bulldogs,2015,espn,ncaafb,
43,Yale Bulldogs,2016,espn,ncaafb,
43,Yale Bulldogs,2017,espn,ncaafb,
43,Yale Bulldogs,2018,espn,ncaafb,
43,Yale Bulldogs,2019,espn,ncaafb,
43,Yale Bulldogs,2020,espn,ncaafb,
43,Yale Bulldogs,2021,espn,ncaafb,
43,Yale Bulldogs,2022,espn,ncaafb,
43,Yale Bulldogs,2023,espn,ncaafb,
43,Yale Bulldogs,2024,espn,ncaafb,
43,Yale Bulldogs,2025,espn,ncaafb,
46,Georgetown Hoyas,2001,espn,ncaafb,
46,Georgetown Hoyas,2002,espn,ncaafb,
46,Georgetown Hoyas,2003,espn,ncaafb,
46,Georgetown Hoyas,2004,espn,ncaafb,
46,Georgetown Hoyas,2005,espn,ncaafb,
46,Georgetown Hoyas,2006,espn,ncaafb,
46,Georgetown Hoyas,2007,espn,ncaafb,
46,Georgetown Hoyas,2008,espn,ncaafb,
46,Georgetown Hoyas,2009,espn,ncaafb,
46,Georgetown Hoyas,2010,espn,ncaafb,
46,Georgetown Hoyas,2011,espn,ncaafb,
46,Georgetown Hoyas,2012,espn,ncaafb,
46,Georgetown Hoyas,2013,espn,ncaafb,
46,Georgetown Hoyas,2014,espn,ncaafb,
46,Georgetown Hoyas,2015,espn,ncaafb,
46,Georgetown Hoyas,2016,espn,ncaafb,
46,Georgetown Hoyas,2017,espn,ncaafb,
46,Georgetown Hoyas,2018,espn,ncaafb,
46,Georgetown Hoyas,2019,espn,ncaafb,
46,Georgetown Hoyas,2020,espn,ncaafb,
46,Georgetown Hoyas,2021,espn,ncaafb,
46,Georgetown Hoyas,2022,espn,ncaafb,
46,Georgetown Hoyas,2023,espn,ncaafb,
46,Georgetown Hoyas,2024,espn,ncaafb,
46,Georgetown Hoyas,2025,espn,ncaafb,
47,Howard Bison,2001,espn,ncaafb,
47,Howard Bison,2002,espn,ncaafb,
47,Howard Bison,2003,espn,ncaafb,
47,Howard Bison,2004,espn,ncaafb,
47,Howard Bison,2005,espn,ncaafb,
47,Howard Bison,2006,espn,ncaafb,
47,Howard Bison,2007,espn,ncaafb,
47,Howard Bison,2008,espn,ncaafb,
47,Howard Bison,2009,espn,ncaafb,
47,Howard Bison,2010,espn,ncaafb,
47,Howard Bison,2011,espn,ncaafb,
47,Howard Bison,2012,espn,ncaafb,
47,Howard Bison,2013,espn,ncaafb,
47,Howard Bison,2014,espn,ncaafb,
47,Howard Bison,2015,espn,ncaafb,
47,Howard Bison,2016,espn,ncaafb,
47,Howard Bison,2017,espn,ncaafb,
47,Howard Bison,2018,espn,ncaafb,
47,Howard Bison,2019,espn,ncaafb,
47,Howard Bison,2020,espn,ncaafb,
47,Howard Bison,2021,espn,ncaafb,
47,Howard Bison,2022,espn,ncaafb,
47,Howard Bison,2023,espn,ncaafb,
47,Howard Bison,2024,espn,ncaafb,
47,Howard Bison,2025,espn,ncaafb,
48,Delaware Blue Hens,2001,espn,ncaafb,
48,Delaware Blue Hens,2002,espn,ncaafb,
48,Delaware Blue Hens,2003,espn,ncaafb,
48,Delaware Blue Hens,2004,espn,ncaafb,
48,Delaware Blue Hens,2005,espn,ncaafb,
48,Delaware Blue Hens,2006,espn,ncaafb,
48,Delaware Blue Hens,2007,espn,ncaafb,
48,Delaware Blue Hens,2008,espn,ncaafb,
48,Delaware Blue Hens,2009,espn,ncaafb,
48,Delaware Blue Hens,2010,espn,ncaafb,
48,Delaware Blue Hens,2011,espn,ncaafb,
48,Delaware Blue Hens,2012,espn,ncaafb,
48,Delaware Blue Hens,2013,espn,ncaafb,
48,Delaware Blue Hens,2014,espn,ncaafb,
48,Delaware Blue Hens,2015,espn,ncaafb,
48,Delaware Blue Hens,2016,espn,ncaafb,
48,Delaware Blue Hens,2017,espn,ncaafb,
48,Delaware Blue Hens,2018,espn,ncaafb,
48,Delaware Blue Hens,2019,espn,ncaafb,
48,Delaware Blue Hens,2021,espn,ncaafb,
48,Delaware Blue Hens,2022,espn,ncaafb,
48,Delaware Blue Hens,2023,espn,ncaafb,
48,Delaware Blue Hens,2024,espn,ncaafb,
48,Delaware Blue Hens,2025,espn,ncaafb,
49,Dubuque Spartans,2007,espn,ncaafb,
49,Dubuque Spartans,2008,espn,ncaafb,
49,Dubuque Spartans,2009,espn,ncaafb,
49,Dubuque Spartans,2010,espn,ncaafb,
49,Dubuque Spartans,2011,espn,ncaafb,
49,Dubuque Spartans,2012,espn,ncaafb,
49,Dubuque Spartans,2013,espn,ncaafb,
49,Dubuque Spartans,2014,espn,ncaafb,
49,Dubuque Spartans,2015,espn,ncaafb,
49,Dubuque Spartans,2016,espn,ncaafb,
49,Dubuque Spartans,2017,espn,ncaafb,
49,Dubuque Spartans,2018,espn,ncaafb,
49,Dubuque Spartans,2019,espn,ncaafb,
49,Dubuque Spartans,2021,espn,ncaafb,
49,Dubuque Spartans,2022,espn,ncaafb,
49,Dubuque Spartans,2023,espn,ncaafb,
49,Dubuque Spartans,2024,espn,ncaafb,
49,Dubuque Spartans,2025,espn,ncaafb,
50,Florida A&M Rattlers,2001,espn,ncaafb,
50,Florida A&M Rattlers,2002,espn,ncaafb,
50,Florida A&M Rattlers,2003,espn,ncaafb,
50,Florida A&M Rattlers,2004,espn,ncaafb,
50,Florida A&M Rattlers,2005,espn,ncaafb,
50,Florida A&M Rattlers,2006,espn,ncaafb,
50,Florida A&M Rattlers,2007,espn,ncaafb,
50,Florida A&M Rattlers,2008,espn,ncaafb,
50,Florida A&M Rattlers,2009,espn,ncaafb,
50,Florida A&M Rattlers,2010,espn,ncaafb,
50,Florida A&M Rattlers,2011,espn,ncaafb,
50,Florida A&M Rattlers,2012,espn,ncaafb,
50,Florida A&M Rattlers,2013,espn,ncaafb,
50,Florida A&M Rattlers,2014,espn,ncaafb,
50,Florida A&M Rattlers,2015,espn,ncaafb,
50,Florida A&M Rattlers,2016,espn,ncaafb,
50,Florida A&M Rattlers,2017,espn,ncaafb,
50,Florida A&M Rattlers,2018,espn,ncaafb,
50,Florida A&M Rattlers,2019,espn,ncaafb,
50,Florida A&M Rattlers,2020,espn,ncaafb,
50,Florida A&M Rattlers,2021,espn,ncaafb,
50,Florida A&M Rattlers,2022,espn,ncaafb,
50,Florida A&M Rattlers,2023,espn,ncaafb,
50,Florida A&M Rattlers,2024,espn,ncaafb,
50,Florida A&M Rattlers,2025,espn,ncaafb,
52,Florida State Seminoles,2001,espn,ncaafb,
52,Florida State Seminoles,2002,espn,ncaafb,
52,Florida State Seminoles,2003,espn,ncaafb,
52,Florida State Seminoles,2004,espn,ncaafb,
52,Florida State Seminoles,2005,espn,ncaafb,
52,Florida State Seminoles,2006,espn,ncaafb,
52,Florida State Seminoles,2007,espn,ncaafb,
52,Florida State Seminoles,2008,espn,ncaafb,
52,Florida State Seminoles,2009,espn,ncaafb,
52,Florida State Seminoles,2010,espn,ncaafb,
52,Florida State Seminoles,2011,espn,ncaafb,
52,Florida State Seminoles,2012,espn,ncaafb,
52,Florida State Seminoles,2013,espn,ncaafb,
52,Florida State Seminoles,2014,espn,ncaafb,
52,Florida State Seminoles,2015,espn,ncaafb,
52,Florida State Seminoles,2016,espn,ncaafb,
52,Florida State Seminoles,2017,espn,ncaafb,
52,Florida State Seminoles,2018,espn,ncaafb,
52,Florida State Seminoles,2019,espn,ncaafb,
52,Florida State Seminoles,2020,espn,ncaafb,
52,Florida State Seminoles,2021,espn,ncaafb,
52,Florida State Seminoles,2022,espn,ncaafb,
52,Florida State Seminoles,2023,espn,ncaafb,
52,Florida State Seminoles,2024,espn,ncaafb,
52,Florida State Seminoles,2025,espn,ncaafb,
53,Florida Tech Panthers,2013,espn,ncaafb,
53,Florida Tech Panthers,2014,espn,ncaafb,
53,Florida Tech Panthers,2015,espn,ncaafb,
53,Florida Tech Panthers,2016,espn,ncaafb,
53,Florida Tech Panthers,2017,espn,ncaafb,
53,Florida Tech Panthers,2018,espn,ncaafb,
53,Florida Tech Panthers,2019,espn,ncaafb,
55,Jacksonville State Gamecocks,2001,espn,ncaafb,
55,Jacksonville State Gamecocks,2002,espn,ncaafb,
55,Jacksonville State Gamecocks,2003,espn,ncaafb,
55,Jacksonville State Gamecocks,2004,espn,ncaafb,
55,Jacksonville State Gamecocks,2005,espn,ncaafb,
55,Jacksonville State Gamecocks,2006,espn,ncaafb,
55,Jacksonville State Gamecocks,2007,espn,ncaafb,
55,Jacksonville State Gamecocks,2008,espn,ncaafb,
55,Jacksonville State Gamecocks,2009,espn,ncaafb,
55,Jacksonville State Gamecocks,2010,espn,ncaafb,
55,Jacksonville State Gamecocks,2011,espn,ncaafb,
55,Jacksonville State Gamecocks,2012,espn,ncaafb,
55,Jacksonville State Gamecocks,2013,espn,ncaafb,
55,Jacksonville State Gamecocks,2014,espn,ncaafb,
55,Jacksonville State Gamecocks,2015,espn,ncaafb,
55,Jacksonville State Gamecocks,2016,espn,ncaafb,
55,Jacksonville State Gamecocks,2017,espn,ncaafb,
55,Jacksonville State Gamecocks,2018,espn,ncaafb,
55,Jacksonville State Gamecocks,2019,espn,ncaafb,
55,Jacksonville State Gamecocks,2020,espn,ncaafb,
55,Jacksonville State Gamecocks,2021,espn,ncaafb,
55,Jacksonville State Gamecocks,2022,espn,ncaafb,
55,Jacksonville State Gamecocks,2023,espn,ncaafb,
55,Jacksonville State Gamecocks,2024,espn,ncaafb,
55,Jacksonville State Gamecocks,2025,espn,ncaafb,
56,Stetson Hatters,2013,espn,ncaafb,
56,Stetson Hatters,2014,espn,ncaafb,
56,Stetson Hatters,2015,espn,ncaafb,
56,Stetson Hatters,2016,espn,ncaafb,
56,Stetson Hatters,2017,espn,ncaafb,
56,Stetson Hatters,2018,espn,ncaafb,
56,Stetson Hatters,2019,espn,ncaafb,
56,Stetson Hatters,2021,espn,ncaafb,
56,Stetson Hatters,2022,espn,ncaafb,
56,Stetson Hatters,2023,espn,ncaafb,
56,Stetson Hatters,2024,espn,ncaafb,
56,Stetson Hatters,2025,espn,ncaafb,
57,Florida Gators,2001,espn,ncaafb,
57,Florida Gators,2002,espn,ncaafb,
57,Florida Gators,2003,espn,ncaafb,
57,Florida Gators,2004,espn,ncaafb,
57,Florida Gators,2005,espn,ncaafb,
57,Florida Gators,2006,espn,ncaafb,
57,Florida Gators,2007,espn,ncaafb,
57,Florida Gators,2008,espn,ncaafb,
57,Florida Gators,2009,espn,ncaafb,
57,Florida Gators,2010,espn,ncaafb,
57,Florida Gators,2011,espn,ncaafb,
57,Florida Gators,2012,espn,ncaafb,
57,Florida Gators,2013,espn,ncaafb,
57,Florida Gators,2014,espn,ncaafb,
57,Florida Gators,2015,espn,ncaafb,
57,Florida Gators,2016,espn,ncaafb,
57,Florida Gators,2017,espn,ncaafb,
57,Florida Gators,2018,espn,ncaafb,
57,Florida Gators,2019,espn,ncaafb,
57,Florida Gators,2020,espn,ncaafb,
57,Florida Gators,2021,espn,ncaafb,
57,Florida Gators,2022,espn,ncaafb,
57,Florida Gators,2023,espn,ncaafb,
57,Florida Gators,2024,espn,ncaafb,
57,Florida Gators,2025,espn,ncaafb,
58,South Florida Bulls,2001,espn,ncaafb,
58,South Florida Bulls,2002,espn,ncaafb,
58,South Florida Bulls,2003,espn,ncaafb,
58,South Florida Bulls,2004,espn,ncaafb,
58,South Florida Bulls,2005,espn,ncaafb,
58,South Florida Bulls,2006,espn,ncaafb,
58,South Florida Bulls,2007,espn,ncaafb,
58,South Florida Bulls,2008,espn,ncaafb,
58,South Florida Bulls,2009,espn,ncaafb,
58,South Florida Bulls,2010,espn,ncaafb,
58,South Florida Bulls,2011,espn,ncaafb,
58,South Florida Bulls,2012,espn,ncaafb,
58,South Florida Bulls,2013,espn,ncaafb,
58,South Florida Bulls,2014,espn,ncaafb,
58,South Florida Bulls,2015,espn,ncaafb,
58,South Florida Bulls,2016,espn,ncaafb,
58,South Florida Bulls,2017,espn,ncaafb,
58,South Florida Bulls,2018,espn,ncaafb,
58,South Florida Bulls,2019,espn,ncaafb,
58,South Florida Bulls,2020,espn,ncaafb,
58,South Florida Bulls,2021,espn,ncaafb,
58,South Florida Bulls,2022,espn,ncaafb,
58,South Florida Bulls,2023,espn,ncaafb,
58,South Florida Bulls,2024,espn,ncaafb,
58,South Florida Bulls,2025,espn,ncaafb,
59,Georgia Tech Yellow Jackets,2001,espn,ncaafb,
59,Georgia Tech Yellow Jackets,2002,espn,ncaafb,
59,Georgia Tech Yellow Jackets,2003,espn,ncaafb,
59,Georgia Tech Yellow Jackets,2004,espn,ncaafb,
59,Georgia Tech Yellow Jackets,2005,espn,ncaafb,
59,Georgia Tech Yellow Jackets,2006,espn,ncaafb,
59,Georgia Tech Yellow Jackets,2007,espn,ncaafb,
59,Georgia Tech Yellow Jackets,2008,espn,ncaafb,
59,Georgia Tech Yellow Jackets,2009,espn,ncaafb,
59,Georgia Tech Yellow Jackets,2010,espn,ncaafb,
59,Georgia Tech Yellow Jackets,2011,espn,ncaafb,
59,Georgia Tech Yellow Jackets,2012,espn,ncaafb,
59,Georgia Tech Yellow Jackets,2013,espn,ncaafb,
59,Georgia Tech Yellow Jackets,2014,espn,ncaafb,
59,Georgia Tech Yellow Jackets,2015,espn,ncaafb,
59,Georgia Tech Yellow Jackets,2016,espn,ncaafb,
59,Georgia Tech Yellow Jackets,2017,espn,ncaafb,
59,Georgia Tech Yellow Jackets,2018,espn,ncaafb,
59,Georgia Tech Yellow Jackets,2019,espn,ncaafb,
59,Georgia Tech Yellow Jackets,2020,espn,ncaafb,
59,Georgia Tech Yellow Jackets,2021,espn,ncaafb,
59,Georgia Tech Yellow Jackets,2022,espn,ncaafb,
59,Georgia Tech Yellow Jackets,2023,espn,ncaafb,
59,Georgia Tech Yellow Jackets,2024,espn,ncaafb,
59,Georgia Tech Yellow Jackets,2025,espn,ncaafb,
60,Morehouse Tigers,2006,espn,ncaafb,
60,Morehouse Tigers,2007,espn,ncaafb,
60,Morehouse Tigers,2008,espn,ncaafb,
60,Morehouse Tigers,2009,espn,ncaafb,
60,Morehouse Tigers,2010,espn,ncaafb,
60,Morehouse Tigers,2011,espn,ncaafb,
60,Morehouse Tigers,2012,espn,ncaafb,
60,Morehouse Tigers,2013,espn,ncaafb,
60,Morehouse Tigers,2014,espn,ncaafb,
60,Morehouse Tigers,2015,espn,ncaafb,
60,Morehouse Tigers,2016,espn,ncaafb,
60,Morehouse Tigers,2017,espn,ncaafb,
60,Morehouse College Maroon Tigers,2018,espn,ncaafb,
60,Morehouse College Maroon Tigers,2019,espn,ncaafb,
60,Morehouse College Maroon Tigers,2020,espn,ncaafb,
60,Morehouse College Maroon Tigers,2021,espn,ncaafb,
60,Morehouse College Maroon Tigers,2022,espn,ncaafb,
60,Morehouse College Maroon Tigers,2023,espn,ncaafb,
60,Morehouse College Maroon Tigers,2024,espn,ncaafb,
60,Morehouse College Maroon Tigers,2025,espn,ncaafb,
61,Georgia Bulldogs,2001,espn,ncaafb,
61,Georgia Bulldogs,2002,espn,ncaafb,
61,Georgia Bulldogs,2003,espn,ncaafb,
61,Georgia Bulldogs,2004,espn,ncaafb,
61,Georgia Bulldogs,2005,espn,ncaafb,
61,Georgia Bulldogs,2006,espn,ncaafb,
61,Georgia Bulldogs,2007,espn,ncaafb,
61,Georgia Bulldogs,2008,espn,ncaafb,
61,Georgia Bulldogs,2009,espn,ncaafb,
61,Georgia Bulldogs,2010,espn,ncaafb,
61,Georgia Bulldogs,2011,espn,ncaafb,
61,Georgia Bulldogs,2012,espn,ncaafb,
61,Georgia Bulldogs,2013,espn,ncaafb,
61,Georgia Bulldogs,2014,espn,ncaafb,
61,Georgia Bulldogs,2015,espn,ncaafb,
61,Georgia Bulldogs,2016,espn,ncaafb,
61,Georgia Bulldogs,2017,espn,ncaafb,
61,Georgia Bulldogs,2018,espn,ncaafb,
61,Georgia Bulldogs,2019,espn,ncaafb,
61,Georgia Bulldogs,2020,espn,ncaafb,
61,Georgia Bulldogs,2021,espn,ncaafb,
61,Georgia Bulldogs,2022,espn,ncaafb,
61,Georgia Bulldogs,2023,espn,ncaafb,
61,Georgia Bulldogs,2024,espn,ncaafb,
61,Georgia Bulldogs,2025,espn,ncaafb,
62,Hawaii Warriors,2001,espn,ncaafb,
62,Hawai'i Rainbow Warriors,2002,espn,ncaafb,
62,Hawai'i Rainbow Warriors,2003,espn,ncaafb,
62,Hawai'i Rainbow Warriors,2004,espn,ncaafb,
62,Hawai'i Rainbow Warriors,2005,espn,ncaafb,
62,Hawai'i Rainbow Warriors,2006,espn,ncaafb,
62,Hawai'i Rainbow Warriors,2007,espn,ncaafb,
62,Hawai'i Rainbow Warriors,2008,espn,ncaafb,
62,Hawai'i Rainbow Warriors,2009,espn,ncaafb,
62,Hawai'i Rainbow Warriors,2010,espn,ncaafb,
62,Hawai'i Rainbow Warriors,2011,espn,ncaafb,
62,Hawai'i Rainbow Warriors,2012,espn,ncaafb,
62,Hawai'i Rainbow Warriors,2013,espn,ncaafb,
62,Hawai'i Rainbow Warriors,2014,espn,ncaafb,
62,Hawai'i Rainbow Warriors,2015,espn,ncaafb,
62,Hawai'i Rainbow Warriors,2016,espn,ncaafb,
62,Hawai'i Rainbow Warriors,2017,espn,ncaafb,
62,Hawai'i Rainbow Warriors,2018,espn,ncaafb,
62,Hawai'i Rainbow Warriors,2019,espn,ncaafb,
62,Hawai'i Rainbow Warriors,2020,espn,ncaafb,
62,Hawai'i Rainbow Warriors,2021,espn,ncaafb,
62,Hawai'i Rainbow Warriors,2022,espn,ncaafb,
62,Hawai'i Rainbow Warriors,2023,espn,ncaafb,
62,Hawai'i Rainbow Warriors,2024,espn,ncaafb,
62,Hawai'i Rainbow Warriors,2025,espn,ncaafb,
63,Buena Vista Beavers,2006,espn,ncaafb,
63,Buena Vista Beavers,2007,espn,ncaafb,
63,Buena Vista Beavers,2008,espn,ncaafb,
63,Buena Vista Beavers,2009,espn,ncaafb,
63,Buena Vista Beavers,2010,espn,ncaafb,
63,Buena Vista Beavers,2011,espn,ncaafb,
63,Buena Vista Beavers,2012,espn,ncaafb,
63,Buena Vista Beavers,2013,espn,ncaafb,
63,Buena Vista Beavers,2014,espn,ncaafb,
63,Buena Vista Beavers,2015,espn,ncaafb,
63,Buena Vista Beavers,2016,espn,ncaafb,
63,Buena Vista Beavers,2017,espn,ncaafb,
63,Buena Vista Beavers,2018,espn,ncaafb,
63,Buena Vista Beavers,2019,espn,ncaafb,
63,Buena Vista Beavers,2021,espn,ncaafb,
63,Buena Vista Beavers,2022,espn,ncaafb,
63,Buena Vista Beavers,2023,espn,ncaafb,
63,Buena Vista Beavers,2024,espn,ncaafb,
63,Buena Vista Beavers,2025,espn,ncaafb,
65,Grinnell Pioneers,2007,espn,ncaafb,
65,Grinnell Pioneers,2008,espn,ncaafb,
65,Grinnell Pioneers,2009,espn,ncaafb,
65,Grinnell Pioneers,2010,espn,ncaafb,
65,Grinnell Pioneers,2011,espn,ncaafb,
65,Grinnell Pioneers,2012,espn,ncaafb,
65,Grinnell Pioneers,2013,espn,ncaafb,
65,Grinnell Pioneers,2014,espn,ncaafb,
65,Grinnell Pioneers,2015,espn,ncaafb,
65,Grinnell Pioneers,2016,espn,ncaafb,
65,Grinnell Pioneers,2017,espn,ncaafb,
65,Grinnell Pioneers,2018,espn,ncaafb,
65,Grinnell Pioneers,2019,espn,ncaafb,
65,Grinnell Pioneers,2020,espn,ncaafb,
65,Grinnell Pioneers,2021,espn,ncaafb,
65,Grinnell Pioneers,2022,espn,ncaafb,
65,Grinnell Pioneers,2023,espn,ncaafb,
65,Grinnell Pioneers,2024,espn,ncaafb,
65,Grinnell Pioneers,2025,espn,ncaafb,
66,Iowa State Cyclones,2001,espn,ncaafb,
66,Iowa State Cyclones,2002,espn,ncaafb,
66,Iowa State Cyclones,2003,espn,ncaafb,
66,Iowa State Cyclones,2004,espn,ncaafb,
66,Iowa State Cyclones,2005,espn,ncaafb,
66,Iowa State Cyclones,2006,espn,ncaafb,
66,Iowa State Cyclones,2007,espn,ncaafb,
66,Iowa State Cyclones,2008,espn,ncaafb,
66,Iowa State Cyclones,2009,espn,ncaafb,
66,Iowa State Cyclones,2010,espn,ncaafb,
66,Iowa State Cyclones,2011,espn,ncaafb,
66,Iowa State Cyclones,2012,espn,ncaafb,
66,Iowa State Cyclones,2013,espn,ncaafb,
66,Iowa State Cyclones,2014,espn,ncaafb,
66,Iowa State Cyclones,2015,espn,ncaafb,
66,Iowa State Cyclones,2016,espn,ncaafb,
66,Iowa State Cyclones,2017,espn,ncaafb,
66,Iowa State Cyclones,2018,espn,ncaafb,
66,Iowa State Cyclones,2019,espn,ncaafb,
66,Iowa State Cyclones,2020,espn,ncaafb,
66,Iowa State Cyclones,2021,espn,ncaafb,
66,Iowa State Cyclones,2022,espn,ncaafb,
66,Iowa State Cyclones,2023,espn,ncaafb,
66,Iowa State Cyclones,2024,espn,ncaafb,
66,Iowa State Cyclones,2025,espn,ncaafb,
67,Luther Norse,2007,espn,ncaafb,
67,Luther Norse,2008,espn,ncaafb,
67,Luther Norse,2009,espn,ncaafb,
67,Luther Norse,2010,espn,ncaafb,
67,Luther Norse,2011,espn,ncaafb,
67,Luther Norse,2012,espn,ncaafb,
67,Luther Norse,2013,espn,ncaafb,
67,Luther Norse,2014,espn,ncaafb,
67,Luther Norse,2015,espn,ncaafb,
67,Luther Norse,2016,espn,ncaafb,
67,Luther Norse,2017,espn,ncaafb,
67,Luther Norse,2018,espn,ncaafb,
67,Luther Norse,2019,espn,ncaafb,
67,Luther Norse,2021,espn,ncaafb,
67,Luther Norse,2022,espn,ncaafb,
67,Luther Norse,2023,espn,ncaafb,
67,Luther Norse,2024,espn,ncaafb,
67,Luther Norse,2025,espn,ncaafb,
68,Boise State Broncos,2001,espn,ncaafb,
68,Boise State Broncos,2002,espn,ncaafb,
68,Boise State Broncos,2003,espn,ncaafb,
68,Boise State Broncos,2004,espn,ncaafb,
68,Boise State Broncos,2005,espn,ncaafb,
68,Boise State Broncos,2006,espn,ncaafb,
68,Boise State Broncos,2007,espn,ncaafb,
68,Boise State Broncos,2008,espn,ncaafb,
68,Boise State Broncos,2009,espn,ncaafb,
68,Boise State Broncos,2010,espn,ncaafb,
68,Boise State Broncos,2011,espn,ncaafb,
68,Boise State Broncos,2012,espn,ncaafb,
68,Boise State Broncos,2013,espn,ncaafb,
68,Boise State Broncos,2014,espn,ncaafb,
68,Boise State Broncos,2015,espn,ncaafb,
68,Boise State Broncos,2016,espn,ncaafb,
68,Boise State Broncos,2017,espn,ncaafb,
68,Boise State Broncos,2018,espn,ncaafb,
68,Boise State Broncos,2019,espn,ncaafb,
68,Boise State Broncos,2020,espn,ncaafb,
68,Boise State Broncos,2021,espn,ncaafb,
68,Boise State Broncos,2022,espn,ncaafb,
68,Boise State Broncos,2023,espn,ncaafb,
68,Boise State Broncos,2024,espn,ncaafb,
68,Boise State Broncos,2025,espn,ncaafb,
70,Idaho Vandals,2001,espn,ncaafb,
70,Idaho Vandals,2002,espn,ncaafb,
70,Idaho Vandals,2003,espn,ncaafb,
70,Idaho Vandals,2004,espn,ncaafb,
70,Idaho Vandals,2005,espn,ncaafb,
70,Idaho Vandals,2006,espn,ncaafb,
70,Idaho Vandals,2007,espn,ncaafb,
70,Idaho Vandals,2008,espn,ncaafb,
70,Idaho Vandals,2009,espn,ncaafb,
70,Idaho Vandals,2010,espn,ncaafb,
70,Idaho Vandals,2011,espn,ncaafb,
70,Idaho Vandals,2012,espn,ncaafb,
70,Idaho Vandals,2013,espn,ncaafb,
70,Idaho Vandals,2014,espn,ncaafb,
70,Idaho Vandals,2015,espn,ncaafb,
70,Idaho Vandals,2016,espn,ncaafb,
70,Idaho Vandals,2017,espn,ncaafb,
70,Idaho Vandals,2018,espn,ncaafb,
70,Idaho Vandals,2019,espn,ncaafb,
70,Idaho Vandals,2021,espn,ncaafb,
70,Idaho Vandals,2022,espn,ncaafb,
70,Idaho Vandals,2023,espn,ncaafb,
70,Idaho Vandals,2024,espn,ncaafb,
70,Idaho Vandals,2025,espn,ncaafb,
72,Elmhurst Blue Jays,2007,espn,ncaafb,
72,Elmhurst Blue Jays,2008,espn,ncaafb,
72,Elmhurst Blue Jays,2009,espn,ncaafb,
72,Elmhurst Blue Jays,2010,espn,ncaafb,
72,Elmhurst Blue Jays,2011,espn,ncaafb,
72,Elmhurst Blue Jays,2012,espn,ncaafb,
72,Elmhurst Blue Jays,2013,espn,ncaafb,
72,Elmhurst Blue Jays,2014,espn,ncaafb,
72,Elmhurst Blue Jays,2015,espn,ncaafb,
72,Elmhurst Blue Jays,2016,espn,ncaafb,
72,Elmhurst Blue Jays,2017,espn,ncaafb,
72,Elmhurst Blue Jays,2018,espn,ncaafb,
72,Elmhurst Bluejays,2019,espn,ncaafb,
72,Elmhurst Bluejays,2020,espn,ncaafb,
72,Elmhurst Bluejays,2021,espn,ncaafb,
72,Elmhurst Bluejays,2022,espn,ncaafb,
72,Elmhurst Bluejays,2023,espn,ncaafb,
72,Elmhurst Bluejays,2024,espn,ncaafb,
72,Elmhurst Bluejays,2025,espn,ncaafb,
74,Millikin Big Blue,2007,espn,ncaafb,
74,Millikin Big Blue,2008,espn,ncaafb,
74,Millikin Big Blue,2009,espn,ncaafb,
74,Millikin Big Blue,2010,espn,ncaafb,
74,Millikin Big Blue,2011,espn,ncaafb,
74,Millikin Big Blue,2012,espn,ncaafb,
74,Millikin Big Blue,2013,espn,ncaafb,
74,Millikin Big Blue,2014,espn,ncaafb,
74,Millikin Big Blue,2015,espn,ncaafb,
74,Millikin Big Blue,2016,espn,ncaafb,
74,Millikin Big Blue,2017,espn,ncaafb,
74,Millikin Big Blue,2018,espn,ncaafb,
74,Millikin Big Blue,2019,espn,ncaafb,
74,Millikin Big Blue,2020,espn,ncaafb,
74,Millikin Big Blue,2021,espn,ncaafb,
74,Millikin Big Blue,2022,espn,ncaafb,
74,Millikin Big Blue,2023,espn,ncaafb,
74,Millikin Big Blue,2024,espn,ncaafb,
74,Millikin Big Blue,2025,espn,ncaafb,
75,North Park Vikings,2007,espn,ncaafb,
75,North Park Vikings,2008,espn,ncaafb,
75,North Park Vikings,2009,espn,ncaafb,
75,North Park Vikings,2010,espn,ncaafb,
75,North Park Vikings,2011,espn,ncaafb,
75,North Park Vikings,2012,espn,ncaafb,
75,North Park Vikings,2013,espn,ncaafb,
75,North Park Vikings,2014,espn,ncaafb,
75,North Park Vikings,2015,espn,ncaafb,
75,North Park Vikings,2016,espn,ncaafb,
75,North Park Vikings,2017,espn,ncaafb,
75,North Park Vikings,2018,espn,ncaafb,
75,North Park Vikings,2019,espn,ncaafb,
75,North Park Vikings,2020,espn,ncaafb,
75,North Park Vikings,2021,espn,ncaafb,
75,North Park Vikings,2022,espn,ncaafb,
75,North Park Vikings,2023,espn,ncaafb,
75,North Park Vikings,2024,espn,ncaafb,
75,North Park Vikings,2025,espn,ncaafb,
77,Northwestern Wildcats,2001,espn,ncaafb,
77,Northwestern Wildcats,2002,espn,ncaafb,
77,Northwestern Wildcats,2003,espn,ncaafb,
77,Northwestern Wildcats,2004,espn,ncaafb,
77,Northwestern Wildcats,2005,espn,ncaafb,
77,Northwestern Wildcats,2006,espn,ncaafb,
77,Northwestern Wildcats,2007,espn,ncaafb,
77,Northwestern Wildcats,2008,espn,ncaafb,
77,Northwestern Wildcats,2009,espn,ncaafb,
77,Northwestern Wildcats,2010,espn,ncaafb,
77,Northwestern Wildcats,2011,espn,ncaafb,
77,Northwestern Wildcats,2012,espn,ncaafb,
77,Northwestern Wildcats,2013,espn,ncaafb,
77,Northwestern Wildcats,2014,espn,ncaafb,
77,Northwestern Wildcats,2015,espn,ncaafb,
77,Northwestern Wildcats,2016,espn,ncaafb,
77,Northwestern Wildcats,2017,espn,ncaafb,
77,Northwestern Wildcats,2018,espn,ncaafb,
77,Northwestern Wildcats,2019,espn,ncaafb,
77,Northwestern Wildcats,2020,espn,ncaafb,
77,Northwestern Wildcats,2021,espn,ncaafb,
77,Northwestern Wildcats,2022,espn,ncaafb,
77,Northwestern Wildcats,2023,espn,ncaafb,
77,Northwestern Wildcats,2024,espn,ncaafb,
77,Northwestern Wildcats,2025,espn,ncaafb,
79,Southern Illinois Salukis,2001,espn,ncaafb,
79,Southern Illinois Salukis,2002,espn,ncaafb,
79,Southern Illinois Salukis,2003,espn,ncaafb,
79,Southern Illinois Salukis,2004,espn,ncaafb,
79,Southern Illinois Salukis,2005,espn,ncaafb,
79,Southern Illinois Salukis,2006,espn,ncaafb,
79,Southern Illinois Salukis,2007,espn,ncaafb,
79,Southern Illinois Salukis,2008,espn,ncaafb,
79,Southern Illinois Salukis,2009,espn,ncaafb,
79,Southern Illinois Salukis,2010,espn,ncaafb,
79,Southern Illinois Salukis,2011,espn,ncaafb,
79,Southern Illinois Salukis,2012,espn,ncaafb,
79,Southern Illinois Salukis,2013,espn,ncaafb,
79,Southern Illinois Salukis,2014,espn,ncaafb,
79,Southern Illinois Salukis,2015,espn,ncaafb,
79,Southern Illinois Salukis,2016,espn,ncaafb,
79,Southern Illinois Salukis,2017,espn,ncaafb,
79,Southern Illinois Salukis,2018,espn,ncaafb,
79,Southern Illinois Salukis,2019,espn,ncaafb,
79,Southern Illinois Salukis,2020,espn,ncaafb,
79,Southern Illinois Salukis,2021,espn,ncaafb,
79,Southern Illinois Salukis,2022,espn,ncaafb,
79,Southern Illinois Salukis,2023,espn,ncaafb,
79,Southern Illinois Salukis,2024,espn,ncaafb,
79,Southern Illinois Salukis,2025,espn,ncaafb,
80,Chicago Maroons,2007,espn,ncaafb,
80,Chicago Maroons,2008,espn,ncaafb,
80,Chicago Maroons,2009,espn,ncaafb,
80,Chicago Maroons,2010,espn,ncaafb,
80,Chicago Maroons,2011,espn,ncaafb,
80,Chicago Maroons,2012,espn,ncaafb,
80,Chicago Maroons,2013,espn,ncaafb,
80,Chicago Maroons,2014,espn,ncaafb,
80,Chicago Maroons,2015,espn,ncaafb,
80,Chicago Maroons,2016,espn,ncaafb,
80,Chicago Maroons,2017,espn,ncaafb,
80,Chicago Maroons,2018,espn,ncaafb,
80,Chicago Maroons,2019,espn,ncaafb,
80,Chicago Maroons,2020,espn,ncaafb,
80,Chicago Maroons,2021,espn,ncaafb,
80,Chicago Maroons,2022,espn,ncaafb,
80,Chicago Maroons,2023,espn,ncaafb,
80,Chicago Maroons,2024,espn,ncaafb,
80,Chicago Maroons,2025,espn,ncaafb,
81,Springfield Pride,2007,espn,ncaafb,
81,Springfield Pride,2008,espn,ncaafb,
81,Springfield Pride,2009,espn,ncaafb,
81,Springfield Pride,2010,espn,ncaafb,
81,Springfield Pride,2011,espn,ncaafb,
81,Springfield Pride,2012,espn,ncaafb,
81,Springfield Pride,2013,espn,ncaafb,
81,Springfield Pride,2014,espn,ncaafb,
81,Springfield Pride,2015,espn,ncaafb,
81,Springfield Pride,2016,espn,ncaafb,
81,Springfield Pride,2017,espn,ncaafb,
81,Springfield College Pride,2018,espn,ncaafb,
81,Springfield College Pride,2019,espn,ncaafb,
81,Springfield College Pride,2020,espn,ncaafb,
81,Springfield College Pride,2021,espn,ncaafb,
81,Springfield College Pride,2022,espn,ncaafb,
81,Springfield Pride,2023,espn,ncaafb,
81,Springfield Pride,2024,espn,ncaafb,
81,Springfield Pride,2025,espn,ncaafb,
83,DePauw Tigers,2007,espn,ncaafb,
83,DePauw Tigers,2008,espn,ncaafb,
83,DePauw Tigers,2009,espn,ncaafb,
83,DePauw Tigers,2010,espn,ncaafb,
83,DePauw Tigers,2011,espn,ncaafb,
83,DePauw Tigers,2012,espn,ncaafb,
83,DePauw Tigers,2013,espn,ncaafb,
83,DePauw Tigers,2014,espn,ncaafb,
83,DePauw Tigers,2015,espn,ncaafb,
83,DePauw Tigers,2016,espn,ncaafb,
83,DePauw Tigers,2017,espn,ncaafb,
83,DePauw Tigers,2018,espn,ncaafb,
83,DePauw Tigers,2019,espn,ncaafb,
83,DePauw Tigers,2021,espn,ncaafb,
83,DePauw Tigers,2022,espn,ncaafb,
83,DePauw Tigers,2023,espn,ncaafb,
83,DePauw Tigers,2024,espn,ncaafb,
83,DePauw Tigers,2025,espn,ncaafb,
84,Indiana Hoosiers,2001,espn,ncaafb,
84,Indiana Hoosiers,2002,espn,ncaafb,
84,Indiana Hoosiers,2003,espn,ncaafb,
84,Indiana Hoosiers,2004,espn,ncaafb,
84,Indiana Hoosiers,2005,espn,ncaafb,
84,Indiana Hoosiers,2006,espn,ncaafb,
84,Indiana Hoosiers,2007,espn,ncaafb,
84,Indiana Hoosiers,2008,espn,ncaafb,
84,Indiana Hoosiers,2009,espn,ncaafb,
84,Indiana Hoosiers,2010,espn,ncaafb,
84,Indiana Hoosiers,2011,espn,ncaafb,
84,Indiana Hoosiers,2012,espn,ncaafb,
84,Indiana Hoosiers,2013,espn,ncaafb,
84,Indiana Hoosiers,2014,espn,ncaafb,
84,Indiana Hoosiers,2015,espn,ncaafb,
84,Indiana Hoosiers,2016,espn,ncaafb,
84,Indiana Hoosiers,2017,espn,ncaafb,
84,Indiana Hoosiers,2018,espn,ncaafb,
84,Indiana Hoosiers,2019,espn,ncaafb,
84,Indiana Hoosiers,2020,espn,ncaafb,
84,Indiana Hoosiers,2021,espn,ncaafb,
84,Indiana Hoosiers,2022,espn,ncaafb,
84,Indiana Hoosiers,2023,espn,ncaafb,
84,Indiana Hoosiers,2024,espn,ncaafb,
84,Indiana Hoosiers,2025,espn,ncaafb,
86,Rose-Hulman Engineers,2007,espn,ncaafb,
86,Rose-Hulman Engineers,2008,espn,ncaafb,
86,Rose-Hulman Engineers,2009,espn,ncaafb,
86,Rose-Hulman Engineers,2010,espn,ncaafb,
86,Rose-Hulman Engineers,2011,espn,ncaafb,
86,Rose-Hulman Engineers,2012,espn,ncaafb,
86,Rose-Hulman Engineers,2013,espn,ncaafb,
86,Rose-Hulman Engineers,2014,espn,ncaafb,
86,Rose-Hulman Engineers,2015,espn,ncaafb,
86,Rose-Hulman Engineers,2016,espn,ncaafb,
86,Rose-Hulman Engineers,2017,espn,ncaafb,
86,Rose-Hulman Engineers,2018,espn,ncaafb,
86,Rose-Hulman Fightin' Engineers,2019,espn,ncaafb,
86,Rose-Hulman Fightin' Engineers,2021,espn,ncaafb,
86,Rose-Hulman Fightin' Engineers,2022,espn,ncaafb,
86,Rose-Hulman Fightin' Engineers,2023,espn,ncaafb,
86,Rose-Hulman Fightin' Engineers,2024,espn,ncaafb,
86,Rose-Hulman Fightin' Engineers,2025,espn,ncaafb,
87,Notre Dame Fighting Irish,2001,espn,ncaafb,
87,Notre Dame Fighting Irish,2002,espn,ncaafb,
87,Notre Dame Fighting Irish,2003,espn,ncaafb,
87,Notre Dame Fighting Irish,2004,espn,ncaafb,
87,Notre Dame Fighting Irish,2005,espn,ncaafb,
87,Notre Dame Fighting Irish,2006,espn,ncaafb,
87,Notre Dame Fighting Irish,2007,espn,ncaafb,
87,Notre Dame Fighting Irish,2008,espn,ncaafb,
87,Notre Dame Fighting Irish,2009,espn,ncaafb,
87,Notre Dame Fighting Irish,2010,espn,ncaafb,
87,Notre Dame Fighting Irish,2011,espn,ncaafb,
87,Notre Dame Fighting Irish,2012,espn,ncaafb,
87,Notre Dame Fighting Irish,2013,espn,ncaafb,
87,Notre Dame Fighting Irish,2014,espn,ncaafb,
87,Notre Dame Fighting Irish,2015,espn,ncaafb,
87,Notre Dame Fighting Irish,2016,espn,ncaafb,
87,Notre Dame Fighting Irish,2017,espn,ncaafb,
87,Notre Dame Fighting Irish,2018,espn,ncaafb,
87,Notre Dame Fighting Irish,2019,espn,ncaafb,
87,Notre Dame Fighting Irish,2020,espn,ncaafb,
87,Notre Dame Fighting Irish,2021,espn,ncaafb,
87,Notre Dame Fighting Irish,2022,espn,ncaafb,
87,Notre Dame Fighting Irish,2023,espn,ncaafb,
87,Notre Dame Fighting Irish,2024,espn,ncaafb,
87,Notre Dame Fighting Irish,2025,espn,ncaafb,
89,Wabash College Little Giants,2007,espn,ncaafb,
89,Wabash College Little Giants,2008,espn,ncaafb,
89,Wabash College Little Giants,2009,espn,ncaafb,
89,Wabash College Little Giants,2010,espn,ncaafb,
89,Wabash College Little Giants,2011,espn,ncaafb,
89,Wabash College Little Giants,2012,espn,ncaafb,
89,Wabash College Little Giants,2013,espn,ncaafb,
89,Wabash College Little Giants,2014,espn,ncaafb,
89,Wabash College Little Giants,2015,espn,ncaafb,
89,Wabash College Little Giants,2016,espn,ncaafb,
89,Wabash College Little Giants,2017,espn,ncaafb,
89,Wabash College Little Giants,2018,espn,ncaafb,
89,Wabash College Little Giants,2019,espn,ncaafb,
89,Wabash College Little Giants,2021,espn,ncaafb,
89,Wabash College Little Giants,2022,espn,ncaafb,
89,Wabash College Little Giants,2023,espn,ncaafb,
89,Wabash College Little Giants,2024,espn,ncaafb,
89,Wabash College Little Giants,2025,espn,ncaafb,
90,Pittsburg State Gorillas,2007,espn,ncaafb,
90,Pittsburg State Gorillas,2008,espn,ncaafb,
90,Pittsburg State Gorillas,2009,espn,ncaafb,
90,Pittsburg State Gorillas,2010,espn,ncaafb,
90,Pittsburg State Gorillas,2011,espn,ncaafb,
90,Pittsburg State Gorillas,2012,espn,ncaafb,
90,Pittsburg State Gorillas,2013,espn,ncaafb,
90,Pittsburg State Gorillas,2014,espn,ncaafb,
90,Pittsburg State Gorillas,2015,espn,ncaafb,
90,Pittsburg State Gorillas,2016,espn,ncaafb,
90,Pittsburg State Gorillas,2017,espn,ncaafb,
90,Pittsburg State Gorillas,2018,espn,ncaafb,
90,Pittsburg State Gorillas,2019,espn,ncaafb,
90,Pittsburg State Gorillas,2020,espn,ncaafb,
90,Pittsburg State Gorillas,2021,espn,ncaafb,
90,Pittsburg State Gorillas,2022,espn,ncaafb,
90,Pittsburg State Gorillas,2023,espn,ncaafb,
90,Pittsburg State Gorillas,2024,espn,ncaafb,
90,Pittsburg State Gorillas,2025,espn,ncaafb,
93,Murray State Racers,2001,espn,ncaafb,
93,Murray State Racers,2002,espn,ncaafb,
93,Murray State Racers,2003,espn,ncaafb,
93,Murray State Racers,2004,espn,ncaafb,
93,Murray State Racers,2005,espn,ncaafb,
93,Murray State Racers,2006,espn,ncaafb,
93,Murray State Racers,2007,espn,ncaafb,
93,Murray State Racers,2008,espn,ncaafb,
93,Murray State Racers,2009,espn,ncaafb,
93,Murray State Racers,2010,espn,ncaafb,
93,Murray State Racers,2011,espn,ncaafb,
93,Murray State Racers,2012,espn,ncaafb,
93,Murray State Racers,2013,espn,ncaafb,
93,Murray State Racers,2014,espn,ncaafb,
93,Murray State Racers,2015,espn,ncaafb,
93,Murray State Racers,2016,espn,ncaafb,
93,Murray State Racers,2017,espn,ncaafb,
93,Murray State Racers,2018,espn,ncaafb,
93,Murray State Racers,2019,espn,ncaafb,
93,Murray State Racers,2021,espn,ncaafb,
93,Murray State Racers,2022,espn,ncaafb,
93,Murray State Racers,2023,espn,ncaafb,
93,Murray State Racers,2024,espn,ncaafb,
93,Murray State Racers,2025,espn,ncaafb,
95,Pikeville Bears,2007,espn,ncaafb,
95,Pikeville Bears,2008,espn,ncaafb,
95,Pikeville Bears,2009,espn,ncaafb,
95,Pikeville Bears,2010,espn,ncaafb,
95,Pikeville Bears,2011,espn,ncaafb,
95,Pikeville Bears,2013,espn,ncaafb,
95,Pikeville Bears,2014,espn,ncaafb,
95,Pikeville Bears,2015,espn,ncaafb,
95,Pikeville Bears,2016,espn,ncaafb,
95,Pikeville Bears,2017,espn,ncaafb,
95,Pikeville Bears,2018,espn,ncaafb,
95,Pikeville Bears,2019,espn,ncaafb,
95,Pikeville Bears,2025,espn,ncaafb,
96,Kentucky Wildcats,2001,espn,ncaafb,
96,Kentucky Wildcats,2002,espn,ncaafb,
96,Kentucky Wildcats,2003,espn,ncaafb,
96,Kentucky Wildcats,2004,espn,ncaafb,
96,Kentucky Wildcats,2005,espn,ncaafb,
96,Kentucky Wildcats,2006,espn,ncaafb,
96,Kentucky Wildcats,2007,espn,ncaafb,
96,Kentucky Wildcats,2008,espn,ncaafb,
96,Kentucky Wildcats,2009,espn,ncaafb,
96,Kentucky Wildcats,2010,espn,ncaafb,
96,Kentucky Wildcats,2011,espn,ncaafb,
96,Kentucky Wildcats,2012,espn,ncaafb,
96,Kentucky Wildcats,2013,espn,ncaafb,
96,Kentucky Wildcats,2014,espn,ncaafb,
96,Kentucky Wildcats,2015,espn,ncaafb,
96,Kentucky Wildcats,2016,espn,ncaafb,
96,Kentucky Wildcats,2017,espn,ncaafb,
96,Kentucky Wildcats,2018,espn,ncaafb,
96,Kentucky Wildcats,2019,espn,ncaafb,
96,Kentucky Wildcats,2020,espn,ncaafb,
96,Kentucky Wildcats,2021,espn,ncaafb,
96,Kentucky Wildcats,2022,espn,ncaafb,
96,Kentucky Wildcats,2023,espn,ncaafb,
96,Kentucky Wildcats,2024,espn,ncaafb,
96,Kentucky Wildcats,2025,espn,ncaafb,
97,Louisville Cardinals,2001,espn,ncaafb,
97,Louisville Cardinals,2002,espn,ncaafb,
97,Louisville Cardinals,2003,espn,ncaafb,
97,Louisville Cardinals,2004,espn,ncaafb,
97,Louisville Cardinals,2005,espn,ncaafb,
97,Louisville Cardinals,2006,espn,ncaafb,
97,Louisville Cardinals,2007,espn,ncaafb,
97,Louisville Cardinals,2008,espn,ncaafb,
97,Louisville Cardinals,2009,espn,ncaafb,
97,Louisville Cardinals,2010,espn,ncaafb,
97,Louisville Cardinals,2011,espn,ncaafb,
97,Louisville Cardinals,2012,espn,ncaafb,
97,Louisville Cardinals,2013,espn,ncaafb,
97,Louisville Cardinals,2014,espn,ncaafb,
97,Louisville Cardinals,2015,espn,ncaafb,
97,Louisville Cardinals,2016,espn,ncaafb,
97,Louisville Cardinals,2017,espn,ncaafb,
97,Louisville Cardinals,2018,espn,ncaafb,
97,Louisville Cardinals,2019,espn,ncaafb,
97,Louisville Cardinals,2020,espn,ncaafb,
97,Louisville Cardinals,2021,espn,ncaafb,
97,Louisville Cardinals,2022,espn,ncaafb,
97,Louisville Cardinals,2023,espn,ncaafb,
97,Louisville Cardinals,2024,espn,ncaafb,
97,Louisville Cardinals,2025,espn,ncaafb,
98,Western Kentucky Hilltoppers,2001,espn,ncaafb,
98,Western Kentucky Hilltoppers,2002,espn,ncaafb,
98,Western Kentucky Hilltoppers,2003,espn,ncaafb,
98,Western Kentucky Hilltoppers,2004,espn,ncaafb,
98,Western Kentucky Hilltoppers,2005,espn,ncaafb,
98,Western Kentucky Hilltoppers,2006,espn,ncaafb,
98,Western Kentucky Hilltoppers,2007,espn,ncaafb,
98,Western Kentucky Hilltoppers,2008,espn,ncaafb,
98,Western Kentucky Hilltoppers,2009,espn,ncaafb,
98,Western Kentucky Hilltoppers,2010,espn,ncaafb,
98,Western Kentucky Hilltoppers,2011,espn,ncaafb,
98,Western Kentucky Hilltoppers,2012,espn,ncaafb,
98,Western Kentucky Hilltoppers,2013,espn,ncaafb,
98,Western Kentucky Hilltoppers,2014,espn,ncaafb,
98,Western Kentucky Hilltoppers,2015,espn,ncaafb,
98,Western Kentucky Hilltoppers,2016,espn,ncaafb,
98,Western Kentucky Hilltoppers,2017,espn,ncaafb,
98,Western Kentucky Hilltoppers,2018,espn,ncaafb,
98,Western Kentucky Hilltoppers,2019,espn,ncaafb,
98,Western Kentucky Hilltoppers,2020,espn,ncaafb,
98,Western Kentucky Hilltoppers,2021,espn,ncaafb,
98,Western Kentucky Hilltoppers,2022,espn,ncaafb,
98,Western Kentucky Hilltoppers,2023,espn,ncaafb,
98,Western Kentucky Hilltoppers,2024,espn,ncaafb,
98,Western Kentucky Hilltoppers,2025,espn,ncaafb,
99,LSU Tigers,2001,espn,ncaafb,
99,LSU Tigers,2002,espn,ncaafb,
99,LSU Tigers,2003,espn,ncaafb,
99,LSU Tigers,2004,espn,ncaafb,
99,LSU Tigers,2005,espn,ncaafb,
99,LSU Tigers,2006,espn,ncaafb,
99,LSU Tigers,2007,espn,ncaafb,
99,LSU Tigers,2008,espn,ncaafb,
99,LSU Tigers,2009,espn,ncaafb,
99,LSU Tigers,2010,espn,ncaafb,
99,LSU Tigers,2011,espn,ncaafb,
99,LSU Tigers,2012,espn,ncaafb,
99,LSU Tigers,2013,espn,ncaafb,
99,LSU Tigers,2014,espn,ncaafb,
99,LSU Tigers,2015,espn,ncaafb,
99,LSU Tigers,2016,espn,ncaafb,
99,LSU Tigers,2017,espn,ncaafb,
99,LSU Tigers,2018,espn,ncaafb,
99,LSU Tigers,2019,espn,ncaafb,
99,LSU Tigers,2020,espn,ncaafb,
99,LSU Tigers,2021,espn,ncaafb,
99,LSU Tigers,2022,espn,ncaafb,
99,LSU Tigers,2023,espn,ncaafb,
99,LSU Tigers,2024,espn,ncaafb,
99,LSU Tigers,2025,espn,ncaafb,
101,Eureka College Red Devils,2007,espn,ncaafb,
101,Eureka College Red Devils,2008,espn,ncaafb,
101,Eureka College Red Devils,2009,espn,ncaafb,
101,Eureka College Red Devils,2010,espn,ncaafb,
101,Eureka College Red Devils,2011,espn,ncaafb,
101,Eureka College Red Devils,2012,espn,ncaafb,
101,Eureka College Red Devils,2013,espn,ncaafb,
101,Eureka College Red Devils,2014,espn,ncaafb,
101,Eureka College Red Devils,2015,espn,ncaafb,
101,Eureka College Red Devils,2016,espn,ncaafb,
101,Eureka College Red Devils,2017,espn,ncaafb,
101,Eureka College Red Devils,2018,espn,ncaafb,
101,Eureka College Red Devils,2019,espn,ncaafb,
101,Eureka College Red Devils,2020,espn,ncaafb,
101,Eureka College Red Devils,2021,espn,ncaafb,
101,Eureka College Red Devils,2022,espn,ncaafb,
101,Eureka College Red Devils,2023,espn,ncaafb,
101,Eureka College Red Devils,2024,espn,ncaafb,
101,Eureka College Red Devils,2025,espn,ncaafb,
103,Boston College Eagles,2001,espn,ncaafb,
103,Boston College Eagles,2002,espn,ncaafb,
103,Boston College Eagles,2003,espn,ncaafb,
103,Boston College Eagles,2004,espn,ncaafb,
103,Boston College Eagles,2005,espn,ncaafb,
103,Boston College Eagles,2006,espn,ncaafb,
103,Boston College Eagles,2007,espn,ncaafb,
103,Boston College Eagles,2008,espn,ncaafb,
103,Boston College Eagles,2009,espn,ncaafb,
103,Boston College Eagles,2010,espn,ncaafb,
103,Boston College Eagles,2011,espn,ncaafb,
103,Boston College Eagles,2012,espn,ncaafb,
103,Boston College Eagles,2013,espn,ncaafb,
103,Boston College Eagles,2014,espn,ncaafb,
103,Boston College Eagles,2015,espn,ncaafb,
103,Boston College Eagles,2016,espn,ncaafb,
103,Boston College Eagles,2017,espn,ncaafb,
103,Boston College Eagles,2018,espn,ncaafb,
103,Boston College Eagles,2019,espn,ncaafb,
103,Boston College Eagles,2020,espn,ncaafb,
103,Boston College Eagles,2021,espn,ncaafb,
103,Boston College Eagles,2022,espn,ncaafb,
103,Boston College Eagles,2023,espn,ncaafb,
103,Boston College Eagles,2024,espn,ncaafb,
103,Boston College Eagles,2025,espn,ncaafb,
107,Holy Cross Crusaders,2001,espn,ncaafb,
107,Holy Cross Crusaders,2002,espn,ncaafb,
107,Holy Cross Crusaders,2003,espn,ncaafb,
107,Holy Cross Crusaders,2004,espn,ncaafb,
107,Holy Cross Crusaders,2005,espn,ncaafb,
107,Holy Cross Crusaders,2006,espn,ncaafb,
107,Holy Cross Crusaders,2007,espn,ncaafb,
107,Holy Cross Crusaders,2008,espn,ncaafb,
107,Holy Cross Crusaders,2009,espn,ncaafb,
107,Holy Cross Crusaders,2010,espn,ncaafb,
107,Holy Cross Crusaders,2011,espn,ncaafb,
107,Holy Cross Crusaders,2012,espn,ncaafb,
107,Holy Cross Crusaders,2013,espn,ncaafb,
107,Holy Cross Crusaders,2014,espn,ncaafb,
107,Holy Cross Crusaders,2015,espn,ncaafb,
107,Holy Cross Crusaders,2016,espn,ncaafb,
107,Holy Cross Crusaders,2017,espn,ncaafb,
107,Holy Cross Crusaders,2018,espn,ncaafb,
107,Holy Cross Crusaders,2019,espn,ncaafb,
107,Holy Cross Crusaders,2020,espn,ncaafb,
107,Holy Cross Crusaders,2021,espn,ncaafb,
107,Holy Cross Crusaders,2022,espn,ncaafb,
107,Holy Cross Crusaders,2023,espn,ncaafb,
107,Holy Cross Crusaders,2024,espn,ncaafb,
107,Holy Cross Crusaders,2025,espn,ncaafb,
108,Harvard Crimson,2001,espn,ncaafb,
108,Harvard Crimson,2002,espn,ncaafb,
108,Harvard Crimson,2003,espn,ncaafb,
108,Harvard Crimson,2004,espn,ncaafb,
108,Harvard Crimson,2005,espn,ncaafb,
108,Harvard Crimson,2006,espn,ncaafb,
108,Harvard Crimson,2007,espn,ncaafb,
108,Harvard Crimson,2008,espn,ncaafb,
108,Harvard Crimson,2009,espn,ncaafb,
108,Harvard Crimson,2010,espn,ncaafb,
108,Harvard Crimson,2011,espn,ncaafb,
108,Harvard Crimson,2012,espn,ncaafb,
108,Harvard Crimson,2013,espn,ncaafb,
108,Harvard Crimson,2014,espn,ncaafb,
108,Harvard Crimson,2015,espn,ncaafb,
108,Harvard Crimson,2016,espn,ncaafb,
108,Harvard Crimson,2017,espn,ncaafb,
108,Harvard Crimson,2018,espn,ncaafb,
108,Harvard Crimson,2019,espn,ncaafb,
108,Harvard Crimson,2020,espn,ncaafb,
108,Harvard Crimson,2021,espn,ncaafb,
108,Harvard Crimson,2022,espn,ncaafb,
108,Harvard Crimson,2023,espn,ncaafb,
108,Harvard Crimson,2024,espn,ncaafb,
108,Harvard Crimson,2025,espn,ncaafb,
109,MIT Engineers,2007,espn,ncaafb,
109,MIT Engineers,2008,espn,ncaafb,
109,MIT Engineers,2009,espn,ncaafb,
109,MIT Engineers,2010,espn,ncaafb,
109,MIT Engineers,2011,espn,ncaafb,
109,MIT Engineers,2012,espn,ncaafb,
109,MIT Engineers,2013,espn,ncaafb,
109,MIT Engineers,2014,espn,ncaafb,
109,MIT Engineers,2015,espn,ncaafb,
109,MIT Engineers,2016,espn,ncaafb,
109,MIT Engineers,2017,espn,ncaafb,
109,MIT Engineers,2018,espn,ncaafb,
109,MIT Engineers,2019,espn,ncaafb,
109,MIT Engineers,2020,espn,ncaafb,
109,MIT Engineers,2021,espn,ncaafb,
109,MIT Engineers,2022,espn,ncaafb,
109,MIT Engineers,2023,espn,ncaafb,
109,MIT Engineers,2024,espn,ncaafb,
109,MIT Engineers,2025,espn,ncaafb,
110,Mass Maritime Buccaneers,2007,espn,ncaafb,
110,Mass Maritime Buccaneers,2008,espn,ncaafb,
110,Mass Maritime Buccaneers,2009,espn,ncaafb,
110,Mass Maritime Buccaneers,2010,espn,ncaafb,
110,Mass Maritime Buccaneers,2011,espn,ncaafb,
110,Mass Maritime Buccaneers,2012,espn,ncaafb,
110,Mass Maritime Buccaneers,2013,espn,ncaafb,
110,Mass Maritime Buccaneers,2014,espn,ncaafb,
110,Mass Maritime Buccaneers,2015,espn,ncaafb,
110,Mass Maritime Buccaneers,2016,espn,ncaafb,
110,Mass Maritime Buccaneers,2017,espn,ncaafb,
110,Mass Maritime Buccaneers,2018,espn,ncaafb,
110,Mass Maritime Buccaneers,2019,espn,ncaafb,
110,Mass Maritime Buccaneers,2020,espn,ncaafb,
110,Mass Maritime Buccaneers,2021,espn,ncaafb,
110,Mass Maritime Buccaneers,2022,espn,ncaafb,
110,Mass Maritime Buccaneers,2023,espn,ncaafb,
110,Mass Maritime Buccaneers,2024,espn,ncaafb,
110,Mass Maritime Buccaneers,2025,espn,ncaafb,
111,Northeastern Huskies,2001,espn,ncaafb,
111,Northeastern Huskies,2002,espn,ncaafb,
111,Northeastern Huskies,2003,espn,ncaafb,
111,Northeastern Huskies,2004,espn,ncaafb,
111,Northeastern Huskies,2005,espn,ncaafb,
111,Northeastern Huskies,2006,espn,ncaafb,
111,Northeastern Huskies,2007,espn,ncaafb,
111,Northeastern Huskies,2008,espn,ncaafb,
111,Northeastern Huskies,2009,espn,ncaafb,
112,Tufts Jumbos,2007,espn,ncaafb,
112,Tufts Jumbos,2008,espn,ncaafb,
112,Tufts Jumbos,2009,espn,ncaafb,
112,Tufts Jumbos,2010,espn,ncaafb,
112,Tufts Jumbos,2011,espn,ncaafb,
112,Tufts Jumbos,2012,espn,ncaafb,
112,Tufts Jumbos,2013,espn,ncaafb,
112,Tufts Jumbos,2014,espn,ncaafb,
112,Tufts Jumbos,2015,espn,ncaafb,
112,Tufts Jumbos,2016,espn,ncaafb,
112,Tufts Jumbos,2017,espn,ncaafb,
112,Tufts University Jumbos,2018,espn,ncaafb,
112,Tufts University Jumbos,2019,espn,ncaafb,
112,Tufts University Jumbos,2021,espn,ncaafb,
112,Tufts University Jumbos,2022,espn,ncaafb,
112,Tufts University Jumbos,2023,espn,ncaafb,
112,Tufts Jumbos,2024,espn,ncaafb,
112,Tufts Jumbos,2025,espn,ncaafb,
113,Massachusetts Minutemen,2001,espn,ncaafb,
113,Massachusetts Minutemen,2002,espn,ncaafb,
113,Massachusetts Minutemen,2003,espn,ncaafb,
113,Massachusetts Minutemen,2004,espn,ncaafb,
113,Massachusetts Minutemen,2005,espn,ncaafb,
113,Massachusetts Minutemen,2006,espn,ncaafb,
113,Massachusetts Minutemen,2007,espn,ncaafb,
113,Massachusetts Minutemen,2008,espn,ncaafb,
113,Massachusetts Minutemen,2009,espn,ncaafb,
113,Massachusetts Minutemen,2010,espn,ncaafb,
113,Massachusetts Minutemen,2011,espn,ncaafb,
113,Massachusetts Minutemen,2012,espn,ncaafb,
113,Massachusetts Minutemen,2013,espn,ncaafb,
113,Massachusetts Minutemen,2014,espn,ncaafb,
113,Massachusetts Minutemen,2015,espn,ncaafb,
113,Massachusetts Minutemen,2016,espn,ncaafb,
113,Massachusetts Minutemen,2017,espn,ncaafb,
113,Massachusetts Minutemen,2018,espn,ncaafb,
113,Massachusetts Minutemen,2019,espn,ncaafb,
113,Massachusetts Minutemen,2020,espn,ncaafb,
113,Massachusetts Minutemen,2021,espn,ncaafb,
113,Massachusetts Minutemen,2022,espn,ncaafb,
113,Massachusetts Minutemen,2023,espn,ncaafb,
113,Massachusetts Minutemen,2024,espn,ncaafb,
113,Massachusetts Minutemen,2025,espn,ncaafb,
114,Fitchburg State Falcons,2007,espn,ncaafb,
114,Fitchburg State Falcons,2008,espn,ncaafb,
114,Fitchburg State Falcons,2009,espn,ncaafb,
114,Fitchburg State Falcons,2010,espn,ncaafb,
114,Fitchburg State Falcons,2011,espn,ncaafb,
114,Fitchburg State Falcons,2012,espn,ncaafb,
114,Fitchburg State Falcons,2013,espn,ncaafb,
114,Fitchburg State Falcons,2014,espn,ncaafb,
114,Fitchburg State Falcons,2015,espn,ncaafb,
114,Fitchburg State Falcons,2016,espn,ncaafb,
114,Fitchburg State Falcons,2017,espn,ncaafb,
114,Fitchburg State Falcons,2018,espn,ncaafb,
114,Fitchburg State Falcons,2019,espn,ncaafb,
114,Fitchburg State Falcons,2020,espn,ncaafb,
114,Fitchburg State Falcons,2021,espn,ncaafb,
114,Fitchburg State Falcons,2022,espn,ncaafb,
114,Fitchburg State Falcons,2023,espn,ncaafb,
114,Fitchburg State Falcons,2024,espn,ncaafb,
114,Fitchburg State Falcons,2025,espn,ncaafb,
118,Johns Hopkins Blue Jays,2007,espn,ncaafb,
118,Johns Hopkins Blue Jays,2008,espn,ncaafb,
118,Johns Hopkins Blue Jays,2009,espn,ncaafb,
118,Johns Hopkins Blue Jays,2010,espn,ncaafb,
118,Johns Hopkins Blue Jays,2011,espn,ncaafb,
118,Johns Hopkins Blue Jays,2012,espn,ncaafb,
118,Johns Hopkins Blue Jays,2013,espn,ncaafb,
118,Johns Hopkins Blue Jays,2014,espn,ncaafb,
118,Johns Hopkins Blue Jays,2015,espn,ncaafb,
118,Johns Hopkins Blue Jays,2016,espn,ncaafb,
118,Johns Hopkins Blue Jays,2017,espn,ncaafb,
118,Johns Hopkins Blue Jays,2018,espn,ncaafb,
118,Johns Hopkins Blue Jays,2019,espn,ncaafb,
118,Johns Hopkins Blue Jays,2020,espn,ncaafb,
118,Johns Hopkins Blue Jays,2021,espn,ncaafb,
118,Johns Hopkins Blue Jays,2022,espn,ncaafb,
118,Johns Hopkins Blue Jays,2023,espn,ncaafb,
118,Johns Hopkins University Blue Jays,2024,espn,ncaafb,
118,Johns Hopkins University Blue Jays,2025,espn,ncaafb,
119,Towson Tigers,2001,espn,ncaafb,
119,Towson Tigers,2002,espn,ncaafb,
119,Towson Tigers,2003,espn,ncaafb,
119,Towson Tigers,2004,espn,ncaafb,
119,Towson Tigers,2005,espn,ncaafb,
119,Towson Tigers,2006,espn,ncaafb,
119,Towson Tigers,2007,espn,ncaafb,
119,Towson Tigers,2008,espn,ncaafb,
119,Towson Tigers,2009,espn,ncaafb,
119,Towson Tigers,2010,espn,ncaafb,
119,Towson Tigers,2011,espn,ncaafb,
119,Towson Tigers,2012,espn,ncaafb,
119,Towson Tigers,2013,espn,ncaafb,
119,Towson Tigers,2014,espn,ncaafb,
119,Towson Tigers,2015,espn,ncaafb,
119,Towson Tigers,2016,espn,ncaafb,
119,Towson Tigers,2017,espn,ncaafb,
119,Towson Tigers,2018,espn,ncaafb,
119,Towson Tigers,2019,espn,ncaafb,
119,Towson Tigers,2021,espn,ncaafb,
119,Towson Tigers,2022,espn,ncaafb,
119,Towson Tigers,2023,espn,ncaafb,
119,Towson Tigers,2024,espn,ncaafb,
119,Towson Tigers,2025,espn,ncaafb,
120,Maryland Terrapins,2001,espn,ncaafb,
120,Maryland Terrapins,2002,espn,ncaafb,
120,Maryland Terrapins,2003,espn,ncaafb,
120,Maryland Terrapins,2004,espn,ncaafb,
120,Maryland Terrapins,2005,espn,ncaafb,
120,Maryland Terrapins,2006,espn,ncaafb,
120,Maryland Terrapins,2007,espn,ncaafb,
120,Maryland Terrapins,2008,espn,ncaafb,
120,Maryland Terrapins,2009,espn,ncaafb,
120,Maryland Terrapins,2010,espn,ncaafb,
120,Maryland Terrapins,2011,espn,ncaafb,
120,Maryland Terrapins,2012,espn,ncaafb,
120,Maryland Terrapins,2013,espn,ncaafb,
120,Maryland Terrapins,2014,espn,ncaafb,
120,Maryland Terrapins,2015,espn,ncaafb,
120,Maryland Terrapins,2016,espn,ncaafb,
120,Maryland Terrapins,2017,espn,ncaafb,
120,Maryland Terrapins,2018,espn,ncaafb,
120,Maryland Terrapins,2019,espn,ncaafb,
120,Maryland Terrapins,2020,espn,ncaafb,
120,Maryland Terrapins,2021,espn,ncaafb,
120,Maryland Terrapins,2022,espn,ncaafb,
120,Maryland Terrapins,2023,espn,ncaafb,
120,Maryland Terrapins,2024,espn,ncaafb,
120,Maryland Terrapins,2025,espn,ncaafb,
121,Bates College Bobcats,2007,espn,ncaafb,
121,Bates College Bobcats,2008,espn,ncaafb,
121,Bates College Bobcats,2009,espn,ncaafb,
121,Bates College Bobcats,2010,espn,ncaafb,
121,Bates College Bobcats,2011,espn,ncaafb,
121,Bates College Bobcats,2012,espn,ncaafb,
121,Bates College Bobcats,2013,espn,ncaafb,
121,Bates College Bobcats,2014,espn,ncaafb,
121,Bates College Bobcats,2015,espn,ncaafb,
121,Bates College Bobcats,2016,espn,ncaafb,
121,Bates College Bobcats,2017,espn,ncaafb,
121,Bates College Bobcats,2018,espn,ncaafb,
121,Bates College Bobcats,2019,espn,ncaafb,
121,Bates College Bobcats,2021,espn,ncaafb,
121,Bates College Bobcats,2022,espn,ncaafb,
121,Bates College Bobcats,2023,espn,ncaafb,
121,Bates College Bobcats,2024,espn,ncaafb,
121,Bates College Bobcats,2025,espn,ncaafb,
124,Augsburg Auggies,2007,espn,ncaafb,
124,Augsburg Auggies,2008,espn,ncaafb,
124,Augsburg Auggies,2009,espn,ncaafb,
124,Augsburg Auggies,2010,espn,ncaafb,
124,Augsburg Auggies,2011,espn,ncaafb,
124,Augsburg Auggies,2012,espn,ncaafb,
124,Augsburg Auggies,2013,espn,ncaafb,
124,Augsburg Auggies,2014,espn,ncaafb,
124,Augsburg Auggies,2015,espn,ncaafb,
124,Augsburg Auggies,2016,espn,ncaafb,
124,Augsburg Auggies,2017,espn,ncaafb,
124,Augsburg Auggies,2018,espn,ncaafb,
124,Augsburg Auggies,2019,espn,ncaafb,
124,Augsburg Auggies,2021,espn,ncaafb,
124,Augsburg Auggies,2022,espn,ncaafb,
124,Augsburg Auggies,2023,espn,ncaafb,
124,Augsburg Auggies,2024,espn,ncaafb,
124,Augsburg Auggies,2025,espn,ncaafb,
125,Grand Valley State Lakers,2003,espn,ncaafb,
125,Grand Valley State Lakers,2006,espn,ncaafb,
125,Grand Valley State Lakers,2007,espn,ncaafb,
125,Grand Valley State Lakers,2008,espn,ncaafb,
125,Grand Valley State Lakers,2009,espn,ncaafb,
125,Grand Valley State Lakers,2010,espn,ncaafb,
125,Grand Valley State Lakers,2011,espn,ncaafb,
125,Grand Valley State Lakers,2012,espn,ncaafb,
125,Grand Valley State Lakers,2013,espn,ncaafb,
125,Grand Valley State Lakers,2014,espn,ncaafb,
125,Grand Valley State Lakers,2015,espn,ncaafb,
125,Grand Valley State Lakers,2016,espn,ncaafb,
125,Grand Valley State Lakers,2017,espn,ncaafb,
125,Grand Valley State Lakers,2018,espn,ncaafb,
125,Grand Valley State Lakers,2019,espn,ncaafb,
125,Grand Valley State Lakers,2021,espn,ncaafb,
125,Grand Valley State Lakers,2022,espn,ncaafb,
125,Grand Valley State Lakers,2023,espn,ncaafb,
125,Grand Valley State Lakers,2024,espn,ncaafb,
125,Grand Valley State Lakers,2025,espn,ncaafb,
126,Kalamazoo Hornets,2007,espn,ncaafb,
126,Kalamazoo Hornets,2008,espn,ncaafb,
126,Kalamazoo Hornets,2009,espn,ncaafb,
126,Kalamazoo Hornets,2010,espn,ncaafb,
126,Kalamazoo Hornets,2011,espn,ncaafb,
126,Kalamazoo Hornets,2012,espn,ncaafb,
126,Kalamazoo Hornets,2013,espn,ncaafb,
126,Kalamazoo Hornets,2014,espn,ncaafb,
126,Kalamazoo Hornets,2015,espn,ncaafb,
126,Kalamazoo Hornets,2016,espn,ncaafb,
126,Kalamazoo Hornets,2017,espn,ncaafb,
126,Kalamazoo Hornets,2018,espn,ncaafb,
126,Kalamazoo Hornets,2019,espn,ncaafb,
126,Kalamazoo Hornets,2021,espn,ncaafb,
126,Kalamazoo Hornets,2022,espn,ncaafb,
126,Kalamazoo Hornets,2023,espn,ncaafb,
126,Kalamazoo Hornets,2024,espn,ncaafb,
126,Kalamazoo Hornets,2025,espn,ncaafb,
127,Michigan State Spartans,2001,espn,ncaafb,
127,Michigan State Spartans,2002,espn,ncaafb,
127,Michigan State Spartans,2003,espn,ncaafb,
127,Michigan State Spartans,2004,espn,ncaafb,
127,Michigan State Spartans,2005,espn,ncaafb,
127,Michigan State Spartans,2006,espn,ncaafb,
127,Michigan State Spartans,2007,espn,ncaafb,
127,Michigan State Spartans,2008,espn,ncaafb,
127,Michigan State Spartans,2009,espn,ncaafb,
127,Michigan State Spartans,2010,espn,ncaafb,
127,Michigan State Spartans,2011,espn,ncaafb,
127,Michigan State Spartans,2012,espn,ncaafb,
127,Michigan State Spartans,2013,espn,ncaafb,
127,Michigan State Spartans,2014,espn,ncaafb,
127,Michigan State Spartans,2015,espn,ncaafb,
127,Michigan State Spartans,2016,espn,ncaafb,
127,Michigan State Spartans,2017,espn,ncaafb,
127,Michigan State Spartans,2018,espn,ncaafb,
127,Michigan State Spartans,2019,espn,ncaafb,
127,Michigan State Spartans,2020,espn,ncaafb,
127,Michigan State Spartans,2021,espn,ncaafb,
127,Michigan State Spartans,2022,espn,ncaafb,
127,Michigan State Spartans,2023,espn,ncaafb,
127,Michigan State Spartans,2024,espn,ncaafb,
127,Michigan State Spartans,2025,espn,ncaafb,
128,Northern Michigan Wildcats,2003,espn,ncaafb,
128,Northern Michigan Wildcats,2007,espn,ncaafb,
128,Northern Michigan Wildcats,2008,espn,ncaafb,
128,Northern Michigan Wildcats,2009,espn,ncaafb,
128,Northern Michigan Wildcats,2010,espn,ncaafb,
128,Northern Michigan Wildcats,2011,espn,ncaafb,
128,Northern Michigan Wildcats,2012,espn,ncaafb,
128,Northern Michigan Wildcats,2013,espn,ncaafb,
128,Northern Michigan Wildcats,2014,espn,ncaafb,
128,Northern Michigan Wildcats,2015,espn,ncaafb,
128,Northern Michigan Wildcats,2016,espn,ncaafb,
128,Northern Michigan Wildcats,2017,espn,ncaafb,
128,Northern Michigan Wildcats,2018,espn,ncaafb,
128,Northern Michigan Wildcats,2019,espn,ncaafb,
128,Northern Michigan Wildcats,2021,espn,ncaafb,
128,Northern Michigan Wildcats,2022,espn,ncaafb,
128,Northern Michigan Wildcats,2023,espn,ncaafb,
128,Northern Michigan Wildcats,2024,espn,ncaafb,
128,Northern Michigan Wildcats,2025,espn,ncaafb,
129,Saginaw Valley Cardinals,2007,espn,ncaafb,
129,Saginaw Valley Cardinals,2008,espn,ncaafb,
129,Saginaw Valley Cardinals,2009,espn,ncaafb,
129,Saginaw Valley Cardinals,2010,espn,ncaafb,
129,Saginaw Valley Cardinals,2011,espn,ncaafb,
129,Saginaw Valley Cardinals,2012,espn,ncaafb,
129,Saginaw Valley Cardinals,2013,espn,ncaafb,
129,Saginaw Valley Cardinals,2014,espn,ncaafb,
129,Saginaw Valley Cardinals,2015,espn,ncaafb,
129,Saginaw Valley Cardinals,2016,espn,ncaafb,
129,Saginaw Valley Cardinals,2017,espn,ncaafb,
129,Saginaw Valley Cardinals,2018,espn,ncaafb,
129,Saginaw Valley Cardinals,2019,espn,ncaafb,
129,Saginaw Valley Cardinals,2021,espn,ncaafb,
129,Saginaw Valley Cardinals,2022,espn,ncaafb,
129,Saginaw Valley State Cardinals,2023,espn,ncaafb,
129,Saginaw Valley State Cardinals,2024,espn,ncaafb,
129,Saginaw Valley State Cardinals,2025,espn,ncaafb,
130,Michigan Wolverines,2001,espn,ncaafb,
130,Michigan Wolverines,2002,espn,ncaafb,
130,Michigan Wolverines,2003,espn,ncaafb,
130,Michigan Wolverines,2004,espn,ncaafb,
130,Michigan Wolverines,2005,espn,ncaafb,
130,Michigan Wolverines,2006,espn,ncaafb,
130,Michigan Wolverines,2007,espn,ncaafb,
130,Michigan Wolverines,2008,espn,ncaafb,
130,Michigan Wolverines,2009,espn,ncaafb,
130,Michigan Wolverines,2010,espn,ncaafb,
130,Michigan Wolverines,2011,espn,ncaafb,
130,Michigan Wolverines,2012,espn,ncaafb,
130,Michigan Wolverines,2013,espn,ncaafb,
130,Michigan Wolverines,2014,espn,ncaafb,
130,Michigan Wolverines,2015,espn,ncaafb,
130,Michigan Wolverines,2016,espn,ncaafb,
130,Michigan Wolverines,2017,espn,ncaafb,
130,Michigan Wolverines,2018,espn,ncaafb,
130,Michigan Wolverines,2019,espn,ncaafb,
130,Michigan Wolverines,2020,espn,ncaafb,
130,Michigan Wolverines,2021,espn,ncaafb,
130,Michigan Wolverines,2022,espn,ncaafb,
130,Michigan Wolverines,2023,espn,ncaafb,
130,Michigan Wolverines,2024,espn,ncaafb,
130,Michigan Wolverines,2025,espn,ncaafb,
131,Wayne State (MI) Warriors,2001,espn,ncaafb,
131,Wayne State (MI) Warriors,2002,espn,ncaafb,
131,Wayne State (MI) Warriors,2007,espn,ncaafb,
131,Wayne State (MI) Warriors,2008,espn,ncaafb,
131,Wayne State (MI) Warriors,2009,espn,ncaafb,
131,Wayne State (MI) Warriors,2010,espn,ncaafb,
131,Wayne State (MI) Warriors,2011,espn,ncaafb,
131,Wayne State (MI) Warriors,2012,espn,ncaafb,
131,Wayne State (MI) Warriors,2013,espn,ncaafb,
131,Wayne State (MI) Warriors,2014,espn,ncaafb,
131,Wayne State (MI) Warriors,2015,espn,ncaafb,
131,Wayne State (MI) Warriors,2016,espn,ncaafb,
131,Wayne State (MI) Warriors,2017,espn,ncaafb,
131,Wayne State (MI) Warriors,2018,espn,ncaafb,
131,Wayne State (MI) Warriors,2019,espn,ncaafb,
131,Wayne State (MI) Warriors,2021,espn,ncaafb,
131,Wayne State (MI) Warriors,2022,espn,ncaafb,
131,Wayne State (MI) Warriors,2023,espn,ncaafb,
131,Wayne State (MI) Warriors,2024,espn,ncaafb,
131,Wayne State (MI) Warriors,2025,espn,ncaafb,
132,Bemidji State Beavers,2007,espn,ncaafb,
132,Bemidji State Beavers,2008,espn,ncaafb,
132,Bemidji State Beavers,2009,espn,ncaafb,
132,Bemidji State Beavers,2010,espn,ncaafb,
132,Bemidji State Beavers,2011,espn,ncaafb,
132,Bemidji State Beavers,2012,espn,ncaafb,
132,Bemidji State Beavers,2013,espn,ncaafb,
132,Bemidji State Beavers,2014,espn,ncaafb,
132,Bemidji State Beavers,2015,espn,ncaafb,
132,Bemidji State Beavers,2016,espn,ncaafb,
132,Bemidji State Beavers,2017,espn,ncaafb,
132,Bemidji State Beavers,2018,espn,ncaafb,
132,Bemidji State Beavers,2019,espn,ncaafb,
132,Bemidji State Beavers,2021,espn,ncaafb,
132,Bemidji State Beavers,2022,espn,ncaafb,
132,Bemidji State Beavers,2023,espn,ncaafb,
132,Bemidji State Beavers,2024,espn,ncaafb,
132,Bemidji State Beavers,2025,espn,ncaafb,
133,St. Olaf College Oles,2007,espn,ncaafb,
133,St. Olaf College Oles,2008,espn,ncaafb,
133,St. Olaf College Oles,2009,espn,ncaafb,
133,St. Olaf College Oles,2010,espn,ncaafb,
133,St. Olaf College Oles,2011,espn,ncaafb,
133,St. Olaf College Oles,2012,espn,ncaafb,
133,St. Olaf College Oles,2013,espn,ncaafb,
133,St. Olaf College Oles,2014,espn,ncaafb,
133,St. Olaf College Oles,2015,espn,ncaafb,
133,St. Olaf College Oles,2016,espn,ncaafb,
133,St. Olaf College Oles,2017,espn,ncaafb,
133,St. Olaf College Lions,2018,espn,ncaafb,
133,St. Olaf College Oles,2019,espn,ncaafb,
133,St. Olaf College Oles,2021,espn,ncaafb,
133,St. Olaf College Oles,2022,espn,ncaafb,
133,St. Olaf Oles,2023,espn,ncaafb,
133,St. Olaf Oles,2024,espn,ncaafb,
133,St. Olaf Oles,2025,espn,ncaafb,
134,Minnesota Duluth Bulldogs,2005,espn,ncaafb,
134,Minnesota-Duluth Bulldogs,2007,espn,ncaafb,
134,Minnesota-Duluth Bulldogs,2008,espn,ncaafb,
134,Minnesota-Duluth Bulldogs,2009,espn,ncaafb,
134,Minnesota-Duluth Bulldogs,2010,espn,ncaafb,
134,Minnesota-Duluth Bulldogs,2011,espn,ncaafb,
134,Minnesota-Duluth Bulldogs,2012,espn,ncaafb,
134,Minnesota-Duluth Bulldogs,2013,espn,ncaafb,
134,Minnesota-Duluth Bulldogs,2014,espn,ncaafb,
134,Minnesota-Duluth Bulldogs,2015,espn,ncaafb,
134,Minnesota-Duluth Bulldogs,2016,espn,ncaafb,
134,Minnesota-Duluth Bulldogs,2017,espn,ncaafb,
134,Minnesota-Duluth Bulldogs,2018,espn,ncaafb,
134,Minnesota-Duluth Bulldogs,2019,espn,ncaafb,
134,Minnesota Duluth Bulldogs,2021,espn,ncaafb,
134,Minnesota Duluth Bulldogs,2022,espn,ncaafb,
134,Minnesota Duluth Bulldogs,2023,espn,ncaafb,
134,Minnesota Duluth Bulldogs,2024,espn,ncaafb,
134,Minnesota Duluth Bulldogs,2025,espn,ncaafb,
135,Minnesota Golden Gophers,2001,espn,ncaafb,
135,Minnesota Golden Gophers,2002,espn,ncaafb,
135,Minnesota Golden Gophers,2003,espn,ncaafb,
135,Minnesota Golden Gophers,2004,espn,ncaafb,
135,Minnesota Golden Gophers,2005,espn,ncaafb,
135,Minnesota Golden Gophers,2006,espn,ncaafb,
135,Minnesota Golden Gophers,2007,espn,ncaafb,
135,Minnesota Golden Gophers,2008,espn,ncaafb,
135,Minnesota Golden Gophers,2009,espn,ncaafb,
135,Minnesota Golden Gophers,2010,espn,ncaafb,
135,Minnesota Golden Gophers,2011,espn,ncaafb,
135,Minnesota Golden Gophers,2012,espn,ncaafb,
135,Minnesota Golden Gophers,2013,espn,ncaafb,
135,Minnesota Golden Gophers,2014,espn,ncaafb,
135,Minnesota Golden Gophers,2015,espn,ncaafb,
135,Minnesota Golden Gophers,2016,espn,ncaafb,
135,Minnesota Golden Gophers,2017,espn,ncaafb,
135,Minnesota Golden Gophers,2018,espn,ncaafb,
135,Minnesota Golden Gophers,2019,espn,ncaafb,
135,Minnesota Golden Gophers,2020,espn,ncaafb,
135,Minnesota Golden Gophers,2021,espn,ncaafb,
135,Minnesota Golden Gophers,2022,espn,ncaafb,
135,Minnesota Golden Gophers,2023,espn,ncaafb,
135,Minnesota Golden Gophers,2024,espn,ncaafb,
135,Minnesota Golden Gophers,2025,espn,ncaafb,
137,Missouri Western Griffons,2007,espn,ncaafb,
137,Missouri Western Griffons,2008,espn,ncaafb,
137,Missouri Western Griffons,2009,espn,ncaafb,
137,Missouri Western Griffons,2010,espn,ncaafb,
137,Missouri Western Griffons,2011,espn,ncaafb,
137,Missouri Western Griffons,2012,espn,ncaafb,
137,Missouri Western Griffons,2013,espn,ncaafb,
137,Missouri Western Griffons,2014,espn,ncaafb,
137,Missouri Western Griffons,2015,espn,ncaafb,
137,Missouri Western Griffons,2016,espn,ncaafb,
137,Missouri Western Griffons,2017,espn,ncaafb,
137,Missouri Western Griffons,2018,espn,ncaafb,
137,Missouri Western Griffons,2019,espn,ncaafb,
137,Missouri Western Griffons,2020,espn,ncaafb,
137,Missouri Western Griffons,2021,espn,ncaafb,
137,Missouri Western Griffons,2022,espn,ncaafb,
137,Missouri Western Griffons,2023,espn,ncaafb,
137,Missouri Western Griffons,2024,espn,ncaafb,
137,Missouri Western Griffons,2025,espn,ncaafb,
138,Northwest Missouri State Bearcats,2006,espn,ncaafb,
138,Northwest Missouri State Bearcats,2007,espn,ncaafb,
138,Northwest Missouri State Bearcats,2008,espn,ncaafb,
138,Northwest Missouri State Bearcats,2009,espn,ncaafb,
138,Northwest Missouri State Bearcats,2010,espn,ncaafb,
138,Northwest Missouri State Bearcats,2011,espn,ncaafb,
138,Northwest Missouri State Bearcats,2012,espn,ncaafb,
138,Northwest Missouri State Bearcats,2013,espn,ncaafb,
138,Northwest Missouri State Bearcats,2014,espn,ncaafb,
138,Northwest Missouri State Bearcats,2015,espn,ncaafb,
138,Northwest Missouri State Bearcats,2016,espn,ncaafb,
138,Northwest Missouri State Bearcats,2017,espn,ncaafb,
138,Northwest Missouri State Bearcats,2018,espn,ncaafb,
138,Northwest Missouri State Bearcats,2019,espn,ncaafb,
138,Northwest Missouri State Bearcats,2021,espn,ncaafb,
138,Northwest Missouri State Bearcats,2022,espn,ncaafb,
138,Northwest Missouri State Bearcats,2023,espn,ncaafb,
138,Northwest Missouri State Bearcats,2024,espn,ncaafb,
138,Northwest Missouri State Bearcats,2025,espn,ncaafb,
142,Missouri Tigers,2001,espn,ncaafb,
142,Missouri Tigers,2002,espn,ncaafb,
142,Missouri Tigers,2003,espn,ncaafb,
142,Missouri Tigers,2004,espn,ncaafb,
142,Missouri Tigers,2005,espn,ncaafb,
142,Missouri Tigers,2006,espn,ncaafb,
142,Missouri Tigers,2007,espn,ncaafb,
142,Missouri Tigers,2008,espn,ncaafb,
142,Missouri Tigers,2009,espn,ncaafb,
142,Missouri Tigers,2010,espn,ncaafb,
142,Missouri Tigers,2011,espn,ncaafb,
142,Missouri Tigers,2012,espn,ncaafb,
142,Missouri Tigers,2013,espn,ncaafb,
142,Missouri Tigers,2014,espn,ncaafb,
142,Missouri Tigers,2015,espn,ncaafb,
142,Missouri Tigers,2016,espn,ncaafb,
142,Missouri Tigers,2017,espn,ncaafb,
142,Missouri Tigers,2018,espn,ncaafb,
142,Missouri Tigers,2019,espn,ncaafb,
142,Missouri Tigers,2020,espn,ncaafb,
142,Missouri Tigers,2021,espn,ncaafb,
142,Missouri Tigers,2022,espn,ncaafb,
142,Missouri Tigers,2023,espn,ncaafb,
142,Missouri Tigers,2024,espn,ncaafb,
142,Missouri Tigers,2025,espn,ncaafb,
143,Washington (MO) Bears,2007,espn,ncaafb,
143,Washington (MO) Bears,2008,espn,ncaafb,
143,Washington (MO) Bears,2009,espn,ncaafb,
143,Washington (MO) Bears,2010,espn,ncaafb,
143,Washington (MO) Bears,2011,espn,ncaafb,
143,Washington (MO) Bears,2012,espn,ncaafb,
143,Washington (MO) Bears,2013,espn,ncaafb,
143,Washington (MO) Bears,2014,espn,ncaafb,
143,Washington (MO) Bears,2015,espn,ncaafb,
143,Washington (MO) Bears,2016,espn,ncaafb,
143,Washington (MO) Bears,2017,espn,ncaafb,
143,Washington-Missouri Bears,2018,espn,ncaafb,
143,Washington-Missouri Bears,2019,espn,ncaafb,
143,Washington-Missouri Bears,2020,espn,ncaafb,
143,Washington-Missouri Bears,2021,espn,ncaafb,
143,Washington-Missouri Bears,2022,espn,ncaafb,
143,Washington University (St. Louis) Bears,2023,espn,ncaafb,
143,Washington University-St. Louis Bears,2024,espn,ncaafb,
143,Washington University-St. Louis Bears,2025,espn,ncaafb,
145,Ole Miss Rebels,2001,espn,ncaafb,
145,Ole Miss Rebels,2002,espn,ncaafb,
145,Ole Miss Rebels,2003,espn,ncaafb,
145,Ole Miss Rebels,2004,espn,ncaafb,
145,Ole Miss Rebels,2005,espn,ncaafb,
145,Ole Miss Rebels,2006,espn,ncaafb,
145,Ole Miss Rebels,2007,espn,ncaafb,
145,Ole Miss Rebels,2008,espn,ncaafb,
145,Ole Miss Rebels,2009,espn,ncaafb,
145,Ole Miss Rebels,2010,espn,ncaafb,
145,Ole Miss Rebels,2011,espn,ncaafb,
145,Ole Miss Rebels,2012,espn,ncaafb,
145,Ole Miss Rebels,2013,espn,ncaafb,
145,Ole Miss Rebels,2014,espn,ncaafb,
145,Ole Miss Rebels,2015,espn,ncaafb,
145,Ole Miss Rebels,2016,espn,ncaafb,
145,Ole Miss Rebels,2017,espn,ncaafb,
145,Ole Miss Rebels,2018,espn,ncaafb,
145,Ole Miss Rebels,2019,espn,ncaafb,
145,Ole Miss Rebels,2020,espn,ncaafb,
145,Ole Miss Rebels,2021,espn,ncaafb,
145,Ole Miss Rebels,2022,espn,ncaafb,
145,Ole Miss Rebels,2023,espn,ncaafb,
145,Ole Miss Rebels,2024,espn,ncaafb,
145,Ole Miss Rebels,2025,espn,ncaafb,
146,Grove City College Wolverines,2007,espn,ncaafb,
146,Grove City College Wolverines,2008,espn,ncaafb,
146,Grove City College Wolverines,2009,espn,ncaafb,
146,Grove City College Wolverines,2010,espn,ncaafb,
146,Grove City College Wolverines,2011,espn,ncaafb,
146,Grove City College Wolverines,2012,espn,ncaafb,
146,Grove City College Wolverines,2013,espn,ncaafb,
146,Grove City College Wolverines,2014,espn,ncaafb,
146,Grove City College Wolverines,2015,espn,ncaafb,
146,Grove City College Wolverines,2016,espn,ncaafb,
146,Grove City College Wolverines,2017,espn,ncaafb,
146,Grove City College Wolverines,2018,espn,ncaafb,
146,Grove City College Wolverines,2019,espn,ncaafb,
146,Grove City College Wolverines,2021,espn,ncaafb,
146,Grove City College Wolverines,2022,espn,ncaafb,
146,Grove City College Wolverines,2023,espn,ncaafb,
146,Grove City College Wolverines,2024,espn,ncaafb,
146,Grove City College Wolverines,2025,espn,ncaafb,
147,Montana State Bobcats,2001,espn,ncaafb,
147,Montana State Bobcats,2002,espn,ncaafb,
147,Montana State Bobcats,2003,espn,ncaafb,
147,Montana State Bobcats,2004,espn,ncaafb,
147,Montana State Bobcats,2005,espn,ncaafb,
147,Montana State Bobcats,2006,espn,ncaafb,
147,Montana State Bobcats,2007,espn,ncaafb,
147,Montana State Bobcats,2008,espn,ncaafb,
147,Montana State Bobcats,2009,espn,ncaafb,
147,Montana State Bobcats,2010,espn,ncaafb,
147,Montana State Bobcats,2011,espn,ncaafb,
147,Montana State Bobcats,2012,espn,ncaafb,
147,Montana State Bobcats,2013,espn,ncaafb,
147,Montana State Bobcats,2014,espn,ncaafb,
147,Montana State Bobcats,2015,espn,ncaafb,
147,Montana State Bobcats,2016,espn,ncaafb,
147,Montana State Bobcats,2017,espn,ncaafb,
147,Montana State Bobcats,2018,espn,ncaafb,
147,Montana State Bobcats,2019,espn,ncaafb,
147,Montana State Bobcats,2021,espn,ncaafb,
147,Montana State Bobcats,2022,espn,ncaafb,
147,Montana State Bobcats,2023,espn,ncaafb,
147,Montana State Bobcats,2024,espn,ncaafb,
147,Montana State Bobcats,2025,espn,ncaafb,
148,Montana Tech Orediggers,2001,espn,ncaafb,
148,Montana Tech Orediggers,2002,espn,ncaafb,
148,Montana Tech Orediggers,2003,espn,ncaafb,
148,Montana Tech Orediggers,2004,espn,ncaafb,
148,Montana Tech Orediggers,2006,espn,ncaafb,
148,Montana Tech Orediggers,2023,espn,ncaafb,
149,Montana Grizzlies,2001,espn,ncaafb,
149,Montana Grizzlies,2002,espn,ncaafb,
149,Montana Grizzlies,2003,espn,ncaafb,
149,Montana Grizzlies,2004,espn,ncaafb,
149,Montana Grizzlies,2005,espn,ncaafb,
149,Montana Grizzlies,2006,espn,ncaafb,
149,Montana Grizzlies,2007,espn,ncaafb,
149,Montana Grizzlies,2008,espn,ncaafb,
149,Montana Grizzlies,2009,espn,ncaafb,
149,Montana Grizzlies,2010,espn,ncaafb,
149,Montana Grizzlies,2011,espn,ncaafb,
149,Montana Grizzlies,2012,espn,ncaafb,
149,Montana Grizzlies,2013,espn,ncaafb,
149,Montana Grizzlies,2014,espn,ncaafb,
149,Montana Grizzlies,2015,espn,ncaafb,
149,Montana Grizzlies,2016,espn,ncaafb,
149,Montana Grizzlies,2017,espn,ncaafb,
149,Montana Grizzlies,2018,espn,ncaafb,
149,Montana Grizzlies,2019,espn,ncaafb,
149,Montana Grizzlies,2021,espn,ncaafb,
149,Montana Grizzlies,2022,espn,ncaafb,
149,Montana Grizzlies,2023,espn,ncaafb,
149,Montana Grizzlies,2024,espn,ncaafb,
149,Montana Grizzlies,2025,espn,ncaafb,
150,Duke Blue Devils,2001,espn,ncaafb,
150,Duke Blue Devils,2002,espn,ncaafb,
150,Duke Blue Devils,2003,espn,ncaafb,
150,Duke Blue Devils,2004,espn,ncaafb,
150,Duke Blue Devils,2005,espn,ncaafb,
150,Duke Blue Devils,2006,espn,ncaafb,
150,Duke Blue Devils,2007,espn,ncaafb,
150,Duke Blue Devils,2008,espn,ncaafb,
150,Duke Blue Devils,2009,espn,ncaafb,
150,Duke Blue Devils,2010,espn,ncaafb,
150,Duke Blue Devils,2011,espn,ncaafb,
150,Duke Blue Devils,2012,espn,ncaafb,
150,Duke Blue Devils,2013,espn,ncaafb,
150,Duke Blue Devils,2014,espn,ncaafb,
150,Duke Blue Devils,2015,espn,ncaafb,
150,Duke Blue Devils,2016,espn,ncaafb,
150,Duke Blue Devils,2017,espn,ncaafb,
150,Duke Blue Devils,2018,espn,ncaafb,
150,Duke Blue Devils,2019,espn,ncaafb,
150,Duke Blue Devils,2020,espn,ncaafb,
150,Duke Blue Devils,2021,espn,ncaafb,
150,Duke Blue Devils,2022,espn,ncaafb,
150,Duke Blue Devils,2023,espn,ncaafb,
150,Duke Blue Devils,2024,espn,ncaafb,
151,East Carolina Pirates,2001,espn,ncaafb,
151,East Carolina Pirates,2002,espn,ncaafb,
151,East Carolina Pirates,2003,espn,ncaafb,
151,East Carolina Pirates,2004,espn,ncaafb,
151,East Carolina Pirates,2005,espn,ncaafb,
151,East Carolina Pirates,2006,espn,ncaafb,
151,East Carolina Pirates,2007,espn,ncaafb,
151,East Carolina Pirates,2008,espn,ncaafb,
151,East Carolina Pirates,2009,espn,ncaafb,
151,East Carolina Pirates,2010,espn,ncaafb,
151,East Carolina Pirates,2011,espn,ncaafb,
151,East Carolina Pirates,2012,espn,ncaafb,
151,East Carolina Pirates,2013,espn,ncaafb,
151,East Carolina Pirates,2014,espn,ncaafb,
151,East Carolina Pirates,2015,espn,ncaafb,
151,East Carolina Pirates,2016,espn,ncaafb,
151,East Carolina Pirates,2017,espn,ncaafb,
151,East Carolina Pirates,2018,espn,ncaafb,
151,East Carolina Pirates,2019,espn,ncaafb,
151,East Carolina Pirates,2020,espn,ncaafb,
151,East Carolina Pirates,2021,espn,ncaafb,
151,East Carolina Pirates,2022,espn,ncaafb,
151,East Carolina Pirates,2023,espn,ncaafb,
151,East Carolina Pirates,2024,espn,ncaafb,
151,East Carolina Pirates,2025,espn,ncaafb,
152,NC State Wolfpack,2001,espn,ncaafb,
152,NC State Wolfpack,2002,espn,ncaafb,
152,NC State Wolfpack,2003,espn,ncaafb,
152,NC State Wolfpack,2004,espn,ncaafb,
152,NC State Wolfpack,2005,espn,ncaafb,
152,NC State Wolfpack,2006,espn,ncaafb,
152,NC State Wolfpack,2007,espn,ncaafb,
152,NC State Wolfpack,2008,espn,ncaafb,
152,NC State Wolfpack,2009,espn,ncaafb,
152,NC State Wolfpack,2010,espn,ncaafb,
152,NC State Wolfpack,2011,espn,ncaafb,
152,NC State Wolfpack,2012,espn,ncaafb,
152,NC State Wolfpack,2013,espn,ncaafb,
152,NC State Wolfpack,2014,espn,ncaafb,
152,NC State Wolfpack,2015,espn,ncaafb,
152,NC State Wolfpack,2016,espn,ncaafb,
152,NC State Wolfpack,2017,espn,ncaafb,
152,NC State Wolfpack,2018,espn,ncaafb,
152,NC State Wolfpack,2019,espn,ncaafb,
152,NC State Wolfpack,2020,espn,ncaafb,
152,NC State Wolfpack,2021,espn,ncaafb,
152,NC State Wolfpack,2022,espn,ncaafb,
152,NC State Wolfpack,2023,espn,ncaafb,
152,NC State Wolfpack,2024,espn,ncaafb,
152,NC State Wolfpack,2025,espn,ncaafb,
153,North Carolina Tar Heels,2001,espn,ncaafb,
153,North Carolina Tar Heels,2002,espn,ncaafb,
153,North Carolina Tar Heels,2003,espn,ncaafb,
153,North Carolina Tar Heels,2004,espn,ncaafb,
153,North Carolina Tar Heels,2005,espn,ncaafb,
153,North Carolina Tar Heels,2006,espn,ncaafb,
153,North Carolina Tar Heels,2007,espn,ncaafb,
153,North Carolina Tar Heels,2008,espn,ncaafb,
153,North Carolina Tar Heels,2009,espn,ncaafb,
153,North Carolina Tar Heels,2010,espn,ncaafb,
153,North Carolina Tar Heels,2011,espn,ncaafb,
153,North Carolina Tar Heels,2012,espn,ncaafb,
153,North Carolina Tar Heels,2013,espn,ncaafb,
153,North Carolina Tar Heels,2014,espn,ncaafb,
153,North Carolina Tar Heels,2015,espn,ncaafb,
153,North Carolina Tar Heels,2016,espn,ncaafb,
153,North Carolina Tar Heels,2017,espn,ncaafb,
153,North Carolina Tar Heels,2018,espn,ncaafb,
153,North Carolina Tar Heels,2019,espn,ncaafb,
153,North Carolina Tar Heels,2020,espn,ncaafb,
153,North Carolina Tar Heels,2021,espn,ncaafb,
153,North Carolina Tar Heels,2022,espn,ncaafb,
153,North Carolina Tar Heels,2023,espn,ncaafb,
153,North Carolina Tar Heels,2024,espn,ncaafb,
153,North Carolina Tar Heels,2025,espn,ncaafb,
154,Wake Forest Demon Deacons,2001,espn,ncaafb,
154,Wake Forest Demon Deacons,2002,espn,ncaafb,
154,Wake Forest Demon Deacons,2003,espn,ncaafb,
154,Wake Forest Demon Deacons,2004,espn,ncaafb,
154,Wake Forest Demon Deacons,2005,espn,ncaafb,
154,Wake Forest Demon Deacons,2006,espn,ncaafb,
154,Wake Forest Demon Deacons,2007,espn,ncaafb,
154,Wake Forest Demon Deacons,2008,espn,ncaafb,
154,Wake Forest Demon Deacons,2009,espn,ncaafb,
154,Wake Forest Demon Deacons,2010,espn,ncaafb,
154,Wake Forest Demon Deacons,2011,espn,ncaafb,
154,Wake Forest Demon Deacons,2012,espn,ncaafb,
154,Wake Forest Demon Deacons,2013,espn,ncaafb,
154,Wake Forest Demon Deacons,2014,espn,ncaafb,
154,Wake Forest Demon Deacons,2015,espn,ncaafb,
154,Wake Forest Demon Deacons,2016,espn,ncaafb,
154,Wake Forest Demon Deacons,2017,espn,ncaafb,
154,Wake Forest Demon Deacons,2018,espn,ncaafb,
154,Wake Forest Demon Deacons,2019,espn,ncaafb,
154,Wake Forest Demon Deacons,2020,espn,ncaafb,
154,Wake Forest Demon Deacons,2021,espn,ncaafb,
154,Wake Forest Demon Deacons,2022,espn,ncaafb,
154,Wake Forest Demon Deacons,2023,espn,ncaafb,
154,Wake Forest Demon Deacons,2024,espn,ncaafb,
154,Wake Forest Demon Deacons,2025,espn,ncaafb,
155,North Dakota,2006,espn,ncaafb,
155,North Dakota,2007,espn,ncaafb,
155,North Dakota,2008,espn,ncaafb,
155,North Dakota,2009,espn,ncaafb,
155,North Dakota,2010,espn,ncaafb,
155,North Dakota,2011,espn,ncaafb,
155,North Dakota,2012,espn,ncaafb,
155,North Dakota,2013,espn,ncaafb,
155,North Dakota,2014,espn,ncaafb,
155,North Dakota Fighting Hawks,2015,espn,ncaafb,
155,North Dakota Fighting Hawks,2016,espn,ncaafb,
155,North Dakota Fighting Hawks,2017,espn,ncaafb,
155,North Dakota Fighting Hawks,2018,espn,ncaafb,
155,North Dakota Fighting Hawks,2019,espn,ncaafb,
155,North Dakota Fighting Hawks,2020,espn,ncaafb,
155,North Dakota Fighting Hawks,2021,espn,ncaafb,
155,North Dakota Fighting Hawks,2022,espn,ncaafb,
155,North Dakota Fighting Hawks,2023,espn,ncaafb,
155,North Dakota Fighting Hawks,2024,espn,ncaafb,
155,North Dakota Fighting Hawks,2025,espn,ncaafb,
158,Nebraska Cornhuskers,2001,espn,ncaafb,
158,Nebraska Cornhuskers,2002,espn,ncaafb,
158,Nebraska Cornhuskers,2003,espn,ncaafb,
158,Nebraska Cornhuskers,2004,espn,ncaafb,
158,Nebraska Cornhuskers,2005,espn,ncaafb,
158,Nebraska Cornhuskers,2006,espn,ncaafb,
158,Nebraska Cornhuskers,2007,espn,ncaafb,
158,Nebraska Cornhuskers,2008,espn,ncaafb,
158,Nebraska Cornhuskers,2009,espn,ncaafb,
158,Nebraska Cornhuskers,2010,espn,ncaafb,
158,Nebraska Cornhuskers,2011,espn,ncaafb,
158,Nebraska Cornhuskers,2012,espn,ncaafb,
158,Nebraska Cornhuskers,2013,espn,ncaafb,
158,Nebraska Cornhuskers,2014,espn,ncaafb,
158,Nebraska Cornhuskers,2015,espn,ncaafb,
158,Nebraska Cornhuskers,2016,espn,ncaafb,
158,Nebraska Cornhuskers,2017,espn,ncaafb,
158,Nebraska Cornhuskers,2018,espn,ncaafb,
158,Nebraska Cornhuskers,2019,espn,ncaafb,
158,Nebraska Cornhuskers,2020,espn,ncaafb,
158,Nebraska Cornhuskers,2021,espn,ncaafb,
158,Nebraska Cornhuskers,2022,espn,ncaafb,
158,Nebraska Cornhuskers,2023,espn,ncaafb,
158,Nebraska Cornhuskers,2024,espn,ncaafb,
158,Nebraska Cornhuskers,2025,espn,ncaafb,
159,Dartmouth Big Green,2001,espn,ncaafb,
159,Dartmouth Big Green,2002,espn,ncaafb,
159,Dartmouth Big Green,2003,espn,ncaafb,
159,Dartmouth Big Green,2004,espn,ncaafb,
159,Dartmouth Big Green,2005,espn,ncaafb,
159,Dartmouth Big Green,2006,espn,ncaafb,
159,Dartmouth Big Green,2007,espn,ncaafb,
159,Dartmouth Big Green,2008,espn,ncaafb,
159,Dartmouth Big Green,2009,espn,ncaafb,
159,Dartmouth Big Green,2010,espn,ncaafb,
159,Dartmouth Big Green,2011,espn,ncaafb,
159,Dartmouth Big Green,2012,espn,ncaafb,
159,Dartmouth Big Green,2013,espn,ncaafb,
159,Dartmouth Big Green,2014,espn,ncaafb,
159,Dartmouth Big Green,2015,espn,ncaafb,
159,Dartmouth Big Green,2016,espn,ncaafb,
159,Dartmouth Big Green,2017,espn,ncaafb,
159,Dartmouth Big Green,2018,espn,ncaafb,
159,Dartmouth Big Green,2019,espn,ncaafb,
159,Dartmouth Big Green,2020,espn,ncaafb,
159,Dartmouth Big Green,2021,espn,ncaafb,
159,Dartmouth Big Green,2022,espn,ncaafb,
159,Dartmouth Big Green,2023,espn,ncaafb,
159,Dartmouth Big Green,2024,espn,ncaafb,
159,Dartmouth Big Green,2025,espn,ncaafb,
160,New Hampshire Wildcats,2001,espn,ncaafb,
160,New Hampshire Wildcats,2002,espn,ncaafb,
160,New Hampshire Wildcats,2003,espn,ncaafb,
160,New Hampshire Wildcats,2004,espn,ncaafb,
160,New Hampshire Wildcats,2005,espn,ncaafb,
160,New Hampshire Wildcats,2006,espn,ncaafb,
160,New Hampshire Wildcats,2007,espn,ncaafb,
160,New Hampshire Wildcats,2008,espn,ncaafb,
160,New Hampshire Wildcats,2009,espn,ncaafb,
160,New Hampshire Wildcats,2010,espn,ncaafb,
160,New Hampshire Wildcats,2011,espn,ncaafb,
160,New Hampshire Wildcats,2012,espn,ncaafb,
160,New Hampshire Wildcats,2013,espn,ncaafb,
160,New Hampshire Wildcats,2014,espn,ncaafb,
160,New Hampshire Wildcats,2015,espn,ncaafb,
160,New Hampshire Wildcats,2016,espn,ncaafb,
160,New Hampshire Wildcats,2017,espn,ncaafb,
160,New Hampshire Wildcats,2018,espn,ncaafb,
160,New Hampshire Wildcats,2019,espn,ncaafb,
160,New Hampshire Wildcats,2020,espn,ncaafb,
160,New Hampshire Wildcats,2021,espn,ncaafb,
160,New Hampshire Wildcats,2022,espn,ncaafb,
160,New Hampshire Wildcats,2023,espn,ncaafb,
160,New Hampshire Wildcats,2024,espn,ncaafb,
160,New Hampshire Wildcats,2025,espn,ncaafb,
162,Hamline Fighting Pipers,2007,espn,ncaafb,
162,Hamline Fighting Pipers,2008,espn,ncaafb,
162,Hamline Fighting Pipers,2009,espn,ncaafb,
162,Hamline Fighting Pipers,2010,espn,ncaafb,
162,Hamline Fighting Pipers,2011,espn,ncaafb,
162,Hamline Fighting Pipers,2012,espn,ncaafb,
162,Hamline Fighting Pipers,2013,espn,ncaafb,
162,Hamline Fighting Pipers,2014,espn,ncaafb,
162,Hamline Fighting Pipers,2015,espn,ncaafb,
162,Hamline Fighting Pipers,2016,espn,ncaafb,
162,Hamline Fighting Pipers,2017,espn,ncaafb,
162,Hamline Pipers,2018,espn,ncaafb,
162,Hamline Pipers,2019,espn,ncaafb,
162,Hamline Pipers,2021,espn,ncaafb,
162,Hamline Pipers,2022,espn,ncaafb,
162,Hamline Pipers,2023,espn,ncaafb,
162,Hamline Pipers,2024,espn,ncaafb,
162,Hamline Pipers,2025,espn,ncaafb,
163,Princeton Tigers,2001,espn,ncaafb,
163,Princeton Tigers,2002,espn,ncaafb,
163,Princeton Tigers,2003,espn,ncaafb,
163,Princeton Tigers,2004,espn,ncaafb,
163,Princeton Tigers,2005,espn,ncaafb,
163,Princeton Tigers,2006,espn,ncaafb,
163,Princeton Tigers,2007,espn,ncaafb,
163,Princeton Tigers,2008,espn,ncaafb,
163,Princeton Tigers,2009,espn,ncaafb,
163,Princeton Tigers,2010,espn,ncaafb,
163,Princeton Tigers,2011,espn,ncaafb,
163,Princeton Tigers,2012,espn,ncaafb,
163,Princeton Tigers,2013,espn,ncaafb,
163,Princeton Tigers,2014,espn,ncaafb,
163,Princeton Tigers,2015,espn,ncaafb,
163,Princeton Tigers,2016,espn,ncaafb,
163,Princeton Tigers,2017,espn,ncaafb,
163,Princeton Tigers,2018,espn,ncaafb,
163,Princeton Tigers,2019,espn,ncaafb,
163,Princeton Tigers,2020,espn,ncaafb,
163,Princeton Tigers,2021,espn,ncaafb,
163,Princeton Tigers,2022,espn,ncaafb,
163,Princeton Tigers,2023,espn,ncaafb,
163,Princeton Tigers,2024,espn,ncaafb,
163,Princeton Tigers,2025,espn,ncaafb,
164,Rutgers Scarlet Knights,2001,espn,ncaafb,
164,Rutgers Scarlet Knights,2002,espn,ncaafb,
164,Rutgers Scarlet Knights,2003,espn,ncaafb,
164,Rutgers Scarlet Knights,2004,espn,ncaafb,
164,Rutgers Scarlet Knights,2005,espn,ncaafb,
164,Rutgers Scarlet Knights,2006,espn,ncaafb,
164,Rutgers Scarlet Knights,2007,espn,ncaafb,
164,Rutgers Scarlet Knights,2008,espn,ncaafb,
164,Rutgers Scarlet Knights,2009,espn,ncaafb,
164,Rutgers Scarlet Knights,2010,espn,ncaafb,
164,Rutgers Scarlet Knights,2011,espn,ncaafb,
164,Rutgers Scarlet Knights,2012,espn,ncaafb,
164,Rutgers Scarlet Knights,2013,espn,ncaafb,
164,Rutgers Scarlet Knights,2014,espn,ncaafb,
164,Rutgers Scarlet Knights,2015,espn,ncaafb,
164,Rutgers Scarlet Knights,2016,espn,ncaafb,
164,Rutgers Scarlet Knights,2017,espn,ncaafb,
164,Rutgers Scarlet Knights,2018,espn,ncaafb,
164,Rutgers Scarlet Knights,2019,espn,ncaafb,
164,Rutgers Scarlet Knights,2020,espn,ncaafb,
164,Rutgers Scarlet Knights,2021,espn,ncaafb,
164,Rutgers Scarlet Knights,2022,espn,ncaafb,
164,Rutgers Scarlet Knights,2023,espn,ncaafb,
164,Rutgers Scarlet Knights,2024,espn,ncaafb,
164,Rutgers Scarlet Knights,2025,espn,ncaafb,
166,New Mexico State Aggies,2001,espn,ncaafb,
166,New Mexico State Aggies,2002,espn,ncaafb,
166,New Mexico State Aggies,2003,espn,ncaafb,
166,New Mexico State Aggies,2004,espn,ncaafb,
166,New Mexico State Aggies,2005,espn,ncaafb,
166,New Mexico State Aggies,2006,espn,ncaafb,
166,New Mexico State Aggies,2007,espn,ncaafb,
166,New Mexico State Aggies,2008,espn,ncaafb,
166,New Mexico State Aggies,2009,espn,ncaafb,
166,New Mexico State Aggies,2010,espn,ncaafb,
166,New Mexico State Aggies,2011,espn,ncaafb,
166,New Mexico State Aggies,2012,espn,ncaafb,
166,New Mexico State Aggies,2013,espn,ncaafb,
166,New Mexico State Aggies,2014,espn,ncaafb,
166,New Mexico State Aggies,2015,espn,ncaafb,
166,New Mexico State Aggies,2016,espn,ncaafb,
166,New Mexico State Aggies,2017,espn,ncaafb,
166,New Mexico State Aggies,2018,espn,ncaafb,
166,New Mexico State Aggies,2019,espn,ncaafb,
166,New Mexico State Aggies,2021,espn,ncaafb,
166,New Mexico State Aggies,2022,espn,ncaafb,
166,New Mexico State Aggies,2023,espn,ncaafb,
166,New Mexico State Aggies,2024,espn,ncaafb,
166,New Mexico State Aggies,2025,espn,ncaafb,
167,New Mexico Lobos,2001,espn,ncaafb,
167,New Mexico Lobos,2002,espn,ncaafb,
167,New Mexico Lobos,2003,espn,ncaafb,
167,New Mexico Lobos,2004,espn,ncaafb,
167,New Mexico Lobos,2005,espn,ncaafb,
167,New Mexico Lobos,2006,espn,ncaafb,
167,New Mexico Lobos,2007,espn,ncaafb,
167,New Mexico Lobos,2008,espn,ncaafb,
167,New Mexico Lobos,2009,espn,ncaafb,
167,New Mexico Lobos,2010,espn,ncaafb,
167,New Mexico Lobos,2011,espn,ncaafb,
167,New Mexico Lobos,2012,espn,ncaafb,
167,New Mexico Lobos,2013,espn,ncaafb,
167,New Mexico Lobos,2014,espn,ncaafb,
167,New Mexico Lobos,2015,espn,ncaafb,
167,New Mexico Lobos,2016,espn,ncaafb,
167,New Mexico Lobos,2017,espn,ncaafb,
167,New Mexico Lobos,2018,espn,ncaafb,
167,New Mexico Lobos,2019,espn,ncaafb,
167,New Mexico Lobos,2020,espn,ncaafb,
167,New Mexico Lobos,2021,espn,ncaafb,
167,New Mexico Lobos,2022,espn,ncaafb,
167,New Mexico Lobos,2023,espn,ncaafb,
167,New Mexico Lobos,2024,espn,ncaafb,
167,New Mexico Lobos,2025,espn,ncaafb,
171,Columbia Lions,2001,espn,ncaafb,
171,Columbia Lions,2002,espn,ncaafb,
171,Columbia Lions,2003,espn,ncaafb,
171,Columbia Lions,2004,espn,ncaafb,
171,Columbia Lions,2005,espn,ncaafb,
171,Columbia Lions,2006,espn,ncaafb,
171,Columbia Lions,2007,espn,ncaafb,
171,Columbia Lions,2008,espn,ncaafb,
171,Columbia Lions,2009,espn,ncaafb,
171,Columbia Lions,2010,espn,ncaafb,
171,Columbia Lions,2011,espn,ncaafb,
171,Columbia Lions,2012,espn,ncaafb,
171,Columbia Lions,2013,espn,ncaafb,
171,Columbia Lions,2014,espn,ncaafb,
171,Columbia Lions,2015,espn,ncaafb,
171,Columbia Lions,2016,espn,ncaafb,
171,Columbia Lions,2017,espn,ncaafb,
171,Columbia Lions,2018,espn,ncaafb,
171,Columbia Lions,2019,espn,ncaafb,
171,Columbia Lions,2020,espn,ncaafb,
171,Columbia Lions,2021,espn,ncaafb,
171,Columbia Lions,2022,espn,ncaafb,
171,Columbia Lions,2023,espn,ncaafb,
171,Columbia Lions,2024,espn,ncaafb,
171,Columbia Lions,2025,espn,ncaafb,
172,Cornell Big Red,2001,espn,ncaafb,
172,Cornell Big Red,2002,espn,ncaafb,
172,Cornell Big Red,2003,espn,ncaafb,
172,Cornell Big Red,2004,espn,ncaafb,
172,Cornell Big Red,2005,espn,ncaafb,
172,Cornell Big Red,2006,espn,ncaafb,
172,Cornell Big Red,2007,espn,ncaafb,
172,Cornell Big Red,2008,espn,ncaafb,
172,Cornell Big Red,2009,espn,ncaafb,
172,Cornell Big Red,2010,espn,ncaafb,
172,Cornell Big Red,2011,espn,ncaafb,
172,Cornell Big Red,2012,espn,ncaafb,
172,Cornell Big Red,2013,espn,ncaafb,
172,Cornell Big Red,2014,espn,ncaafb,
172,Cornell Big Red,2015,espn,ncaafb,
172,Cornell Big Red,2016,espn,ncaafb,
172,Cornell Big Red,2017,espn,ncaafb,
172,Cornell Big Red,2018,espn,ncaafb,
172,Cornell Big Red,2019,espn,ncaafb,
172,Cornell Big Red,2020,espn,ncaafb,
172,Cornell Big Red,2021,espn,ncaafb,
172,Cornell Big Red,2022,espn,ncaafb,
172,Cornell Big Red,2023,espn,ncaafb,
172,Cornell Big Red,2024,espn,ncaafb,
172,Cornell Big Red,2025,espn,ncaafb,
173,Hartwick Hawks,2001,espn,ncaafb,
173,Hartwick Hawks,2004,espn,ncaafb,
173,Hartwick Hawks,2007,espn,ncaafb,
173,Hartwick Hawks,2008,espn,ncaafb,
173,Hartwick Hawks,2009,espn,ncaafb,
173,Hartwick Hawks,2010,espn,ncaafb,
173,Hartwick Hawks,2011,espn,ncaafb,
173,Hartwick Hawks,2012,espn,ncaafb,
173,Hartwick Hawks,2013,espn,ncaafb,
173,Hartwick Hawks,2014,espn,ncaafb,
173,Hartwick Hawks,2015,espn,ncaafb,
173,Hartwick Hawks,2016,espn,ncaafb,
173,Hartwick Hawks,2017,espn,ncaafb,
173,Hartwick Hawks,2018,espn,ncaafb,
173,Hartwick Hawks,2019,espn,ncaafb,
173,Hartwick Hawks,2020,espn,ncaafb,
173,Hartwick Hawks,2021,espn,ncaafb,
173,Hartwick Hawks,2022,espn,ncaafb,
173,Hartwick Hawks,2023,espn,ncaafb,
173,Hartwick Hawks,2024,espn,ncaafb,
173,Hartwick Hawks,2025,espn,ncaafb,
174,Hobart Statesmen,2007,espn,ncaafb,
174,Hobart Statesmen,2008,espn,ncaafb,
174,Hobart Statesmen,2009,espn,ncaafb,
174,Hobart Statesmen,2010,espn,ncaafb,
174,Hobart Statesmen,2011,espn,ncaafb,
174,Hobart Statesmen,2012,espn,ncaafb,
174,Hobart Statesmen,2013,espn,ncaafb,
174,Hobart Statesmen,2014,espn,ncaafb,
174,Hobart Statesmen,2015,espn,ncaafb,
174,Hobart Statesmen,2016,espn,ncaafb,
174,Hobart Statesmen,2017,espn,ncaafb,
174,Hobart Statesmen,2018,espn,ncaafb,
174,Hobart Statesmen,2019,espn,ncaafb,
174,Hobart Statesmen,2021,espn,ncaafb,
174,Hobart Statesmen,2022,espn,ncaafb,
174,Hobart Statesmen,2023,espn,ncaafb,
174,Hobart College Statesmen,2024,espn,ncaafb,
174,Hobart College Statesmen,2025,espn,ncaafb,
175,Ithaca Bombers,2007,espn,ncaafb,
175,Ithaca Bombers,2008,espn,ncaafb,
175,Ithaca Bombers,2009,espn,ncaafb,
175,Ithaca Bombers,2010,espn,ncaafb,
175,Ithaca Bombers,2011,espn,ncaafb,
175,Ithaca Bombers,2012,espn,ncaafb,
175,Ithaca Bombers,2013,espn,ncaafb,
175,Ithaca Bombers,2014,espn,ncaafb,
175,Ithaca Bombers,2015,espn,ncaafb,
175,Ithaca Bombers,2016,espn,ncaafb,
175,Ithaca Bombers,2017,espn,ncaafb,
175,Ithaca Bombers,2018,espn,ncaafb,
175,Ithaca Bombers,2019,espn,ncaafb,
175,Ithaca Bombers,2021,espn,ncaafb,
175,Ithaca Bombers,2022,espn,ncaafb,
175,Ithaca Bombers,2023,espn,ncaafb,
175,Ithaca Bombers,2024,espn,ncaafb,
175,Ithaca Bombers,2025,espn,ncaafb,
183,Syracuse Orange,2001,espn,ncaafb,
183,Syracuse Orange,2002,espn,ncaafb,
183,Syracuse Orange,2003,espn,ncaafb,
183,Syracuse Orange,2004,espn,ncaafb,
183,Syracuse Orange,2005,espn,ncaafb,
183,Syracuse Orange,2006,espn,ncaafb,
183,Syracuse Orange,2007,espn,ncaafb,
183,Syracuse Orange,2008,espn,ncaafb,
183,Syracuse Orange,2009,espn,ncaafb,
183,Syracuse Orange,2010,espn,ncaafb,
183,Syracuse Orange,2011,espn,ncaafb,
183,Syracuse Orange,2012,espn,ncaafb,
183,Syracuse Orange,2013,espn,ncaafb,
183,Syracuse Orange,2014,espn,ncaafb,
183,Syracuse Orange,2015,espn,ncaafb,
183,Syracuse Orange,2016,espn,ncaafb,
183,Syracuse Orange,2017,espn,ncaafb,
183,Syracuse Orange,2018,espn,ncaafb,
183,Syracuse Orange,2019,espn,ncaafb,
183,Syracuse Orange,2020,espn,ncaafb,
183,Syracuse Orange,2021,espn,ncaafb,
183,Syracuse Orange,2022,espn,ncaafb,
183,Syracuse Orange,2023,espn,ncaafb,
183,Syracuse Orange,2024,espn,ncaafb,
183,Syracuse Orange,2025,espn,ncaafb,
184,Rochester Yellow Jackets,2007,espn,ncaafb,
184,Rochester Yellow Jackets,2008,espn,ncaafb,
184,Rochester Yellow Jackets,2009,espn,ncaafb,
184,Rochester Yellow Jackets,2010,espn,ncaafb,
184,Rochester Yellow Jackets,2011,espn,ncaafb,
184,Rochester Yellow Jackets,2012,espn,ncaafb,
184,Rochester Yellow Jackets,2013,espn,ncaafb,
184,Rochester Yellow Jackets,2014,espn,ncaafb,
184,Rochester Yellow Jackets,2015,espn,ncaafb,
184,Rochester Yellow Jackets,2016,espn,ncaafb,
184,Rochester Yellow Jackets,2017,espn,ncaafb,
184,Rochester Yellow Jackets,2018,espn,ncaafb,
184,Rochester Yellow Jackets,2019,espn,ncaafb,
184,Rochester Yellow Jackets,2021,espn,ncaafb,
184,Rochester Yellow Jackets,2022,espn,ncaafb,
184,University of Rochester (NY) Yellow Jackets,2023,espn,ncaafb,
184,University of Rochester (NY) Yellow Jackets,2024,espn,ncaafb,
184,University of Rochester (NY) Yellow Jackets,2025,espn,ncaafb,
188,Baldwin-Wallace Yellow Jackets,2007,espn,ncaafb,
188,Baldwin-Wallace Yellow Jackets,2008,espn,ncaafb,
188,Baldwin-Wallace Yellow Jackets,2009,espn,ncaafb,
188,Baldwin-Wallace Yellow Jackets,2010,espn,ncaafb,
188,Baldwin-Wallace Yellow Jackets,2011,espn,ncaafb,
188,Baldwin-Wallace Yellow Jackets,2012,espn,ncaafb,
188,Baldwin-Wallace Yellow Jackets,2013,espn,ncaafb,
188,Baldwin-Wallace Yellow Jackets,2014,espn,ncaafb,
188,Baldwin-Wallace Yellow Jackets,2015,espn,ncaafb,
188,Baldwin-Wallace Yellow Jackets,2016,espn,ncaafb,
188,Baldwin-Wallace Yellow Jackets,2017,espn,ncaafb,
188,Baldwin-Wallace Yellow Jackets,2018,espn,ncaafb,
188,Baldwin Wallace Yellow Jackets,2019,espn,ncaafb,
188,Baldwin Wallace Yellow Jackets,2021,espn,ncaafb,
188,Baldwin Wallace Yellow Jackets,2022,espn,ncaafb,
188,Baldwin Wallace Yellow Jackets,2023,espn,ncaafb,
188,Baldwin Wallace Yellow Jackets,2024,espn,ncaafb,
188,Baldwin Wallace Yellow Jackets,2025,espn,ncaafb,
189,Bowling Green Falcons,2001,espn,ncaafb,
189,Bowling Green Falcons,2002,espn,ncaafb,
189,Bowling Green Falcons,2003,espn,ncaafb,
189,Bowling Green Falcons,2004,espn,ncaafb,
189,Bowling Green Falcons,2005,espn,ncaafb,
189,Bowling Green Falcons,2006,espn,ncaafb,
189,Bowling Green Falcons,2007,espn,ncaafb,
189,Bowling Green Falcons,2008,espn,ncaafb,
189,Bowling Green Falcons,2009,espn,ncaafb,
189,Bowling Green Falcons,2010,espn,ncaafb,
189,Bowling Green Falcons,2011,espn,ncaafb,
189,Bowling Green Falcons,2012,espn,ncaafb,
189,Bowling Green Falcons,2013,espn,ncaafb,
189,Bowling Green Falcons,2014,espn,ncaafb,
189,Bowling Green Falcons,2015,espn,ncaafb,
189,Bowling Green Falcons,2016,espn,ncaafb,
189,Bowling Green Falcons,2017,espn,ncaafb,
189,Bowling Green Falcons,2018,espn,ncaafb,
189,Bowling Green Falcons,2019,espn,ncaafb,
189,Bowling Green Falcons,2020,espn,ncaafb,
189,Bowling Green Falcons,2021,espn,ncaafb,
189,Bowling Green Falcons,2022,espn,ncaafb,
189,Bowling Green Falcons,2023,espn,ncaafb,
189,Bowling Green Falcons,2024,espn,ncaafb,
189,Bowling Green Falcons,2025,espn,ncaafb,
190,Defiance Yellow Jackets,2007,espn,ncaafb,
190,Defiance Yellow Jackets,2008,espn,ncaafb,
190,Defiance Yellow Jackets,2009,espn,ncaafb,
190,Defiance Yellow Jackets,2010,espn,ncaafb,
190,Defiance Yellow Jackets,2011,espn,ncaafb,
190,Defiance Yellow Jackets,2012,espn,ncaafb,
190,Defiance Yellow Jackets,2013,espn,ncaafb,
190,Defiance Yellow Jackets,2014,espn,ncaafb,
190,Defiance Yellow Jackets,2015,espn,ncaafb,
190,Defiance Yellow Jackets,2016,espn,ncaafb,
190,Defiance Yellow Jackets,2017,espn,ncaafb,
190,Defiance Yellow Jackets,2018,espn,ncaafb,
190,Defiance Yellow Jackets,2019,espn,ncaafb,
190,Defiance Yellow Jackets,2021,espn,ncaafb,
190,Defiance Yellow Jackets,2022,espn,ncaafb,
190,Defiance Yellow Jackets,2023,espn,ncaafb,
190,Defiance Yellow Jackets,2024,espn,ncaafb,
191,Heidelberg Student Princes,2007,espn,ncaafb,
191,Heidelberg Student Princes,2008,espn,ncaafb,
191,Heidelberg Student Princes,2009,espn,ncaafb,
191,Heidelberg Student Princes,2010,espn,ncaafb,
191,Heidelberg Student Princes,2011,espn,ncaafb,
191,Heidelberg Student Princes,2012,espn,ncaafb,
191,Heidelberg Student Princes,2013,espn,ncaafb,
191,Heidelberg Student Princes,2014,espn,ncaafb,
191,Heidelberg Student Princes,2015,espn,ncaafb,
191,Heidelberg Student Princes,2016,espn,ncaafb,
191,Heidelberg Student Princes,2017,espn,ncaafb,
191,Heidelberg Student Princes,2018,espn,ncaafb,
191,Heidelberg Student Princes,2019,espn,ncaafb,
191,Heidelberg Student Princes,2021,espn,ncaafb,
191,Heidelberg Student Princes,2022,espn,ncaafb,
191,Heidelberg Student Princes,2023,espn,ncaafb,
191,Heidelberg Student Princes,2024,espn,ncaafb,
191,Heidelberg Student Princes,2025,espn,ncaafb,
193,Miami (OH) RedHawks,2001,espn,ncaafb,
193,Miami (OH) RedHawks,2002,espn,ncaafb,
193,Miami (OH) RedHawks,2003,espn,ncaafb,
193,Miami (OH) RedHawks,2004,espn,ncaafb,
193,Miami (OH) RedHawks,2005,espn,ncaafb,
193,Miami (OH) RedHawks,2006,espn,ncaafb,
193,Miami (OH) RedHawks,2007,espn,ncaafb,
193,Miami (OH) RedHawks,2008,espn,ncaafb,
193,Miami (OH) RedHawks,2009,espn,ncaafb,
193,Miami (OH) RedHawks,2010,espn,ncaafb,
193,Miami (OH) RedHawks,2011,espn,ncaafb,
193,Miami (OH) RedHawks,2012,espn,ncaafb,
193,Miami (OH) RedHawks,2013,espn,ncaafb,
193,Miami (OH) RedHawks,2014,espn,ncaafb,
193,Miami (OH) RedHawks,2015,espn,ncaafb,
193,Miami (OH) RedHawks,2016,espn,ncaafb,
193,Miami (OH) RedHawks,2017,espn,ncaafb,
193,Miami (OH) RedHawks,2018,espn,ncaafb,
193,Miami (OH) RedHawks,2019,espn,ncaafb,
193,Miami (OH) RedHawks,2020,espn,ncaafb,
193,Miami (OH) RedHawks,2021,espn,ncaafb,
193,Miami (OH) RedHawks,2022,espn,ncaafb,
193,Miami (OH) RedHawks,2023,espn,ncaafb,
193,Miami (OH) RedHawks,2024,espn,ncaafb,
193,Miami (OH) RedHawks,2025,espn,ncaafb,
194,Ohio State Buckeyes,2001,espn,ncaafb,
194,Ohio State Buckeyes,2002,espn,ncaafb,
194,Ohio State Buckeyes,2003,espn,ncaafb,
194,Ohio State Buckeyes,2004,espn,ncaafb,
194,Ohio State Buckeyes,2005,espn,ncaafb,
194,Ohio State Buckeyes,2006,espn,ncaafb,
194,Ohio State Buckeyes,2007,espn,ncaafb,
194,Ohio State Buckeyes,2008,espn,ncaafb,
194,Ohio State Buckeyes,2009,espn,ncaafb,
194,Ohio State Buckeyes,2010,espn,ncaafb,
194,Ohio State Buckeyes,2011,espn,ncaafb,
194,Ohio State Buckeyes,2012,espn,ncaafb,
194,Ohio State Buckeyes,2013,espn,ncaafb,
194,Ohio State Buckeyes,2014,espn,ncaafb,
194,Ohio State Buckeyes,2015,espn,ncaafb,
194,Ohio State Buckeyes,2016,espn,ncaafb,
194,Ohio State Buckeyes,2017,espn,ncaafb,
194,Ohio State Buckeyes,2018,espn,ncaafb,
194,Ohio State Buckeyes,2019,espn,ncaafb,
194,Ohio State Buckeyes,2020,espn,ncaafb,
194,Ohio State Buckeyes,2021,espn,ncaafb,
194,Ohio State Buckeyes,2022,espn,ncaafb,
194,Ohio State Buckeyes,2023,espn,ncaafb,
194,Ohio State Buckeyes,2024,espn,ncaafb,
194,Ohio State Buckeyes,2025,espn,ncaafb,
195,Ohio Bobcats,2001,espn,ncaafb,
195,Ohio Bobcats,2002,espn,ncaafb,
195,Ohio Bobcats,2003,espn,ncaafb,
195,Ohio Bobcats,2004,espn,ncaafb,
195,Ohio Bobcats,2005,espn,ncaafb,
195,Ohio Bobcats,2006,espn,ncaafb,
195,Ohio Bobcats,2007,espn,ncaafb,
195,Ohio Bobcats,2008,espn,ncaafb,
195,Ohio Bobcats,2009,espn,ncaafb,
195,Ohio Bobcats,2010,espn,ncaafb,
195,Ohio Bobcats,2011,espn,ncaafb,
195,Ohio Bobcats,2012,espn,ncaafb,
195,Ohio Bobcats,2013,espn,ncaafb,
195,Ohio Bobcats,2014,espn,ncaafb,
195,Ohio Bobcats,2015,espn,ncaafb,
195,Ohio Bobcats,2016,espn,ncaafb,
195,Ohio Bobcats,2017,espn,ncaafb,
195,Ohio Bobcats,2018,espn,ncaafb,
195,Ohio Bobcats,2019,espn,ncaafb,
195,Ohio Bobcats,2020,espn,ncaafb,
195,Ohio Bobcats,2021,espn,ncaafb,
195,Ohio Bobcats,2022,espn,ncaafb,
195,Ohio Bobcats,2023,espn,ncaafb,
195,Ohio Bobcats,2024,espn,ncaafb,
195,Ohio Bobcats,2025,espn,ncaafb,
196,Northeastern State RiverHawks,2007,espn,ncaafb,
196,Northeastern State RiverHawks,2008,espn,ncaafb,
196,Northeastern State RiverHawks,2009,espn,ncaafb,
196,Northeastern State RiverHawks,2010,espn,ncaafb,
196,Northeastern State RiverHawks,2011,espn,ncaafb,
196,Northeastern State RiverHawks,2012,espn,ncaafb,
196,Northeastern State RiverHawks,2013,espn,ncaafb,
196,Northeastern State RiverHawks,2014,espn,ncaafb,
196,Northeastern State RiverHawks,2015,espn,ncaafb,
196,Northeastern State RiverHawks,2016,espn,ncaafb,
196,Northeastern State RiverHawks,2017,espn,ncaafb,
196,Northeastern State RiverHawks,2018,espn,ncaafb,
196,Northeastern State RiverHawks,2019,espn,ncaafb,
196,Northeastern State RiverHawks,2021,espn,ncaafb,
196,Northeastern State RiverHawks,2022,espn,ncaafb,
196,Northeastern State River Hawks,2023,espn,ncaafb,
196,Northeastern State RiverHawks,2024,espn,ncaafb,
196,Northeastern State RiverHawks,2025,espn,ncaafb,
197,Oklahoma State Cowboys,2001,espn,ncaafb,
197,Oklahoma State Cowboys,2002,espn,ncaafb,
197,Oklahoma State Cowboys,2003,espn,ncaafb,
197,Oklahoma State Cowboys,2004,espn,ncaafb,
197,Oklahoma State Cowboys,2005,espn,ncaafb,
197,Oklahoma State Cowboys,2006,espn,ncaafb,
197,Oklahoma State Cowboys,2007,espn,ncaafb,
197,Oklahoma State Cowboys,2008,espn,ncaafb,
197,Oklahoma State Cowboys,2009,espn,ncaafb,
197,Oklahoma State Cowboys,2010,espn,ncaafb,
197,Oklahoma State Cowboys,2011,espn,ncaafb,
197,Oklahoma State Cowboys,2012,espn,ncaafb,
197,Oklahoma State Cowboys,2013,espn,ncaafb,
197,Oklahoma State Cowboys,2014,espn,ncaafb,
197,Oklahoma State Cowboys,2015,espn,ncaafb,
197,Oklahoma State Cowboys,2016,espn,ncaafb,
197,Oklahoma State Cowboys,2017,espn,ncaafb,
197,Oklahoma State Cowboys,2018,espn,ncaafb,
197,Oklahoma State Cowboys,2019,espn,ncaafb,
197,Oklahoma State Cowboys,2020,espn,ncaafb,
197,Oklahoma State Cowboys,2021,espn,ncaafb,
197,Oklahoma State Cowboys,2022,espn,ncaafb,
197,Oklahoma State Cowboys,2023,espn,ncaafb,
197,Oklahoma State Cowboys,2024,espn,ncaafb,
197,Oklahoma State Cowboys,2025,espn,ncaafb,
199,Southeastern Oklahoma Savage Storm,2007,espn,ncaafb,
199,Southeastern Oklahoma Savage Storm,2008,espn,ncaafb,
199,Southeastern Oklahoma Savage Storm,2009,espn,ncaafb,
199,Southeastern Oklahoma Savage Storm,2010,espn,ncaafb,
199,Southeastern Oklahoma Savage Storm,2011,espn,ncaafb,
199,Southeastern Oklahoma Savage Storm,2012,espn,ncaafb,
199,Southeastern Oklahoma Savage Storm,2013,espn,ncaafb,
199,Southeastern Oklahoma Savage Storm,2014,espn,ncaafb,
199,Southeastern Oklahoma Savage Storm,2015,espn,ncaafb,
199,Southeastern Oklahoma Savage Storm,2016,espn,ncaafb,
199,Southeastern Oklahoma Savage Storm,2017,espn,ncaafb,
199,Southeastern Oklahoma Savage Storm,2018,espn,ncaafb,
199,Southeastern Oklahoma Savage Storm,2019,espn,ncaafb,
199,Southeastern Oklahoma Savage Storm,2021,espn,ncaafb,
199,Southeastern Oklahoma Savage Storm,2022,espn,ncaafb,
199,Southeastern Oklahoma State Savage Storm,2023,espn,ncaafb,
199,Southeastern Oklahoma State Savage Storm,2024,espn,ncaafb,
199,Southeastern Oklahoma State Savage Storm,2025,espn,ncaafb,
200,Southern Nazarene Crimson Storm,2007,espn,ncaafb,
200,Southern Nazarene Crimson Storm,2008,espn,ncaafb,
200,Southern Nazarene Crimson Storm,2009,espn,ncaafb,
200,Southern Nazarene Crimson Storm,2010,espn,ncaafb,
200,Southern Nazarene Crimson Storm,2011,espn,ncaafb,
200,Southern Nazarene Crimson Storm,2012,espn,ncaafb,
200,Southern Nazarene Crimson Storm,2013,espn,ncaafb,
200,Southern Nazarene Crimson Storm,2014,espn,ncaafb,
200,Southern Nazarene Crimson Storm,2015,espn,ncaafb,
200,Southern Nazarene Crimson Storm,2016,espn,ncaafb,
200,Southern Nazarene Crimson Storm,2017,espn,ncaafb,
200,Southern Nazarene Crimson Storm,2018,espn,ncaafb,
200,Southern Nazarene Crimson Storm,2019,espn,ncaafb,
200,Southern Nazarene Crimson Storm,2021,espn,ncaafb,
200,Southern Nazarene Crimson Storm,2022,espn,ncaafb,
200,Southern Nazarene Crimson Storm,2023,espn,ncaafb,
200,Southern Nazarene Crimson Storm,2024,espn,ncaafb,
200,Southern Nazarene Crimson Storm,2025,espn,ncaafb,
201,Oklahoma Sooners,2001,espn,ncaafb,
201,Oklahoma Sooners,2002,espn,ncaafb,
201,Oklahoma Sooners,2003,espn,ncaafb,
201,Oklahoma Sooners,2004,espn,ncaafb,
201,Oklahoma Sooners,2005,espn,ncaafb,
201,Oklahoma Sooners,2006,espn,ncaafb,
201,Oklahoma Sooners,2007,espn,ncaafb,
201,Oklahoma Sooners,2008,espn,ncaafb,
201,Oklahoma Sooners,2009,espn,ncaafb,
201,Oklahoma Sooners,2010,espn,ncaafb,
201,Oklahoma Sooners,2011,espn,ncaafb,
201,Oklahoma Sooners,2012,espn,ncaafb,
201,Oklahoma Sooners,2013,espn,ncaafb,
201,Oklahoma Sooners,2014,espn,ncaafb,
201,Oklahoma Sooners,2015,espn,ncaafb,
201,Oklahoma Sooners,2016,espn,ncaafb,
201,Oklahoma Sooners,2017,espn,ncaafb,
201,Oklahoma Sooners,2018,espn,ncaafb,
201,Oklahoma Sooners,2019,espn,ncaafb,
201,Oklahoma Sooners,2020,espn,ncaafb,
201,Oklahoma Sooners,2021,espn,ncaafb,
201,Oklahoma Sooners,2022,espn,ncaafb,
201,Oklahoma Sooners,2023,espn,ncaafb,
201,Oklahoma Sooners,2024,espn,ncaafb,
201,Oklahoma Sooners,2025,espn,ncaafb,
202,Tulsa Golden Hurricane,2001,espn,ncaafb,
202,Tulsa Golden Hurricane,2002,espn,ncaafb,
202,Tulsa Golden Hurricane,2003,espn,ncaafb,
202,Tulsa Golden Hurricane,2004,espn,ncaafb,
202,Tulsa Golden Hurricane,2005,espn,ncaafb,
202,Tulsa Golden Hurricane,2006,espn,ncaafb,
202,Tulsa Golden Hurricane,2007,espn,ncaafb,
202,Tulsa Golden Hurricane,2008,espn,ncaafb,
202,Tulsa Golden Hurricane,2009,espn,ncaafb,
202,Tulsa Golden Hurricane,2010,espn,ncaafb,
202,Tulsa Golden Hurricane,2011,espn,ncaafb,
202,Tulsa Golden Hurricane,2012,espn,ncaafb,
202,Tulsa Golden Hurricane,2013,espn,ncaafb,
202,Tulsa Golden Hurricane,2014,espn,ncaafb,
202,Tulsa Golden Hurricane,2015,espn,ncaafb,
202,Tulsa Golden Hurricane,2016,espn,ncaafb,
202,Tulsa Golden Hurricane,2017,espn,ncaafb,
202,Tulsa Golden Hurricane,2018,espn,ncaafb,
202,Tulsa Golden Hurricane,2019,espn,ncaafb,
202,Tulsa Golden Hurricane,2020,espn,ncaafb,
202,Tulsa Golden Hurricane,2021,espn,ncaafb,
202,Tulsa Golden Hurricane,2022,espn,ncaafb,
202,Tulsa Golden Hurricane,2023,espn,ncaafb,
202,Tulsa Golden Hurricane,2024,espn,ncaafb,
202,Tulsa Golden Hurricane,2025,espn,ncaafb,
203,Linfield Wildcats,2006,espn,ncaafb,
203,Linfield Wildcats,2007,espn,ncaafb,
203,Linfield Wildcats,2008,espn,ncaafb,
203,Linfield Wildcats,2009,espn,ncaafb,
203,Linfield Wildcats,2010,espn,ncaafb,
203,Linfield Wildcats,2011,espn,ncaafb,
203,Linfield Wildcats,2012,espn,ncaafb,
203,Linfield Wildcats,2013,espn,ncaafb,
203,Linfield Wildcats,2014,espn,ncaafb,
203,Linfield Wildcats,2015,espn,ncaafb,
203,Linfield Wildcats,2016,espn,ncaafb,
203,Linfield Wildcats,2017,espn,ncaafb,
203,Linfield Wildcats,2018,espn,ncaafb,
203,Linfield Wildcats,2019,espn,ncaafb,
203,Linfield Wildcats,2021,espn,ncaafb,
203,Linfield Wildcats,2022,espn,ncaafb,
203,Linfield Wildcats,2023,espn,ncaafb,
203,Linfield Wildcats,2024,espn,ncaafb,
203,Linfield Wildcats,2025,espn,ncaafb,
204,Oregon State Beavers,2001,espn,ncaafb,
204,Oregon State Beavers,2002,espn,ncaafb,
204,Oregon State Beavers,2003,espn,ncaafb,
204,Oregon State Beavers,2004,espn,ncaafb,
204,Oregon State Beavers,2005,espn,ncaafb,
204,Oregon State Beavers,2006,espn,ncaafb,
204,Oregon State Beavers,2007,espn,ncaafb,
204,Oregon State Beavers,2008,espn,ncaafb,
204,Oregon State Beavers,2009,espn,ncaafb,
204,Oregon State Beavers,2010,espn,ncaafb,
204,Oregon State Beavers,2011,espn,ncaafb,
204,Oregon State Beavers,2012,espn,ncaafb,
204,Oregon State Beavers,2013,espn,ncaafb,
204,Oregon State Beavers,2014,espn,ncaafb,
204,Oregon State Beavers,2015,espn,ncaafb,
204,Oregon State Beavers,2016,espn,ncaafb,
204,Oregon State Beavers,2017,espn,ncaafb,
204,Oregon State Beavers,2018,espn,ncaafb,
204,Oregon State Beavers,2019,espn,ncaafb,
204,Oregon State Beavers,2020,espn,ncaafb,
204,Oregon State Beavers,2021,espn,ncaafb,
204,Oregon State Beavers,2022,espn,ncaafb,
204,Oregon State Beavers,2023,espn,ncaafb,
204,Oregon State Beavers,2024,espn,ncaafb,
204,Oregon State Beavers,2025,espn,ncaafb,
205,Pacific (OR) Boxers,2010,espn,ncaafb,
205,Pacific (OR) Boxers,2011,espn,ncaafb,
205,Pacific (OR) Boxers,2012,espn,ncaafb,
205,Pacific (OR) Boxers,2013,espn,ncaafb,
205,Pacific (OR) Boxers,2014,espn,ncaafb,
205,Pacific (OR) Boxers,2015,espn,ncaafb,
205,Pacific (OR) Boxers,2016,espn,ncaafb,
205,Pacific (OR) Boxers,2017,espn,ncaafb,
205,Pacific (OR) Boxers,2018,espn,ncaafb,
205,Pacific (OR) Boxers,2019,espn,ncaafb,
205,Pacific (OR) Boxers,2021,espn,ncaafb,
205,Pacific (OR) Boxers,2022,espn,ncaafb,
205,Pacific (OR) Boxers,2023,espn,ncaafb,
205,Pacific (OR) Boxers,2024,espn,ncaafb,
205,Pacific (OR) Boxers,2025,espn,ncaafb,
209,Lock Haven Bald Eagles,2001,espn,ncaafb,
209,Lock Haven Bald Eagles,2002,espn,ncaafb,
209,Lock Haven Bald Eagles,2003,espn,ncaafb,
209,Lock Haven Bald Eagles,2004,espn,ncaafb,
209,Lock Haven Bald Eagles,2005,espn,ncaafb,
209,Lock Haven Bald Eagles,2006,espn,ncaafb,
209,Lock Haven Bald Eagles,2007,espn,ncaafb,
209,Lock Haven Bald Eagles,2008,espn,ncaafb,
209,Lock Haven Bald Eagles,2009,espn,ncaafb,
209,Lock Haven Bald Eagles,2010,espn,ncaafb,
209,Lock Haven Bald Eagles,2011,espn,ncaafb,
209,Lock Haven Bald Eagles,2012,espn,ncaafb,
209,Lock Haven Bald Eagles,2013,espn,ncaafb,
209,Lock Haven Bald Eagles,2014,espn,ncaafb,
209,Lock Haven Bald Eagles,2015,espn,ncaafb,
209,Lock Haven Bald Eagles,2016,espn,ncaafb,
209,Lock Haven Bald Eagles,2017,espn,ncaafb,
209,Lock Haven Bald Eagles,2018,espn,ncaafb,
209,Lock Haven Bald Eagles,2019,espn,ncaafb,
209,Lock Haven Bald Eagles,2020,espn,ncaafb,
209,Lock Haven Bald Eagles,2021,espn,ncaafb,
209,Lock Haven Bald Eagles,2022,espn,ncaafb,
209,Lock Haven Bald Eagles,2023,espn,ncaafb,
209,Lock Haven University Bald Eagles,2024,espn,ncaafb,
209,Lock Haven University Bald Eagles,2025,espn,ncaafb,
210,Millersville Marauders,2001,espn,ncaafb,
210,Millersville Marauders,2005,espn,ncaafb,
210,Millersville Marauders,2007,espn,ncaafb,
210,Millersville Marauders,2008,espn,ncaafb,
210,Millersville Marauders,2009,espn,ncaafb,
210,Millersville Marauders,2010,espn,ncaafb,
210,Millersville Marauders,2011,espn,ncaafb,
210,Millersville Marauders,2012,espn,ncaafb,
210,Millersville Marauders,2013,espn,ncaafb,
210,Millersville Marauders,2014,espn,ncaafb,
210,Millersville Marauders,2015,espn,ncaafb,
210,Millersville Marauders,2016,espn,ncaafb,
210,Millersville Marauders,2017,espn,ncaafb,
210,Millersville University Marauders,2018,espn,ncaafb,
210,Millersville University Marauders,2019,espn,ncaafb,
210,Millersville University Marauders,2020,espn,ncaafb,
210,Millersville University Marauders,2021,espn,ncaafb,
210,Millersville University Marauders,2022,espn,ncaafb,
210,Millersville Marauders,2023,espn,ncaafb,
210,Millersville Marauders,2024,espn,ncaafb,
210,Millersville Marauders,2025,espn,ncaafb,
213,Penn State Nittany Lions,2001,espn,ncaafb,
213,Penn State Nittany Lions,2002,espn,ncaafb,
213,Penn State Nittany Lions,2003,espn,ncaafb,
213,Penn State Nittany Lions,2004,espn,ncaafb,
213,Penn State Nittany Lions,2005,espn,ncaafb,
213,Penn State Nittany Lions,2006,espn,ncaafb,
213,Penn State Nittany Lions,2007,espn,ncaafb,
213,Penn State Nittany Lions,2008,espn,ncaafb,
213,Penn State Nittany Lions,2009,espn,ncaafb,
213,Penn State Nittany Lions,2010,espn,ncaafb,
213,Penn State Nittany Lions,2011,espn,ncaafb,
213,Penn State Nittany Lions,2012,espn,ncaafb,
213,Penn State Nittany Lions,2013,espn,ncaafb,
213,Penn State Nittany Lions,2014,espn,ncaafb,
213,Penn State Nittany Lions,2015,espn,ncaafb,
213,Penn State Nittany Lions,2016,espn,ncaafb,
213,Penn State Nittany Lions,2017,espn,ncaafb,
213,Penn State Nittany Lions,2018,espn,ncaafb,
213,Penn State Nittany Lions,2019,espn,ncaafb,
213,Penn State Nittany Lions,2020,espn,ncaafb,
213,Penn State Nittany Lions,2021,espn,ncaafb,
213,Penn State Nittany Lions,2022,espn,ncaafb,
213,Penn State Nittany Lions,2023,espn,ncaafb,
213,Penn State Nittany Lions,2024,espn,ncaafb,
213,Penn State Nittany Lions,2025,espn,ncaafb,
215,Slippery Rock The Rock,2001,espn,ncaafb,
215,Slippery Rock The Rock,2002,espn,ncaafb,
215,Slippery Rock The Rock,2003,espn,ncaafb,
215,Slippery Rock The Rock,2004,espn,ncaafb,
215,Slippery Rock The Rock,2005,espn,ncaafb,
215,Slippery Rock The Rock,2006,espn,ncaafb,
215,Slippery Rock The Rock,2007,espn,ncaafb,
215,Slippery Rock The Rock,2008,espn,ncaafb,
215,Slippery Rock The Rock,2009,espn,ncaafb,
215,Slippery Rock The Rock,2010,espn,ncaafb,
215,Slippery Rock The Rock,2011,espn,ncaafb,
215,Slippery Rock The Rock,2012,espn,ncaafb,
215,Slippery Rock The Rock,2013,espn,ncaafb,
215,Slippery Rock The Rock,2014,espn,ncaafb,
215,Slippery Rock The Rock,2015,espn,ncaafb,
215,Slippery Rock The Rock,2016,espn,ncaafb,
215,Slippery Rock The Rock,2017,espn,ncaafb,
215,Slippery Rock The Rock,2018,espn,ncaafb,
215,Slippery Rock The Rock,2019,espn,ncaafb,
215,Slippery Rock The Rock,2020,espn,ncaafb,
215,Slippery Rock The Rock,2021,espn,ncaafb,
215,Slippery Rock The Rock,2022,espn,ncaafb,
215,Slippery Rock The Rock,2023,espn,ncaafb,
215,Slippery Rock The Rock,2024,espn,ncaafb,
215,Slippery Rock The Rock,2025,espn,ncaafb,
216,Susquehanna Crusaders,2007,espn,ncaafb,
216,Susquehanna Crusaders,2008,espn,ncaafb,
216,Susquehanna Crusaders,2009,espn,ncaafb,
216,Susquehanna Crusaders,2010,espn,ncaafb,
216,Susquehanna Crusaders,2011,espn,ncaafb,
216,Susquehanna Crusaders,2012,espn,ncaafb,
216,Susquehanna Crusaders,2013,espn,ncaafb,
216,Susquehanna Crusaders,2014,espn,ncaafb,
216,Susquehanna Crusaders,2015,espn,ncaafb,
216,Susquehanna Crusaders,2016,espn,ncaafb,
216,Susquehanna Crusaders,2017,espn,ncaafb,
216,Susquehanna University River Hawks,2018,espn,ncaafb,
216,Susquehanna University River Hawks,2019,espn,ncaafb,
216,Susquehanna University River Hawks,2020,espn,ncaafb,
216,Susquehanna University River Hawks,2021,espn,ncaafb,
216,Susquehanna University River Hawks,2022,espn,ncaafb,
216,Susquehanna University River Hawks,2023,espn,ncaafb,
216,Susquehanna River Hawks,2024,espn,ncaafb,
216,Susquehanna River Hawks,2025,espn,ncaafb,
218,Temple Owls,2001,espn,ncaafb,
218,Temple Owls,2002,espn,ncaafb,
218,Temple Owls,2003,espn,ncaafb,
218,Temple Owls,2004,espn,ncaafb,
218,Temple Owls,2005,espn,ncaafb,
218,Temple Owls,2006,espn,ncaafb,
218,Temple Owls,2007,espn,ncaafb,
218,Temple Owls,2008,espn,ncaafb,
218,Temple Owls,2009,espn,ncaafb,
218,Temple Owls,2010,espn,ncaafb,
218,Temple Owls,2011,espn,ncaafb,
218,Temple Owls,2012,espn,ncaafb,
218,Temple Owls,2013,espn,ncaafb,
218,Temple Owls,2014,espn,ncaafb,
218,Temple Owls,2015,espn,ncaafb,
218,Temple Owls,2016,espn,ncaafb,
218,Temple Owls,2017,espn,ncaafb,
218,Temple Owls,2018,espn,ncaafb,
218,Temple Owls,2019,espn,ncaafb,
218,Temple Owls,2020,espn,ncaafb,
218,Temple Owls,2021,espn,ncaafb,
218,Temple Owls,2022,espn,ncaafb,
218,Temple Owls,2023,espn,ncaafb,
218,Temple Owls,2024,espn,ncaafb,
218,Temple Owls,2025,espn,ncaafb,
219,Pennsylvania Quakers,2001,espn,ncaafb,
219,Penn Quakers,2002,espn,ncaafb,
219,Penn Quakers,2003,espn,ncaafb,
219,Penn Quakers,2004,espn,ncaafb,
219,Penn Quakers,2005,espn,ncaafb,
219,Penn Quakers,2006,espn,ncaafb,
219,Penn Quakers,2007,espn,ncaafb,
219,Penn Quakers,2008,espn,ncaafb,
219,Penn Quakers,2009,espn,ncaafb,
219,Penn Quakers,2010,espn,ncaafb,
219,Penn Quakers,2011,espn,ncaafb,
219,Penn Quakers,2012,espn,ncaafb,
219,Penn Quakers,2013,espn,ncaafb,
219,Penn Quakers,2014,espn,ncaafb,
219,Penn Quakers,2015,espn,ncaafb,
219,Penn Quakers,2016,espn,ncaafb,
219,Pennsylvania Quakers,2017,espn,ncaafb,
219,Pennsylvania Quakers,2018,espn,ncaafb,
219,Pennsylvania Quakers,2019,espn,ncaafb,
219,Pennsylvania Quakers,2020,espn,ncaafb,
219,Pennsylvania Quakers,2021,espn,ncaafb,
219,Pennsylvania Quakers,2022,espn,ncaafb,
219,Pennsylvania Quakers,2023,espn,ncaafb,
219,Pennsylvania Quakers,2024,espn,ncaafb,
219,Pennsylvania Quakers,2025,espn,ncaafb,
221,Pittsburgh Panthers,2001,espn,ncaafb,
221,Pittsburgh Panthers,2002,espn,ncaafb,
221,Pittsburgh Panthers,2003,espn,ncaafb,
221,Pittsburgh Panthers,2004,espn,ncaafb,
221,Pittsburgh Panthers,2005,espn,ncaafb,
221,Pittsburgh Panthers,2006,espn,ncaafb,
221,Pittsburgh Panthers,2007,espn,ncaafb,
221,Pittsburgh Panthers,2008,espn,ncaafb,
221,Pittsburgh Panthers,2009,espn,ncaafb,
221,Pittsburgh Panthers,2010,espn,ncaafb,
221,Pittsburgh Panthers,2011,espn,ncaafb,
221,Pittsburgh Panthers,2012,espn,ncaafb,
221,Pittsburgh Panthers,2013,espn,ncaafb,
221,Pittsburgh Panthers,2014,espn,ncaafb,
221,Pittsburgh Panthers,2015,espn,ncaafb,
221,Pittsburgh Panthers,2016,espn,ncaafb,
221,Pittsburgh Panthers,2017,espn,ncaafb,
221,Pittsburgh Panthers,2018,espn,ncaafb,
221,Pittsburgh Panthers,2019,espn,ncaafb,
221,Pittsburgh Panthers,2020,espn,ncaafb,
221,Pittsburgh Panthers,2021,espn,ncaafb,
221,Pittsburgh Panthers,2022,espn,ncaafb,
221,Pittsburgh Panthers,2023,espn,ncaafb,
221,Pittsburgh Panthers,2024,espn,ncaafb,
221,Pittsburgh Panthers,2025,espn,ncaafb,
222,Villanova Wildcats,2001,espn,ncaafb,
222,Villanova Wildcats,2002,espn,ncaafb,
222,Villanova Wildcats,2003,espn,ncaafb,
222,Villanova Wildcats,2004,espn,ncaafb,
222,Villanova Wildcats,2005,espn,ncaafb,
222,Villanova Wildcats,2006,espn,ncaafb,
222,Villanova Wildcats,2007,espn,ncaafb,
222,Villanova Wildcats,2008,espn,ncaafb,
222,Villanova Wildcats,2009,espn,ncaafb,
222,Villanova Wildcats,2010,espn,ncaafb,
222,Villanova Wildcats,2011,espn,ncaafb,
222,Villanova Wildcats,2012,espn,ncaafb,
222,Villanova Wildcats,2013,espn,ncaafb,
222,Villanova Wildcats,2014,espn,ncaafb,
222,Villanova Wildcats,2015,espn,ncaafb,
222,Villanova Wildcats,2016,espn,ncaafb,
222,Villanova Wildcats,2017,espn,ncaafb,
222,Villanova Wildcats,2018,espn,ncaafb,
222,Villanova Wildcats,2019,espn,ncaafb,
222,Villanova Wildcats,2021,espn,ncaafb,
222,Villanova Wildcats,2022,espn,ncaafb,
222,Villanova Wildcats,2023,espn,ncaafb,
222,Villanova Wildcats,2024,espn,ncaafb,
222,Villanova Wildcats,2025,espn,ncaafb,
223,West Chester Golden Rams,2001,espn,ncaafb,
223,West Chester Golden Rams,2002,espn,ncaafb,
223,West Chester Golden Rams,2003,espn,ncaafb,
223,West Chester Golden Rams,2004,espn,ncaafb,
223,West Chester Golden Rams,2005,espn,ncaafb,
223,West Chester Golden Rams,2006,espn,ncaafb,
223,West Chester Golden Rams,2007,espn,ncaafb,
223,West Chester Golden Rams,2008,espn,ncaafb,
223,West Chester Golden Rams,2009,espn,ncaafb,
223,West Chester Golden Rams,2010,espn,ncaafb,
223,West Chester Golden Rams,2011,espn,ncaafb,
223,West Chester Golden Rams,2012,espn,ncaafb,
223,West Chester Golden Rams,2013,espn,ncaafb,
223,West Chester Golden Rams,2014,espn,ncaafb,
223,West Chester Golden Rams,2015,espn,ncaafb,
223,West Chester Golden Rams,2016,espn,ncaafb,
223,West Chester Golden Rams,2017,espn,ncaafb,
223,West Chester Golden Rams,2018,espn,ncaafb,
223,West Chester Golden Rams,2019,espn,ncaafb,
223,West Chester Golden Rams,2020,espn,ncaafb,
223,West Chester Golden Rams,2021,espn,ncaafb,
223,West Chester Golden Rams,2022,espn,ncaafb,
223,West Chester Golden Rams,2023,espn,ncaafb,
223,West Chester Golden Rams,2024,espn,ncaafb,
223,West Chester Golden Rams,2025,espn,ncaafb,
225,Brown Bears,2001,espn,ncaafb,
225,Brown Bears,2002,espn,ncaafb,
225,Brown Bears,2003,espn,ncaafb,
225,Brown Bears,2004,espn,ncaafb,
225,Brown Bears,2005,espn,ncaafb,
225,Brown Bears,2006,espn,ncaafb,
225,Brown Bears,2007,espn,ncaafb,
225,Brown Bears,2008,espn,ncaafb,
225,Brown Bears,2009,espn,ncaafb,
225,Brown Bears,2010,espn,ncaafb,
225,Brown Bears,2011,espn,ncaafb,
225,Brown Bears,2012,espn,ncaafb,
225,Brown Bears,2013,espn,ncaafb,
225,Brown Bears,2014,espn,ncaafb,
225,Brown Bears,2015,espn,ncaafb,
225,Brown Bears,2016,espn,ncaafb,
225,Brown Bears,2017,espn,ncaafb,
225,Brown Bears,2018,espn,ncaafb,
225,Brown Bears,2019,espn,ncaafb,
225,Brown Bears,2020,espn,ncaafb,
225,Brown Bears,2021,espn,ncaafb,
225,Brown Bears,2022,espn,ncaafb,
225,Brown Bears,2023,espn,ncaafb,
225,Brown Bears,2024,espn,ncaafb,
225,Brown Bears,2025,espn,ncaafb,
227,Rhode Island Rams,2001,espn,ncaafb,
227,Rhode Island Rams,2002,espn,ncaafb,
227,Rhode Island Rams,2003,espn,ncaafb,
227,Rhode Island Rams,2004,espn,ncaafb,
227,Rhode Island Rams,2005,espn,ncaafb,
227,Rhode Island Rams,2006,espn,ncaafb,
227,Rhode Island Rams,2007,espn,ncaafb,
227,Rhode Island Rams,2008,espn,ncaafb,
227,Rhode Island Rams,2009,espn,ncaafb,
227,Rhode Island Rams,2010,espn,ncaafb,
227,Rhode Island Rams,2011,espn,ncaafb,
227,Rhode Island Rams,2012,espn,ncaafb,
227,Rhode Island Rams,2013,espn,ncaafb,
227,Rhode Island Rams,2014,espn,ncaafb,
227,Rhode Island Rams,2015,espn,ncaafb,
227,Rhode Island Rams,2016,espn,ncaafb,
227,Rhode Island Rams,2017,espn,ncaafb,
227,Rhode Island Rams,2018,espn,ncaafb,
227,Rhode Island Rams,2019,espn,ncaafb,
227,Rhode Island Rams,2020,espn,ncaafb,
227,Rhode Island Rams,2021,espn,ncaafb,
227,Rhode Island Rams,2022,espn,ncaafb,
227,Rhode Island Rams,2023,espn,ncaafb,
227,Rhode Island Rams,2024,espn,ncaafb,
227,Rhode Island Rams,2025,espn,ncaafb,
228,Clemson Tigers,2001,espn,ncaafb,
228,Clemson Tigers,2002,espn,ncaafb,
228,Clemson Tigers,2003,espn,ncaafb,
228,Clemson Tigers,2004,espn,ncaafb,
228,Clemson Tigers,2005,espn,ncaafb,
228,Clemson Tigers,2006,espn,ncaafb,
228,Clemson Tigers,2007,espn,ncaafb,
228,Clemson Tigers,2008,espn,ncaafb,
228,Clemson Tigers,2009,espn,ncaafb,
228,Clemson Tigers,2010,espn,ncaafb,
228,Clemson Tigers,2011,espn,ncaafb,
228,Clemson Tigers,2012,espn,ncaafb,
228,Clemson Tigers,2013,espn,ncaafb,
228,Clemson Tigers,2014,espn,ncaafb,
228,Clemson Tigers,2015,espn,ncaafb,
228,Clemson Tigers,2016,espn,ncaafb,
228,Clemson Tigers,2017,espn,ncaafb,
228,Clemson Tigers,2018,espn,ncaafb,
228,Clemson Tigers,2019,espn,ncaafb,
228,Clemson Tigers,2020,espn,ncaafb,
228,Clemson Tigers,2021,espn,ncaafb,
228,Clemson Tigers,2022,espn,ncaafb,
228,Clemson Tigers,2023,espn,ncaafb,
228,Clemson Tigers,2024,espn,ncaafb,
228,Clemson Tigers,2025,espn,ncaafb,
231,Furman Paladins,2001,espn,ncaafb,
231,Furman Paladins,2002,espn,ncaafb,
231,Furman Paladins,2003,espn,ncaafb,
231,Furman Paladins,2004,espn,ncaafb,
231,Furman Paladins,2005,espn,ncaafb,
231,Furman Paladins,2006,espn,ncaafb,
231,Furman Paladins,2007,espn,ncaafb,
231,Furman Paladins,2008,espn,ncaafb,
231,Furman Paladins,2009,espn,ncaafb,
231,Furman Paladins,2010,espn,ncaafb,
231,Furman Paladins,2011,espn,ncaafb,
231,Furman Paladins,2012,espn,ncaafb,
231,Furman Paladins,2013,espn,ncaafb,
231,Furman Paladins,2014,espn,ncaafb,
231,Furman Paladins,2015,espn,ncaafb,
231,Furman Paladins,2016,espn,ncaafb,
231,Furman Paladins,2017,espn,ncaafb,
231,Furman Paladins,2018,espn,ncaafb,
231,Furman Paladins,2019,espn,ncaafb,
231,Furman Paladins,2021,espn,ncaafb,
231,Furman Paladins,2022,espn,ncaafb,
231,Furman Paladins,2023,espn,ncaafb,
231,Furman Paladins,2024,espn,ncaafb,
231,Furman Paladins,2025,espn,ncaafb,
233,South Dakota Coyotes,2006,espn,ncaafb,
233,South Dakota Coyotes,2007,espn,ncaafb,
233,South Dakota Coyotes,2008,espn,ncaafb,
233,South Dakota Coyotes,2009,espn,ncaafb,
233,South Dakota Coyotes,2010,espn,ncaafb,
233,South Dakota Coyotes,2011,espn,ncaafb,
233,South Dakota Coyotes,2012,espn,ncaafb,
233,South Dakota Coyotes,2013,espn,ncaafb,
233,South Dakota Coyotes,2014,espn,ncaafb,
233,South Dakota Coyotes,2015,espn,ncaafb,
233,South Dakota Coyotes,2016,espn,ncaafb,
233,South Dakota Coyotes,2017,espn,ncaafb,
233,South Dakota Coyotes,2018,espn,ncaafb,
233,South Dakota Coyotes,2019,espn,ncaafb,
233,South Dakota Coyotes,2021,espn,ncaafb,
233,South Dakota Coyotes,2022,espn,ncaafb,
233,South Dakota Coyotes,2023,espn,ncaafb,
233,South Dakota Coyotes,2024,espn,ncaafb,
233,South Dakota Coyotes,2025,espn,ncaafb,
235,Memphis Tigers,2001,espn,ncaafb,
235,Memphis Tigers,2002,espn,ncaafb,
235,Memphis Tigers,2003,espn,ncaafb,
235,Memphis Tigers,2004,espn,ncaafb,
235,Memphis Tigers,2005,espn,ncaafb,
235,Memphis Tigers,2006,espn,ncaafb,
235,Memphis Tigers,2007,espn,ncaafb,
235,Memphis Tigers,2008,espn,ncaafb,
235,Memphis Tigers,2009,espn,ncaafb,
235,Memphis Tigers,2010,espn,ncaafb,
235,Memphis Tigers,2011,espn,ncaafb,
235,Memphis Tigers,2012,espn,ncaafb,
235,Memphis Tigers,2013,espn,ncaafb,
235,Memphis Tigers,2014,espn,ncaafb,
235,Memphis Tigers,2015,espn,ncaafb,
235,Memphis Tigers,2016,espn,ncaafb,
235,Memphis Tigers,2017,espn,ncaafb,
235,Memphis Tigers,2018,espn,ncaafb,
235,Memphis Tigers,2019,espn,ncaafb,
235,Memphis Tigers,2020,espn,ncaafb,
235,Memphis Tigers,2021,espn,ncaafb,
235,Memphis Tigers,2022,espn,ncaafb,
235,Memphis Tigers,2023,espn,ncaafb,
235,Memphis Tigers,2024,espn,ncaafb,
235,Memphis Tigers,2025,espn,ncaafb,
236,Chattanooga Mocs,2001,espn,ncaafb,
236,Chattanooga Mocs,2002,espn,ncaafb,
236,Chattanooga Mocs,2003,espn,ncaafb,
236,Chattanooga Mocs,2004,espn,ncaafb,
236,Chattanooga Mocs,2005,espn,ncaafb,
236,Chattanooga Mocs,2006,espn,ncaafb,
236,Chattanooga Mocs,2007,espn,ncaafb,
236,Chattanooga Mocs,2008,espn,ncaafb,
236,Chattanooga Mocs,2009,espn,ncaafb,
236,Chattanooga Mocs,2010,espn,ncaafb,
236,Chattanooga Mocs,2011,espn,ncaafb,
236,Chattanooga Mocs,2012,espn,ncaafb,
236,Chattanooga Mocs,2013,espn,ncaafb,
236,Chattanooga Mocs,2014,espn,ncaafb,
236,Chattanooga Mocs,2015,espn,ncaafb,
236,Chattanooga Mocs,2016,espn,ncaafb,
236,Chattanooga Mocs,2017,espn,ncaafb,
236,Chattanooga Mocs,2018,espn,ncaafb,
236,Chattanooga Mocs,2019,espn,ncaafb,
236,Chattanooga Mocs,2020,espn,ncaafb,
236,Chattanooga Mocs,2021,espn,ncaafb,
236,Chattanooga Mocs,2022,espn,ncaafb,
236,Chattanooga Mocs,2023,espn,ncaafb,
236,Chattanooga Mocs,2024,espn,ncaafb,
236,Chattanooga Mocs,2025,espn,ncaafb,
237,Union Garnet Chargers,2007,espn,ncaafb,
237,Union Dutchmen,2008,espn,ncaafb,
237,Union Dutchmen,2009,espn,ncaafb,
237,Union Dutchmen,2010,espn,ncaafb,
237,Union Dutchmen,2011,espn,ncaafb,
237,Union Dutchmen,2012,espn,ncaafb,
237,Union Dutchmen,2013,espn,ncaafb,
237,Union Dutchmen,2014,espn,ncaafb,
237,Union Dutchmen,2015,espn,ncaafb,
237,Union Dutchmen,2016,espn,ncaafb,
237,Union Dutchmen,2017,espn,ncaafb,
237,Union College (NY) Dutchmen,2018,espn,ncaafb,
237,Union College (NY) Dutchmen,2019,espn,ncaafb,
237,Union Garnet Chargers,2021,espn,ncaafb,
237,Union Garnet Chargers,2022,espn,ncaafb,
237,Union (NY) Dutchmen,2023,espn,ncaafb,
237,Union (NY) Garnet Chargers,2024,espn,ncaafb,
237,Union (NY) Garnet Chargers,2025,espn,ncaafb,
238,Vanderbilt Commodores,2001,espn,ncaafb,
238,Vanderbilt Commodores,2002,espn,ncaafb,
238,Vanderbilt Commodores,2003,espn,ncaafb,
238,Vanderbilt Commodores,2004,espn,ncaafb,
238,Vanderbilt Commodores,2005,espn,ncaafb,
238,Vanderbilt Commodores,2006,espn,ncaafb,
238,Vanderbilt Commodores,2007,espn,ncaafb,
238,Vanderbilt Commodores,2008,espn,ncaafb,
238,Vanderbilt Commodores,2009,espn,ncaafb,
238,Vanderbilt Commodores,2010,espn,ncaafb,
238,Vanderbilt Commodores,2011,espn,ncaafb,
238,Vanderbilt Commodores,2012,espn,ncaafb,
238,Vanderbilt Commodores,2013,espn,ncaafb,
238,Vanderbilt Commodores,2014,espn,ncaafb,
238,Vanderbilt Commodores,2015,espn,ncaafb,
238,Vanderbilt Commodores,2016,espn,ncaafb,
238,Vanderbilt Commodores,2017,espn,ncaafb,
238,Vanderbilt Commodores,2018,espn,ncaafb,
238,Vanderbilt Commodores,2019,espn,ncaafb,
238,Vanderbilt Commodores,2020,espn,ncaafb,
238,Vanderbilt Commodores,2021,espn,ncaafb,
238,Vanderbilt Commodores,2022,espn,ncaafb,
238,Vanderbilt Commodores,2023,espn,ncaafb,
238,Vanderbilt Commodores,2024,espn,ncaafb,
238,Vanderbilt Commodores,2025,espn,ncaafb,
239,Baylor Bears,2001,espn,ncaafb,
239,Baylor Bears,2002,espn,ncaafb,
239,Baylor Bears,2003,espn,ncaafb,
239,Baylor Bears,2004,espn,ncaafb,
239,Baylor Bears,2005,espn,ncaafb,
239,Baylor Bears,2006,espn,ncaafb,
239,Baylor Bears,2007,espn,ncaafb,
239,Baylor Bears,2008,espn,ncaafb,
239,Baylor Bears,2009,espn,ncaafb,
239,Baylor Bears,2010,espn,ncaafb,
239,Baylor Bears,2011,espn,ncaafb,
239,Baylor Bears,2012,espn,ncaafb,
239,Baylor Bears,2013,espn,ncaafb,
239,Baylor Bears,2014,espn,ncaafb,
239,Baylor Bears,2015,espn,ncaafb,
239,Baylor Bears,2016,espn,ncaafb,
239,Baylor Bears,2017,espn,ncaafb,
239,Baylor Bears,2018,espn,ncaafb,
239,Baylor Bears,2019,espn,ncaafb,
239,Baylor Bears,2020,espn,ncaafb,
239,Baylor Bears,2021,espn,ncaafb,
239,Baylor Bears,2022,espn,ncaafb,
239,Baylor Bears,2023,espn,ncaafb,
239,Baylor Bears,2024,espn,ncaafb,
239,Baylor Bears,2025,espn,ncaafb,
241,McMurry War Hawks,2007,espn,ncaafb,
241,McMurry War Hawks,2008,espn,ncaafb,
241,McMurry War Hawks,2009,espn,ncaafb,
241,McMurry War Hawks,2010,espn,ncaafb,
241,McMurry War Hawks,2011,espn,ncaafb,
241,McMurry War Hawks,2012,espn,ncaafb,
241,McMurry War Hawks,2013,espn,ncaafb,
241,McMurry War Hawks,2014,espn,ncaafb,
241,McMurry War Hawks,2015,espn,ncaafb,
241,McMurry War Hawks,2016,espn,ncaafb,
241,McMurry War Hawks,2017,espn,ncaafb,
241,McMurry War Hawks,2018,espn,ncaafb,
241,McMurry War Hawks,2019,espn,ncaafb,
241,McMurry War Hawks,2021,espn,ncaafb,
241,McMurry War Hawks,2022,espn,ncaafb,
241,McMurry Indians,2023,espn,ncaafb,
241,McMurry War Hawks,2024,espn,ncaafb,
241,McMurry War Hawks,2025,espn,ncaafb,
242,Rice Owls,2001,espn,ncaafb,
242,Rice Owls,2002,espn,ncaafb,
242,Rice Owls,2003,espn,ncaafb,
242,Rice Owls,2004,espn,ncaafb,
242,Rice Owls,2005,espn,ncaafb,
242,Rice Owls,2006,espn,ncaafb,
242,Rice Owls,2007,espn,ncaafb,
242,Rice Owls,2008,espn,ncaafb,
242,Rice Owls,2009,espn,ncaafb,
242,Rice Owls,2010,espn,ncaafb,
242,Rice Owls,2011,espn,ncaafb,
242,Rice Owls,2012,espn,ncaafb,
242,Rice Owls,2013,espn,ncaafb,
242,Rice Owls,2014,espn,ncaafb,
242,Rice Owls,2015,espn,ncaafb,
242,Rice Owls,2016,espn,ncaafb,
242,Rice Owls,2017,espn,ncaafb,
242,Rice Owls,2018,espn,ncaafb,
242,Rice Owls,2019,espn,ncaafb,
242,Rice Owls,2020,espn,ncaafb,
242,Rice Owls,2021,espn,ncaafb,
242,Rice Owls,2022,espn,ncaafb,
242,Rice Owls,2023,espn,ncaafb,
242,Rice Owls,2024,espn,ncaafb,
242,Rice Owls,2025,espn,ncaafb,
245,Texas A&M Aggies,2001,espn,ncaafb,
245,Texas A&M Aggies,2002,espn,ncaafb,
245,Texas A&M Aggies,2003,espn,ncaafb,
245,Texas A&M Aggies,2004,espn,ncaafb,
245,Texas A&M Aggies,2005,espn,ncaafb,
245,Texas A&M Aggies,2006,espn,ncaafb,
245,Texas A&M Aggies,2007,espn,ncaafb,
245,Texas A&M Aggies,2008,espn,ncaafb,
245,Texas A&M Aggies,2009,espn,ncaafb,
245,Texas A&M Aggies,2010,espn,ncaafb,
245,Texas A&M Aggies,2011,espn,ncaafb,
245,Texas A&M Aggies,2012,espn,ncaafb,
245,Texas A&M Aggies,2013,espn,ncaafb,
245,Texas A&M Aggies,2014,espn,ncaafb,
245,Texas A&M Aggies,2015,espn,ncaafb,
245,Texas A&M Aggies,2016,espn,ncaafb,
245,Texas A&M Aggies,2017,espn,ncaafb,
245,Texas A&M Aggies,2018,espn,ncaafb,
245,Texas A&M Aggies,2019,espn,ncaafb,
245,Texas A&M Aggies,2020,espn,ncaafb,
245,Texas A&M Aggies,2021,espn,ncaafb,
245,Texas A&M Aggies,2022,espn,ncaafb,
245,Texas A&M Aggies,2023,espn,ncaafb,
245,Texas A&M Aggies,2024,espn,ncaafb,
245,Texas A&M Aggies,2025,espn,ncaafb,
246,Juniata Eagles,2007,espn,ncaafb,
246,Juniata Eagles,2008,espn,ncaafb,
246,Juniata Eagles,2009,espn,ncaafb,
246,Juniata Eagles,2010,espn,ncaafb,
246,Juniata Eagles,2011,espn,ncaafb,
246,Juniata Eagles,2012,espn,ncaafb,
246,Juniata Eagles,2013,espn,ncaafb,
246,Juniata Eagles,2014,espn,ncaafb,
246,Juniata Eagles,2015,espn,ncaafb,
246,Juniata Eagles,2016,espn,ncaafb,
246,Juniata Eagles,2017,espn,ncaafb,
246,Juniata Eagles,2018,espn,ncaafb,
246,Juniata Eagles,2019,espn,ncaafb,
246,Juniata Eagles,2020,espn,ncaafb,
246,Juniata Eagles,2021,espn,ncaafb,
246,Juniata Eagles,2022,espn,ncaafb,
246,Juniata Eagles,2023,espn,ncaafb,
246,Juniata Eagles,2024,espn,ncaafb,
246,Juniata Eagles,2025,espn,ncaafb,
247,King's College (PA) Monarchs,2007,espn,ncaafb,
247,King's College (PA) Monarchs,2008,espn,ncaafb,
247,King's College (PA) Monarchs,2009,espn,ncaafb,
247,King's College (PA) Monarchs,2010,espn,ncaafb,
247,King's College (PA) Monarchs,2011,espn,ncaafb,
247,King's College (PA) Monarchs,2012,espn,ncaafb,
247,King's College (PA) Monarchs,2013,espn,ncaafb,
247,King's College (PA) Monarchs,2014,espn,ncaafb,
247,King's College (PA) Monarchs,2015,espn,ncaafb,
247,King's College (PA) Monarchs,2016,espn,ncaafb,
247,King's College (PA) Monarchs,2017,espn,ncaafb,
247,King's College (PA) Monarchs,2018,espn,ncaafb,
247,King's College (PA) Monarchs,2019,espn,ncaafb,
247,King's College (PA) Monarchs,2020,espn,ncaafb,
247,King's College (PA) Monarchs,2021,espn,ncaafb,
247,King's College (PA) Monarchs,2022,espn,ncaafb,
247,Kings College (PA) Monarchs,2023,espn,ncaafb,
247,Kings College (PA) Monarchs,2024,espn,ncaafb,
247,King's College (PA) Monarchs,2025,espn,ncaafb,
248,Houston Cougars,2001,espn,ncaafb,
248,Houston Cougars,2002,espn,ncaafb,
248,Houston Cougars,2003,espn,ncaafb,
248,Houston Cougars,2004,espn,ncaafb,
248,Houston Cougars,2005,espn,ncaafb,
248,Houston Cougars,2006,espn,ncaafb,
248,Houston Cougars,2007,espn,ncaafb,
248,Houston Cougars,2008,espn,ncaafb,
248,Houston Cougars,2009,espn,ncaafb,
248,Houston Cougars,2010,espn,ncaafb,
248,Houston Cougars,2011,espn,ncaafb,
248,Houston Cougars,2012,espn,ncaafb,
248,Houston Cougars,2013,espn,ncaafb,
248,Houston Cougars,2014,espn,ncaafb,
248,Houston Cougars,2015,espn,ncaafb,
248,Houston Cougars,2016,espn,ncaafb,
248,Houston Cougars,2017,espn,ncaafb,
248,Houston Cougars,2018,espn,ncaafb,
248,Houston Cougars,2019,espn,ncaafb,
248,Houston Cougars,2020,espn,ncaafb,
248,Houston Cougars,2021,espn,ncaafb,
248,Houston Cougars,2022,espn,ncaafb,
248,Houston Cougars,2023,espn,ncaafb,
248,Houston Cougars,2024,espn,ncaafb,
248,Houston Cougars,2025,espn,ncaafb,
249,North Texas Mean Green,2001,espn,ncaafb,
249,North Texas Mean Green,2002,espn,ncaafb,
249,North Texas Mean Green,2003,espn,ncaafb,
249,North Texas Mean Green,2004,espn,ncaafb,
249,North Texas Mean Green,2005,espn,ncaafb,
249,North Texas Mean Green,2006,espn,ncaafb,
249,North Texas Mean Green,2007,espn,ncaafb,
249,North Texas Mean Green,2008,espn,ncaafb,
249,North Texas Mean Green,2009,espn,ncaafb,
249,North Texas Mean Green,2010,espn,ncaafb,
249,North Texas Mean Green,2011,espn,ncaafb,
249,North Texas Mean Green,2012,espn,ncaafb,
249,North Texas Mean Green,2013,espn,ncaafb,
249,North Texas Mean Green,2014,espn,ncaafb,
249,North Texas Mean Green,2015,espn,ncaafb,
249,North Texas Mean Green,2016,espn,ncaafb,
249,North Texas Mean Green,2017,espn,ncaafb,
249,North Texas Mean Green,2018,espn,ncaafb,
249,North Texas Mean Green,2019,espn,ncaafb,
249,North Texas Mean Green,2020,espn,ncaafb,
249,North Texas Mean Green,2021,espn,ncaafb,
249,North Texas Mean Green,2022,espn,ncaafb,
249,North Texas Mean Green,2023,espn,ncaafb,
249,North Texas Mean Green,2024,espn,ncaafb,
249,North Texas Mean Green,2025,espn,ncaafb,
251,Texas Longhorns,2001,espn,ncaafb,
251,Texas Longhorns,2002,espn,ncaafb,
251,Texas Longhorns,2003,espn,ncaafb,
251,Texas Longhorns,2004,espn,ncaafb,
251,Texas Longhorns,2005,espn,ncaafb,
251,Texas Longhorns,2006,espn,ncaafb,
251,Texas Longhorns,2007,espn,ncaafb,
251,Texas Longhorns,2008,espn,ncaafb,
251,Texas Longhorns,2009,espn,ncaafb,
251,Texas Longhorns,2010,espn,ncaafb,
251,Texas Longhorns,2011,espn,ncaafb,
251,Texas Longhorns,2012,espn,ncaafb,
251,Texas Longhorns,2013,espn,ncaafb,
251,Texas Longhorns,2014,espn,ncaafb,
251,Texas Longhorns,2015,espn,ncaafb,
251,Texas Longhorns,2016,espn,ncaafb,
251,Texas Longhorns,2017,espn,ncaafb,
251,Texas Longhorns,2018,espn,ncaafb,
251,Texas Longhorns,2019,espn,ncaafb,
251,Texas Longhorns,2020,espn,ncaafb,
251,Texas Longhorns,2021,espn,ncaafb,
251,Texas Longhorns,2022,espn,ncaafb,
251,Texas Longhorns,2023,espn,ncaafb,
251,Texas Longhorns,2024,espn,ncaafb,
251,Texas Longhorns,2025,espn,ncaafb,
252,BYU Cougars,2001,espn,ncaafb,
252,BYU Cougars,2002,espn,ncaafb,
252,BYU Cougars,2003,espn,ncaafb,
252,BYU Cougars,2004,espn,ncaafb,
252,BYU Cougars,2005,espn,ncaafb,
252,BYU Cougars,2006,espn,ncaafb,
252,BYU Cougars,2007,espn,ncaafb,
252,BYU Cougars,2008,espn,ncaafb,
252,BYU Cougars,2009,espn,ncaafb,
252,BYU Cougars,2010,espn,ncaafb,
252,BYU Cougars,2011,espn,ncaafb,
252,BYU Cougars,2012,espn,ncaafb,
252,BYU Cougars,2013,espn,ncaafb,
252,BYU Cougars,2014,espn,ncaafb,
252,BYU Cougars,2015,espn,ncaafb,
252,BYU Cougars,2016,espn,ncaafb,
252,BYU Cougars,2017,espn,ncaafb,
252,BYU Cougars,2018,espn,ncaafb,
252,BYU Cougars,2019,espn,ncaafb,
252,BYU Cougars,2020,espn,ncaafb,
252,BYU Cougars,2021,espn,ncaafb,
252,BYU Cougars,2022,espn,ncaafb,
252,BYU Cougars,2023,espn,ncaafb,
252,BYU Cougars,2024,espn,ncaafb,
252,BYU Cougars,2025,espn,ncaafb,
253,Southern Utah Thunderbirds,2001,espn,ncaafb,
253,Southern Utah Thunderbirds,2002,espn,ncaafb,
253,Southern Utah Thunderbirds,2003,espn,ncaafb,
253,Southern Utah Thunderbirds,2004,espn,ncaafb,
253,Southern Utah Thunderbirds,2005,espn,ncaafb,
253,Southern Utah Thunderbirds,2006,espn,ncaafb,
253,Southern Utah Thunderbirds,2007,espn,ncaafb,
253,Southern Utah Thunderbirds,2008,espn,ncaafb,
253,Southern Utah Thunderbirds,2009,espn,ncaafb,
253,Southern Utah Thunderbirds,2010,espn,ncaafb,
253,Southern Utah Thunderbirds,2011,espn,ncaafb,
253,Southern Utah Thunderbirds,2012,espn,ncaafb,
253,Southern Utah Thunderbirds,2013,espn,ncaafb,
253,Southern Utah Thunderbirds,2014,espn,ncaafb,
253,Southern Utah Thunderbirds,2015,espn,ncaafb,
253,Southern Utah Thunderbirds,2016,espn,ncaafb,
253,Southern Utah Thunderbirds,2017,espn,ncaafb,
253,Southern Utah Thunderbirds,2018,espn,ncaafb,
253,Southern Utah Thunderbirds,2019,espn,ncaafb,
253,Southern Utah Thunderbirds,2021,espn,ncaafb,
253,Southern Utah Thunderbirds,2022,espn,ncaafb,
253,Southern Utah Thunderbirds,2023,espn,ncaafb,
253,Southern Utah Thunderbirds,2024,espn,ncaafb,
253,Southern Utah Thunderbirds,2025,espn,ncaafb,
254,Utah Utes,2001,espn,ncaafb,
254,Utah Utes,2002,espn,ncaafb,
254,Utah Utes,2003,espn,ncaafb,
254,Utah Utes,2004,espn,ncaafb,
254,Utah Utes,2005,espn,ncaafb,
254,Utah Utes,2006,espn,ncaafb,
254,Utah Utes,2007,espn,ncaafb,
254,Utah Utes,2008,espn,ncaafb,
254,Utah Utes,2009,espn,ncaafb,
254,Utah Utes,2010,espn,ncaafb,
254,Utah Utes,2011,espn,ncaafb,
254,Utah Utes,2012,espn,ncaafb,
254,Utah Utes,2013,espn,ncaafb,
254,Utah Utes,2014,espn,ncaafb,
254,Utah Utes,2015,espn,ncaafb,
254,Utah Utes,2016,espn,ncaafb,
254,Utah Utes,2017,espn,ncaafb,
254,Utah Utes,2018,espn,ncaafb,
254,Utah Utes,2019,espn,ncaafb,
254,Utah Utes,2020,espn,ncaafb,
254,Utah Utes,2021,espn,ncaafb,
254,Utah Utes,2022,espn,ncaafb,
254,Utah Utes,2023,espn,ncaafb,
254,Utah Utes,2024,espn,ncaafb,
254,Utah Utes,2025,espn,ncaafb,
255,Knox College Prairie Fire,2007,espn,ncaafb,
255,Knox College Prairie Fire,2008,espn,ncaafb,
255,Knox College Prairie Fire,2009,espn,ncaafb,
255,Knox College Prairie Fire,2010,espn,ncaafb,
255,Knox College Prairie Fire,2011,espn,ncaafb,
255,Knox College Prairie Fire,2012,espn,ncaafb,
255,Knox College Prairie Fire,2013,espn,ncaafb,
255,Knox College Prairie Fire,2014,espn,ncaafb,
255,Knox College Prairie Fire,2015,espn,ncaafb,
255,Knox College Prairie Fire,2016,espn,ncaafb,
255,Knox College Prairie Fire,2017,espn,ncaafb,
255,Knox College Prairie Fire,2018,espn,ncaafb,
255,Knox College Prairie Fire,2019,espn,ncaafb,
255,Knox College Prairie Fire,2020,espn,ncaafb,
255,Knox College Prairie Fire,2021,espn,ncaafb,
255,Knox College Prairie Fire,2022,espn,ncaafb,
255,Knox College Prairie Fire,2023,espn,ncaafb,
255,Knox College Prairie Fire,2024,espn,ncaafb,
255,Knox College Prairie Fire,2025,espn,ncaafb,
256,James Madison Dukes,2001,espn,ncaafb,
256,James Madison Dukes,2002,espn,ncaafb,
256,James Madison Dukes,2003,espn,ncaafb,
256,James Madison Dukes,2004,espn,ncaafb,
256,James Madison Dukes,2005,espn,ncaafb,
256,James Madison Dukes,2006,espn,ncaafb,
256,James Madison Dukes,2007,espn,ncaafb,
256,James Madison Dukes,2008,espn,ncaafb,
256,James Madison Dukes,2009,espn,ncaafb,
256,James Madison Dukes,2010,espn,ncaafb,
256,James Madison Dukes,2011,espn,ncaafb,
256,James Madison Dukes,2012,espn,ncaafb,
256,James Madison Dukes,2013,espn,ncaafb,
256,James Madison Dukes,2014,espn,ncaafb,
256,James Madison Dukes,2015,espn,ncaafb,
256,James Madison Dukes,2016,espn,ncaafb,
256,James Madison Dukes,2017,espn,ncaafb,
256,James Madison Dukes,2018,espn,ncaafb,
256,James Madison Dukes,2019,espn,ncaafb,
256,James Madison Dukes,2020,espn,ncaafb,
256,James Madison Dukes,2021,espn,ncaafb,
256,James Madison Dukes,2022,espn,ncaafb,
256,James Madison Dukes,2023,espn,ncaafb,
256,James Madison Dukes,2024,espn,ncaafb,
256,James Madison Dukes,2025,espn,ncaafb,
257,Richmond Spiders,2001,espn,ncaafb,
257,Richmond Spiders,2002,espn,ncaafb,
257,Richmond Spiders,2003,espn,ncaafb,
257,Richmond Spiders,2004,espn,ncaafb,
257,Richmond Spiders,2005,espn,ncaafb,
257,Richmond Spiders,2006,espn,ncaafb,
257,Richmond Spiders,2007,espn,ncaafb,
257,Richmond Spiders,2008,espn,ncaafb,
257,Richmond Spiders,2009,espn,ncaafb,
257,Richmond Spiders,2010,espn,ncaafb,
257,Richmond Spiders,2011,espn,ncaafb,
257,Richmond Spiders,2012,espn,ncaafb,
257,Richmond Spiders,2013,espn,ncaafb,
257,Richmond Spiders,2014,espn,ncaafb,
257,Richmond Spiders,2015,espn,ncaafb,
257,Richmond Spiders,2016,espn,ncaafb,
257,Richmond Spiders,2017,espn,ncaafb,
257,Richmond Spiders,2018,espn,ncaafb,
257,Richmond Spiders,2019,espn,ncaafb,
257,Richmond Spiders,2021,espn,ncaafb,
257,Richmond Spiders,2022,espn,ncaafb,
257,Richmond Spiders,2023,espn,ncaafb,
257,Richmond Spiders,2024,espn,ncaafb,
257,Richmond Spiders,2025,espn,ncaafb,
258,Virginia Cavaliers,2001,espn,ncaafb,
258,Virginia Cavaliers,2002,espn,ncaafb,
258,Virginia Cavaliers,2003,espn,ncaafb,
258,Virginia Cavaliers,2004,espn,ncaafb,
258,Virginia Cavaliers,2005,espn,ncaafb,
258,Virginia Cavaliers,2006,espn,ncaafb,
258,Virginia Cavaliers,2007,espn,ncaafb,
258,Virginia Cavaliers,2008,espn,ncaafb,
258,Virginia Cavaliers,2009,espn,ncaafb,
258,Virginia Cavaliers,2010,espn,ncaafb,
258,Virginia Cavaliers,2011,espn,ncaafb,
258,Virginia Cavaliers,2012,espn,ncaafb,
258,Virginia Cavaliers,2013,espn,ncaafb,
258,Virginia Cavaliers,2014,espn,ncaafb,
258,Virginia Cavaliers,2015,espn,ncaafb,
258,Virginia Cavaliers,2016,espn,ncaafb,
258,Virginia Cavaliers,2017,espn,ncaafb,
258,Virginia Cavaliers,2018,espn,ncaafb,
258,Virginia Cavaliers,2019,espn,ncaafb,
258,Virginia Cavaliers,2020,espn,ncaafb,
258,Virginia Cavaliers,2021,espn,ncaafb,
258,Virginia Cavaliers,2022,espn,ncaafb,
258,Virginia Cavaliers,2023,espn,ncaafb,
258,Virginia Cavaliers,2024,espn,ncaafb,
258,Virginia Cavaliers,2025,espn,ncaafb,
259,Virginia Tech Hokies,2001,espn,ncaafb,
259,Virginia Tech Hokies,2002,espn,ncaafb,
259,Virginia Tech Hokies,2003,espn,ncaafb,
259,Virginia Tech Hokies,2004,espn,ncaafb,
259,Virginia Tech Hokies,2005,espn,ncaafb,
259,Virginia Tech Hokies,2006,espn,ncaafb,
259,Virginia Tech Hokies,2007,espn,ncaafb,
259,Virginia Tech Hokies,2008,espn,ncaafb,
259,Virginia Tech Hokies,2009,espn,ncaafb,
259,Virginia Tech Hokies,2010,espn,ncaafb,
259,Virginia Tech Hokies,2011,espn,ncaafb,
259,Virginia Tech Hokies,2012,espn,ncaafb,
259,Virginia Tech Hokies,2013,espn,ncaafb,
259,Virginia Tech Hokies,2014,espn,ncaafb,
259,Virginia Tech Hokies,2015,espn,ncaafb,
259,Virginia Tech Hokies,2016,espn,ncaafb,
259,Virginia Tech Hokies,2017,espn,ncaafb,
259,Virginia Tech Hokies,2018,espn,ncaafb,
259,Virginia Tech Hokies,2019,espn,ncaafb,
259,Virginia Tech Hokies,2020,espn,ncaafb,
259,Virginia Tech Hokies,2021,espn,ncaafb,
259,Virginia Tech Hokies,2022,espn,ncaafb,
259,Virginia Tech Hokies,2023,espn,ncaafb,
259,Virginia Tech Hokies,2024,espn,ncaafb,
259,Virginia Tech Hokies,2025,espn,ncaafb,
262,Lake Forest Foresters,2007,espn,ncaafb,
262,Lake Forest Foresters,2008,espn,ncaafb,
262,Lake Forest Foresters,2009,espn,ncaafb,
262,Lake Forest Foresters,2010,espn,ncaafb,
262,Lake Forest Foresters,2011,espn,ncaafb,
262,Lake Forest Foresters,2012,espn,ncaafb,
262,Lake Forest Foresters,2013,espn,ncaafb,
262,Lake Forest Foresters,2014,espn,ncaafb,
262,Lake Forest Foresters,2015,espn,ncaafb,
262,Lake Forest Foresters,2016,espn,ncaafb,
262,Lake Forest Foresters,2017,espn,ncaafb,
262,Lake Forest Foresters,2018,espn,ncaafb,
262,Lake Forest Foresters,2019,espn,ncaafb,
262,Lake Forest Foresters,2020,espn,ncaafb,
262,Lake Forest Foresters,2021,espn,ncaafb,
262,Lake Forest Foresters,2022,espn,ncaafb,
262,Lake Forest Foresters,2023,espn,ncaafb,
262,Lake Forest Foresters,2024,espn,ncaafb,
262,Lake Forest Foresters,2025,espn,ncaafb,
263,Loras Duhawks,2006,espn,ncaafb,
263,Loras College Duhawks,2007,espn,ncaafb,
263,Loras College Duhawks,2008,espn,ncaafb,
263,Loras College Duhawks,2009,espn,ncaafb,
263,Loras College Duhawks,2010,espn,ncaafb,
263,Loras College Duhawks,2011,espn,ncaafb,
263,Loras College Duhawks,2012,espn,ncaafb,
263,Loras College Duhawks,2013,espn,ncaafb,
263,Loras College Duhawks,2014,espn,ncaafb,
263,Loras College Duhawks,2015,espn,ncaafb,
263,Loras College Duhawks,2016,espn,ncaafb,
263,Loras College Duhawks,2017,espn,ncaafb,
263,Loras College Duhawks,2018,espn,ncaafb,
263,Loras College Duhawks,2019,espn,ncaafb,
263,Loras College Duhawks,2021,espn,ncaafb,
263,Loras College Duhawks,2022,espn,ncaafb,
263,Loras College Duhawks,2023,espn,ncaafb,
263,Loras College Duhawks,2024,espn,ncaafb,
263,Loras College Duhawks,2025,espn,ncaafb,
264,Washington Huskies,2001,espn,ncaafb,
264,Washington Huskies,2002,espn,ncaafb,
264,Washington Huskies,2003,espn,ncaafb,
264,Washington Huskies,2004,espn,ncaafb,
264,Washington Huskies,2005,espn,ncaafb,
264,Washington Huskies,2006,espn,ncaafb,
264,Washington Huskies,2007,espn,ncaafb,
264,Washington Huskies,2008,espn,ncaafb,
264,Washington Huskies,2009,espn,ncaafb,
264,Washington Huskies,2010,espn,ncaafb,
264,Washington Huskies,2011,espn,ncaafb,
264,Washington Huskies,2012,espn,ncaafb,
264,Washington Huskies,2013,espn,ncaafb,
264,Washington Huskies,2014,espn,ncaafb,
264,Washington Huskies,2015,espn,ncaafb,
264,Washington Huskies,2016,espn,ncaafb,
264,Washington Huskies,2017,espn,ncaafb,
264,Washington Huskies,2018,espn,ncaafb,
264,Washington Huskies,2019,espn,ncaafb,
264,Washington Huskies,2020,espn,ncaafb,
264,Washington Huskies,2021,espn,ncaafb,
264,Washington Huskies,2022,espn,ncaafb,
264,Washington Huskies,2023,espn,ncaafb,
264,Washington Huskies,2024,espn,ncaafb,
264,Washington Huskies,2025,espn,ncaafb,
265,Washington State Cougars,2001,espn,ncaafb,
265,Washington State Cougars,2002,espn,ncaafb,
265,Washington State Cougars,2003,espn,ncaafb,
265,Washington State Cougars,2004,espn,ncaafb,
265,Washington State Cougars,2005,espn,ncaafb,
265,Washington State Cougars,2006,espn,ncaafb,
265,Washington State Cougars,2007,espn,ncaafb,
265,Washington State Cougars,2008,espn,ncaafb,
265,Washington State Cougars,2009,espn,ncaafb,
265,Washington State Cougars,2010,espn,ncaafb,
265,Washington State Cougars,2011,espn,ncaafb,
265,Washington State Cougars,2012,espn,ncaafb,
265,Washington State Cougars,2013,espn,ncaafb,
265,Washington State Cougars,2014,espn,ncaafb,
265,Washington State Cougars,2015,espn,ncaafb,
265,Washington State Cougars,2016,espn,ncaafb,
265,Washington State Cougars,2017,espn,ncaafb,
265,Washington State Cougars,2018,espn,ncaafb,
265,Washington State Cougars,2019,espn,ncaafb,
265,Washington State Cougars,2020,espn,ncaafb,
265,Washington State Cougars,2021,espn,ncaafb,
265,Washington State Cougars,2022,espn,ncaafb,
265,Washington State Cougars,2023,espn,ncaafb,
265,Washington State Cougars,2024,espn,ncaafb,
265,Washington State Cougars,2025,espn,ncaafb,
266,Beloit College Buccaneers,2007,espn,ncaafb,
266,Beloit College Buccaneers,2008,espn,ncaafb,
266,Beloit College Buccaneers,2009,espn,ncaafb,
266,Beloit College Buccaneers,2010,espn,ncaafb,
266,Beloit College Buccaneers,2011,espn,ncaafb,
266,Beloit College Buccaneers,2012,espn,ncaafb,
266,Beloit College Buccaneers,2013,espn,ncaafb,
266,Beloit College Buccaneers,2014,espn,ncaafb,
266,Beloit College Buccaneers,2015,espn,ncaafb,
266,Beloit College Buccaneers,2016,espn,ncaafb,
266,Beloit College Buccaneers,2017,espn,ncaafb,
266,Beloit College Buccaneers,2018,espn,ncaafb,
266,Beloit College Buccaneers,2019,espn,ncaafb,
266,Beloit College Buccaneers,2020,espn,ncaafb,
266,Beloit College Buccaneers,2021,espn,ncaafb,
266,Beloit College Buccaneers,2022,espn,ncaafb,
266,Beloit College Buccaneers,2023,espn,ncaafb,
266,Beloit College Buccaneers,2024,espn,ncaafb,
266,Beloit College Buccaneers,2025,espn,ncaafb,
267,Southeastern University Fire,2007,espn,ncaafb,
267,Southeastern University Fire,2008,espn,ncaafb,
267,Southeastern University Fire,2009,espn,ncaafb,
267,Southeastern University Fire,2010,espn,ncaafb,
267,Southeastern University Fire,2011,espn,ncaafb,
267,Southeastern University Fire,2012,espn,ncaafb,
267,Southeastern University Fire,2013,espn,ncaafb,
267,Southeastern University Fire,2014,espn,ncaafb,
267,Southeastern University Fire,2015,espn,ncaafb,
267,Southeastern University Fire,2016,espn,ncaafb,
267,Southeastern University Fires,2022,espn,ncaafb,
267,Southeastern University Fires,2023,espn,ncaafb,
268,Lawrence Vikings,2007,espn,ncaafb,
268,Lawrence Vikings,2008,espn,ncaafb,
268,Lawrence Vikings,2009,espn,ncaafb,
268,Lawrence Vikings,2010,espn,ncaafb,
268,Lawrence Vikings,2011,espn,ncaafb,
268,Lawrence Vikings,2012,espn,ncaafb,
268,Lawrence Vikings,2013,espn,ncaafb,
268,Lawrence Vikings,2014,espn,ncaafb,
268,Lawrence Vikings,2015,espn,ncaafb,
268,Lawrence Vikings,2016,espn,ncaafb,
268,Lawrence Vikings,2017,espn,ncaafb,
268,Lawrence Vikings,2018,espn,ncaafb,
268,Lawrence Vikings,2019,espn,ncaafb,
268,Lawrence Vikings,2020,espn,ncaafb,
268,Lawrence Vikings,2021,espn,ncaafb,
268,Lawrence Vikings,2022,espn,ncaafb,
268,Lawrence University Vikings,2023,espn,ncaafb,
268,Lawrence University Vikings,2024,espn,ncaafb,
268,Lawrence University Vikings,2025,espn,ncaafb,
271,UW-Oshkosh Titans,2007,espn,ncaafb,
271,UW-Oshkosh Titans,2008,espn,ncaafb,
271,UW-Oshkosh Titans,2009,espn,ncaafb,
271,UW-Oshkosh Titans,2010,espn,ncaafb,
271,UW-Oshkosh Titans,2011,espn,ncaafb,
271,UW-Oshkosh Titans,2012,espn,ncaafb,
271,UW-Oshkosh Titans,2013,espn,ncaafb,
271,UW-Oshkosh Titans,2014,espn,ncaafb,
271,UW-Oshkosh Titans,2015,espn,ncaafb,
271,UW-Oshkosh Titans,2016,espn,ncaafb,
271,UW-Oshkosh Titans,2017,espn,ncaafb,
271,Wisconsin-Oshkosh Titans,2018,espn,ncaafb,
271,Wisconsin-Oshkosh Titans,2019,espn,ncaafb,
271,Wisconsin-Oshkosh Titans,2021,espn,ncaafb,
271,Wisconsin-Oshkosh Titans,2022,espn,ncaafb,
271,Wisconsin-Oshkosh Titans,2023,espn,ncaafb,
271,Wisconsin-Oshkosh Titans,2024,espn,ncaafb,
271,Wisconsin-Oshkosh Titans,2025,espn,ncaafb,
272,Wisconsin-Platteville Pioneers,2003,espn,ncaafb,
272,Wisconsin-Platteville Pioneers,2004,espn,ncaafb,
272,Wisconsin Platteville Pioneers,2005,espn,ncaafb,
272,Wisconsin-Platteville Pioneers,2006,espn,ncaafb,
272,Wisconsin-Platteville Pioneers,2007,espn,ncaafb,
272,Wisconsin-Platteville Pioneers,2008,espn,ncaafb,
272,Wisconsin-Platteville Pioneers,2009,espn,ncaafb,
272,Wisconsin-Platteville Pioneers,2010,espn,ncaafb,
272,Wisconsin-Platteville Pioneers,2011,espn,ncaafb,
272,Wisconsin-Platteville Pioneers,2012,espn,ncaafb,
272,Wisconsin-Platteville Pioneers,2013,espn,ncaafb,
272,Wisconsin-Platteville Pioneers,2014,espn,ncaafb,
272,Wisconsin-Platteville Pioneers,2015,espn,ncaafb,
272,Wisconsin-Platteville Pioneers,2016,espn,ncaafb,
272,Wisconsin-Platteville Pioneers,2017,espn,ncaafb,
272,Wisconsin-Platteville Pioneers,2018,espn,ncaafb,
272,Wisconsin-Platteville Pioneers,2019,espn,ncaafb,
272,Wisconsin-Platteville Pioneers,2021,espn,ncaafb,
272,Wisconsin-Platteville Pioneers,2022,espn,ncaafb,
272,Wisconsin-Platteville Pioneers,2023,espn,ncaafb,
272,Wisconsin-Platteville Pioneers,2024,espn,ncaafb,
272,Wisconsin-Platteville Pioneers,2025,espn,ncaafb,
273,MacMurray College Highlanders,2007,espn,ncaafb,
273,MacMurray College Highlanders,2008,espn,ncaafb,
273,MacMurray College Highlanders,2009,espn,ncaafb,
273,MacMurray College Highlanders,2010,espn,ncaafb,
273,MacMurray College Highlanders,2011,espn,ncaafb,
273,MacMurray College Highlanders,2012,espn,ncaafb,
273,MacMurray College Highlanders,2013,espn,ncaafb,
273,MacMurray College Highlanders,2014,espn,ncaafb,
273,MacMurray College Highlanders,2015,espn,ncaafb,
273,MacMurray College Highlanders,2016,espn,ncaafb,
273,MacMurray College Highlanders,2017,espn,ncaafb,
273,MacMurray College Highlanders,2018,espn,ncaafb,
273,MacMurray College Highlanders,2019,espn,ncaafb,
274,Maine Maritime Mariners,2007,espn,ncaafb,
274,Maine Maritime Mariners,2008,espn,ncaafb,
274,Maine Maritime Mariners,2009,espn,ncaafb,
274,Maine Maritime Mariners,2010,espn,ncaafb,
274,Maine Maritime Mariners,2011,espn,ncaafb,
274,Maine Maritime Mariners,2012,espn,ncaafb,
274,Maine Maritime Mariners,2013,espn,ncaafb,
274,Maine Maritime Mariners,2014,espn,ncaafb,
274,Maine Maritime Mariners,2015,espn,ncaafb,
274,Maine Maritime Mariners,2016,espn,ncaafb,
274,Maine Maritime Mariners,2017,espn,ncaafb,
274,Maine Maritime Mariners,2018,espn,ncaafb,
274,Maine Maritime Mariners,2019,espn,ncaafb,
274,Maine Maritime Mariners,2020,espn,ncaafb,
274,Maine Maritime Mariners,2024,espn,ncaafb,
274,Maine Maritime Mariners,2025,espn,ncaafb,
275,Wisconsin Badgers,2001,espn,ncaafb,
275,Wisconsin Badgers,2002,espn,ncaafb,
275,Wisconsin Badgers,2003,espn,ncaafb,
275,Wisconsin Badgers,2004,espn,ncaafb,
275,Wisconsin Badgers,2005,espn,ncaafb,
275,Wisconsin Badgers,2006,espn,ncaafb,
275,Wisconsin Badgers,2007,espn,ncaafb,
275,Wisconsin Badgers,2008,espn,ncaafb,
275,Wisconsin Badgers,2009,espn,ncaafb,
275,Wisconsin Badgers,2010,espn,ncaafb,
275,Wisconsin Badgers,2011,espn,ncaafb,
275,Wisconsin Badgers,2012,espn,ncaafb,
275,Wisconsin Badgers,2013,espn,ncaafb,
275,Wisconsin Badgers,2014,espn,ncaafb,
275,Wisconsin Badgers,2015,espn,ncaafb,
275,Wisconsin Badgers,2016,espn,ncaafb,
275,Wisconsin Badgers,2017,espn,ncaafb,
275,Wisconsin Badgers,2018,espn,ncaafb,
275,Wisconsin Badgers,2019,espn,ncaafb,
275,Wisconsin Badgers,2020,espn,ncaafb,
275,Wisconsin Badgers,2021,espn,ncaafb,
275,Wisconsin Badgers,2022,espn,ncaafb,
275,Wisconsin Badgers,2023,espn,ncaafb,
275,Wisconsin Badgers,2024,espn,ncaafb,
275,Wisconsin Badgers,2025,espn,ncaafb,
276,Marshall Thundering Herd,2001,espn,ncaafb,
276,Marshall Thundering Herd,2002,espn,ncaafb,
276,Marshall Thundering Herd,2003,espn,ncaafb,
276,Marshall Thundering Herd,2004,espn,ncaafb,
276,Marshall Thundering Herd,2005,espn,ncaafb,
276,Marshall Thundering Herd,2006,espn,ncaafb,
276,Marshall Thundering Herd,2007,espn,ncaafb,
276,Marshall Thundering Herd,2008,espn,ncaafb,
276,Marshall Thundering Herd,2009,espn,ncaafb,
276,Marshall Thundering Herd,2010,espn,ncaafb,
276,Marshall Thundering Herd,2011,espn,ncaafb,
276,Marshall Thundering Herd,2012,espn,ncaafb,
276,Marshall Thundering Herd,2013,espn,ncaafb,
276,Marshall Thundering Herd,2014,espn,ncaafb,
276,Marshall Thundering Herd,2015,espn,ncaafb,
276,Marshall Thundering Herd,2016,espn,ncaafb,
276,Marshall Thundering Herd,2017,espn,ncaafb,
276,Marshall Thundering Herd,2018,espn,ncaafb,
276,Marshall Thundering Herd,2019,espn,ncaafb,
276,Marshall Thundering Herd,2020,espn,ncaafb,
276,Marshall Thundering Herd,2021,espn,ncaafb,
276,Marshall Thundering Herd,2022,espn,ncaafb,
276,Marshall Thundering Herd,2023,espn,ncaafb,
276,Marshall Thundering Herd,2024,espn,ncaafb,
276,Marshall Thundering Herd,2025,espn,ncaafb,
277,West Virginia Mountaineers,2001,espn,ncaafb,
277,West Virginia Mountaineers,2002,espn,ncaafb,
277,West Virginia Mountaineers,2003,espn,ncaafb,
277,West Virginia Mountaineers,2004,espn,ncaafb,
277,West Virginia Mountaineers,2005,espn,ncaafb,
277,West Virginia Mountaineers,2006,espn,ncaafb,
277,West Virginia Mountaineers,2007,espn,ncaafb,
277,West Virginia Mountaineers,2008,espn,ncaafb,
277,West Virginia Mountaineers,2009,espn,ncaafb,
277,West Virginia Mountaineers,2010,espn,ncaafb,
277,West Virginia Mountaineers,2011,espn,ncaafb,
277,West Virginia Mountaineers,2012,espn,ncaafb,
277,West Virginia Mountaineers,2013,espn,ncaafb,
277,West Virginia Mountaineers,2014,espn,ncaafb,
277,West Virginia Mountaineers,2015,espn,ncaafb,
277,West Virginia Mountaineers,2016,espn,ncaafb,
277,West Virginia Mountaineers,2017,espn,ncaafb,
277,West Virginia Mountaineers,2018,espn,ncaafb,
277,West Virginia Mountaineers,2019,espn,ncaafb,
277,West Virginia Mountaineers,2020,espn,ncaafb,
277,West Virginia Mountaineers,2021,espn,ncaafb,
277,West Virginia Mountaineers,2022,espn,ncaafb,
277,West Virginia Mountaineers,2023,espn,ncaafb,
277,West Virginia Mountaineers,2024,espn,ncaafb,
277,West Virginia Mountaineers,2025,espn,ncaafb,
278,Fresno State Bulldogs,2001,espn,ncaafb,
278,Fresno State Bulldogs,2002,espn,ncaafb,
278,Fresno State Bulldogs,2003,espn,ncaafb,
278,Fresno State Bulldogs,2004,espn,ncaafb,
278,Fresno State Bulldogs,2005,espn,ncaafb,
278,Fresno State Bulldogs,2006,espn,ncaafb,
278,Fresno State Bulldogs,2007,espn,ncaafb,
278,Fresno State Bulldogs,2008,espn,ncaafb,
278,Fresno State Bulldogs,2009,espn,ncaafb,
278,Fresno State Bulldogs,2010,espn,ncaafb,
278,Fresno State Bulldogs,2011,espn,ncaafb,
278,Fresno State Bulldogs,2012,espn,ncaafb,
278,Fresno State Bulldogs,2013,espn,ncaafb,
278,Fresno State Bulldogs,2014,espn,ncaafb,
278,Fresno State Bulldogs,2015,espn,ncaafb,
278,Fresno State Bulldogs,2016,espn,ncaafb,
278,Fresno State Bulldogs,2017,espn,ncaafb,
278,Fresno State Bulldogs,2018,espn,ncaafb,
278,Fresno State Bulldogs,2019,espn,ncaafb,
278,Fresno State Bulldogs,2020,espn,ncaafb,
278,Fresno State Bulldogs,2021,espn,ncaafb,
278,Fresno State Bulldogs,2022,espn,ncaafb,
278,Fresno State Bulldogs,2023,espn,ncaafb,
278,Fresno State Bulldogs,2024,espn,ncaafb,
278,Fresno State Bulldogs,2025,espn,ncaafb,
282,Indiana State Sycamores,2001,espn,ncaafb,
282,Indiana State Sycamores,2002,espn,ncaafb,
282,Indiana State Sycamores,2003,espn,ncaafb,
282,Indiana State Sycamores,2004,espn,ncaafb,
282,Indiana State Sycamores,2005,espn,ncaafb,
282,Indiana State Sycamores,2006,espn,ncaafb,
282,Indiana State Sycamores,2007,espn,ncaafb,
282,Indiana State Sycamores,2008,espn,ncaafb,
282,Indiana State Sycamores,2009,espn,ncaafb,
282,Indiana State Sycamores,2010,espn,ncaafb,
282,Indiana State Sycamores,2011,espn,ncaafb,
282,Indiana State Sycamores,2012,espn,ncaafb,
282,Indiana State Sycamores,2013,espn,ncaafb,
282,Indiana State Sycamores,2014,espn,ncaafb,
282,Indiana State Sycamores,2015,espn,ncaafb,
282,Indiana State Sycamores,2016,espn,ncaafb,
282,Indiana State Sycamores,2017,espn,ncaafb,
282,Indiana State Sycamores,2018,espn,ncaafb,
282,Indiana State Sycamores,2019,espn,ncaafb,
282,Indiana State Sycamores,2021,espn,ncaafb,
282,Indiana State Sycamores,2022,espn,ncaafb,
282,Indiana State Sycamores,2023,espn,ncaafb,
282,Indiana State Sycamores,2024,espn,ncaafb,
282,Indiana State Sycamores,2025,espn,ncaafb,
284,Stonehill Chieftains,2003,espn,ncaafb,
284,Stonehill Skyhawks,2005,espn,ncaafb,
284,Stonehill Chieftains,2006,espn,ncaafb,
284,Stonehill Chieftains,2007,espn,ncaafb,
284,Stonehill Chieftains,2008,espn,ncaafb,
284,Stonehill Chieftains,2009,espn,ncaafb,
284,Stonehill Chieftains,2010,espn,ncaafb,
284,Stonehill Chieftains,2011,espn,ncaafb,
284,Stonehill Chieftains,2012,espn,ncaafb,
284,Stonehill Chieftains,2013,espn,ncaafb,
284,Stonehill Chieftains,2014,espn,ncaafb,
284,Stonehill Chieftains,2015,espn,ncaafb,
284,Stonehill Chieftains,2016,espn,ncaafb,
284,Stonehill Chieftains,2017,espn,ncaafb,
284,Stonehill Skyhawks,2018,espn,ncaafb,
284,Stonehill College Skyhawks,2019,espn,ncaafb,
284,Stonehill College Skyhawks,2020,espn,ncaafb,
284,Stonehill College Skyhawks,2021,espn,ncaafb,
284,Stonehill Skyhawks,2022,espn,ncaafb,
284,Stonehill Skyhawks,2023,espn,ncaafb,
284,Stonehill Skyhawks,2024,espn,ncaafb,
284,Stonehill Skyhawks,2025,espn,ncaafb,
286,NC Wesleyan Battling Bishops,2007,espn,ncaafb,
286,NC Wesleyan Battling Bishops,2008,espn,ncaafb,
286,NC Wesleyan Battling Bishops,2009,espn,ncaafb,
286,NC Wesleyan Battling Bishops,2010,espn,ncaafb,
286,NC Wesleyan Battling Bishops,2011,espn,ncaafb,
286,NC Wesleyan Battling Bishops,2012,espn,ncaafb,
286,NC Wesleyan Battling Bishops,2013,espn,ncaafb,
286,NC Wesleyan Battling Bishops,2014,espn,ncaafb,
286,NC Wesleyan Battling Bishops,2015,espn,ncaafb,
286,NC Wesleyan Battling Bishops,2016,espn,ncaafb,
286,NC Wesleyan Battling Bishops,2017,espn,ncaafb,
286,NC Wesleyan Battling Bishops,2018,espn,ncaafb,
286,NC Wesleyan Battling Bishops,2019,espn,ncaafb,
286,NC Wesleyan Battling Bishops,2021,espn,ncaafb,
286,NC Wesleyan Battling Bishops,2022,espn,ncaafb,
286,NC Wesleyan Battling Bishops,2023,espn,ncaafb,
286,North Carolina Wesleyan Battling Bishops,2024,espn,ncaafb,
286,North Carolina Wesleyan Battling Bishops,2025,espn,ncaafb,
290,Georgia Southern Eagles,2001,espn,ncaafb,
290,Georgia Southern Eagles,2002,espn,ncaafb,
290,Georgia Southern Eagles,2003,espn,ncaafb,
290,Georgia Southern Eagles,2004,espn,ncaafb,
290,Georgia Southern Eagles,2005,espn,ncaafb,
290,Georgia Southern Eagles,2006,espn,ncaafb,
290,Georgia Southern Eagles,2007,espn,ncaafb,
290,Georgia Southern Eagles,2008,espn,ncaafb,
290,Georgia Southern Eagles,2009,espn,ncaafb,
290,Georgia Southern Eagles,2010,espn,ncaafb,
290,Georgia Southern Eagles,2011,espn,ncaafb,
290,Georgia Southern Eagles,2012,espn,ncaafb,
290,Georgia Southern Eagles,2013,espn,ncaafb,
290,Georgia Southern Eagles,2014,espn,ncaafb,
290,Georgia Southern Eagles,2015,espn,ncaafb,
290,Georgia Southern Eagles,2016,espn,ncaafb,
290,Georgia Southern Eagles,2017,espn,ncaafb,
290,Georgia Southern Eagles,2018,espn,ncaafb,
290,Georgia Southern Eagles,2019,espn,ncaafb,
290,Georgia Southern Eagles,2020,espn,ncaafb,
290,Georgia Southern Eagles,2021,espn,ncaafb,
290,Georgia Southern Eagles,2022,espn,ncaafb,
290,Georgia Southern Eagles,2023,espn,ncaafb,
290,Georgia Southern Eagles,2024,espn,ncaafb,
290,Georgia Southern Eagles,2025,espn,ncaafb,
291,Methodist Monarchs,2007,espn,ncaafb,
291,Methodist Monarchs,2008,espn,ncaafb,
291,Methodist Monarchs,2009,espn,ncaafb,
291,Methodist Monarchs,2010,espn,ncaafb,
291,Methodist Monarchs,2011,espn,ncaafb,
291,Methodist Monarchs,2012,espn,ncaafb,
291,Methodist Monarchs,2013,espn,ncaafb,
291,Methodist Monarchs,2014,espn,ncaafb,
291,Methodist Monarchs,2015,espn,ncaafb,
291,Methodist Monarchs,2016,espn,ncaafb,
291,Methodist Monarchs,2017,espn,ncaafb,
291,Methodist Monarchs,2018,espn,ncaafb,
291,Methodist Monarchs,2019,espn,ncaafb,
291,Methodist Monarchs,2021,espn,ncaafb,
291,Methodist Monarchs,2022,espn,ncaafb,
291,Methodist Monarchs,2023,espn,ncaafb,
291,Methodist Monarchs,2024,espn,ncaafb,
291,Methodist Monarchs,2025,espn,ncaafb,
292,UT Rio Grande Valley Vaqueros,2025,espn,ncaafb,
293,Castleton State College Spartans,2009,espn,ncaafb,
293,Castleton State College Spartans,2010,espn,ncaafb,
293,Castleton State College Spartans,2011,espn,ncaafb,
293,Castleton State College Spartans,2012,espn,ncaafb,
293,Castleton State College Spartans,2013,espn,ncaafb,
293,Castleton State College Spartans,2014,espn,ncaafb,
293,Castleton State College Spartans,2015,espn,ncaafb,
293,Castleton State College Spartans,2016,espn,ncaafb,
293,Castleton State College Spartans,2017,espn,ncaafb,
293,Castleton State College Spartans,2018,espn,ncaafb,
293,Castleton State College Spartans,2019,espn,ncaafb,
293,Castleton Spartans,2020,espn,ncaafb,
293,Castleton Spartans,2021,espn,ncaafb,
293,Castleton Spartans,2022,espn,ncaafb,
293,Castleton Spartans,2023,espn,ncaafb,
293,Castleton Spartans,2024,espn,ncaafb,
293,Castleton Spartans,2025,espn,ncaafb,
294,Jacksonville Dolphins,2001,espn,ncaafb,
294,Jacksonville Dolphins,2002,espn,ncaafb,
294,Jacksonville Dolphins,2003,espn,ncaafb,
294,Jacksonville Dolphins,2004,espn,ncaafb,
294,Jacksonville Dolphins,2005,espn,ncaafb,
294,Jacksonville Dolphins,2006,espn,ncaafb,
294,Jacksonville Dolphins,2007,espn,ncaafb,
294,Jacksonville Dolphins,2008,espn,ncaafb,
294,Jacksonville Dolphins,2009,espn,ncaafb,
294,Jacksonville Dolphins,2010,espn,ncaafb,
294,Jacksonville Dolphins,2011,espn,ncaafb,
294,Jacksonville Dolphins,2012,espn,ncaafb,
294,Jacksonville Dolphins,2013,espn,ncaafb,
294,Jacksonville Dolphins,2014,espn,ncaafb,
294,Jacksonville Dolphins,2015,espn,ncaafb,
294,Jacksonville Dolphins,2016,espn,ncaafb,
294,Jacksonville Dolphins,2017,espn,ncaafb,
294,Jacksonville Dolphins,2018,espn,ncaafb,
294,Jacksonville Dolphins,2019,espn,ncaafb,
295,Old Dominion Monarchs,2009,espn,ncaafb,
295,Old Dominion Monarchs,2010,espn,ncaafb,
295,Old Dominion Monarchs,2011,espn,ncaafb,
295,Old Dominion Monarchs,2012,espn,ncaafb,
295,Old Dominion Monarchs,2013,espn,ncaafb,
295,Old Dominion Monarchs,2014,espn,ncaafb,
295,Old Dominion Monarchs,2015,espn,ncaafb,
295,Old Dominion Monarchs,2016,espn,ncaafb,
295,Old Dominion Monarchs,2017,espn,ncaafb,
295,Old Dominion Monarchs,2018,espn,ncaafb,
295,Old Dominion Monarchs,2019,espn,ncaafb,
295,Old Dominion Monarchs,2021,espn,ncaafb,
295,Old Dominion Monarchs,2022,espn,ncaafb,
295,Old Dominion Monarchs,2023,espn,ncaafb,
295,Old Dominion Monarchs,2024,espn,ncaafb,
295,Old Dominion Monarchs,2025,espn,ncaafb,
297,Hampden-Sydney Tigers,2001,espn,ncaafb,
297,Hampden-Sydney Tigers,2002,espn,ncaafb,
297,Hampden-Sydney Tigers,2007,espn,ncaafb,
297,Hampden-Sydney Tigers,2008,espn,ncaafb,
297,Hampden-Sydney Tigers,2009,espn,ncaafb,
297,Hampden-Sydney Tigers,2010,espn,ncaafb,
297,Hampden-Sydney Tigers,2011,espn,ncaafb,
297,Hampden-Sydney Tigers,2012,espn,ncaafb,
297,Hampden-Sydney Tigers,2013,espn,ncaafb,
297,Hampden-Sydney Tigers,2014,espn,ncaafb,
297,Hampden-Sydney Tigers,2015,espn,ncaafb,
297,Hampden-Sydney Tigers,2016,espn,ncaafb,
297,Hampden-Sydney Tigers,2017,espn,ncaafb,
297,Hampden-Sydney Tigers,2018,espn,ncaafb,
297,Hampden-Sydney Tigers,2019,espn,ncaafb,
297,Hampden-Sydney Tigers,2020,espn,ncaafb,
297,Hampden-Sydney Tigers,2021,espn,ncaafb,
297,Hampden Sydney Tigers,2022,espn,ncaafb,
297,Hampden-Sydney Tigers,2023,espn,ncaafb,
297,Hampden-Sydney Tigers,2024,espn,ncaafb,
297,Hampden-Sydney Tigers,2025,espn,ncaafb,
301,San Diego Toreros,2001,espn,ncaafb,
301,San Diego Toreros,2002,espn,ncaafb,
301,San Diego Toreros,2003,espn,ncaafb,
301,San Diego Toreros,2004,espn,ncaafb,
301,San Diego Toreros,2005,espn,ncaafb,
301,San Diego Toreros,2006,espn,ncaafb,
301,San Diego Toreros,2007,espn,ncaafb,
301,San Diego Toreros,2008,espn,ncaafb,
301,San Diego Toreros,2009,espn,ncaafb,
301,San Diego Toreros,2010,espn,ncaafb,
301,San Diego Toreros,2011,espn,ncaafb,
301,San Diego Toreros,2012,espn,ncaafb,
301,San Diego Toreros,2013,espn,ncaafb,
301,San Diego Toreros,2014,espn,ncaafb,
301,San Diego Toreros,2015,espn,ncaafb,
301,San Diego Toreros,2016,espn,ncaafb,
301,San Diego Toreros,2017,espn,ncaafb,
301,San Diego Toreros,2018,espn,ncaafb,
301,San Diego Toreros,2019,espn,ncaafb,
301,San Diego Toreros,2021,espn,ncaafb,
301,San Diego Toreros,2022,espn,ncaafb,
301,San Diego Toreros,2023,espn,ncaafb,
301,San Diego Toreros,2024,espn,ncaafb,
301,San Diego Toreros,2025,espn,ncaafb,
302,UC Davis Aggies,2001,espn,ncaafb,
302,UC Davis Aggies,2002,espn,ncaafb,
302,UC Davis Aggies,2003,espn,ncaafb,
302,UC Davis Aggies,2004,espn,ncaafb,
302,UC Davis Aggies,2005,espn,ncaafb,
302,UC Davis Aggies,2006,espn,ncaafb,
302,UC Davis Aggies,2007,espn,ncaafb,
302,UC Davis Aggies,2008,espn,ncaafb,
302,UC Davis Aggies,2009,espn,ncaafb,
302,UC Davis Aggies,2010,espn,ncaafb,
302,UC Davis Aggies,2011,espn,ncaafb,
302,UC Davis Aggies,2012,espn,ncaafb,
302,UC Davis Aggies,2013,espn,ncaafb,
302,UC Davis Aggies,2014,espn,ncaafb,
302,UC Davis Aggies,2015,espn,ncaafb,
302,UC Davis Aggies,2016,espn,ncaafb,
302,UC Davis Aggies,2017,espn,ncaafb,
302,UC Davis Aggies,2018,espn,ncaafb,
302,UC Davis Aggies,2019,espn,ncaafb,
302,UC Davis Aggies,2021,espn,ncaafb,
302,UC Davis Aggies,2022,espn,ncaafb,
302,UC Davis Aggies,2023,espn,ncaafb,
302,UC Davis Aggies,2024,espn,ncaafb,
302,UC Davis Aggies,2025,espn,ncaafb,
304,Idaho State Bengals,2001,espn,ncaafb,
304,Idaho State Bengals,2002,espn,ncaafb,
304,Idaho State Bengals,2003,espn,ncaafb,
304,Idaho State Bengals,2004,espn,ncaafb,
304,Idaho State Bengals,2005,espn,ncaafb,
304,Idaho State Bengals,2006,espn,ncaafb,
304,Idaho State Bengals,2007,espn,ncaafb,
304,Idaho State Bengals,2008,espn,ncaafb,
304,Idaho State Bengals,2009,espn,ncaafb,
304,Idaho State Bengals,2010,espn,ncaafb,
304,Idaho State Bengals,2011,espn,ncaafb,
304,Idaho State Bengals,2012,espn,ncaafb,
304,Idaho State Bengals,2013,espn,ncaafb,
304,Idaho State Bengals,2014,espn,ncaafb,
304,Idaho State Bengals,2015,espn,ncaafb,
304,Idaho State Bengals,2016,espn,ncaafb,
304,Idaho State Bengals,2017,espn,ncaafb,
304,Idaho State Bengals,2018,espn,ncaafb,
304,Idaho State Bengals,2019,espn,ncaafb,
304,Idaho State Bengals,2021,espn,ncaafb,
304,Idaho State Bengals,2022,espn,ncaafb,
304,Idaho State Bengals,2023,espn,ncaafb,
304,Idaho State Bengals,2024,espn,ncaafb,
304,Idaho State Bengals,2025,espn,ncaafb,
306,Illinois Wesleyan Titans,2007,espn,ncaafb,
306,Illinois Wesleyan Titans,2008,espn,ncaafb,
306,Illinois Wesleyan Titans,2009,espn,ncaafb,
306,Illinois Wesleyan Titans,2010,espn,ncaafb,
306,Illinois Wesleyan Titans,2011,espn,ncaafb,
306,Illinois Wesleyan Titans,2012,espn,ncaafb,
306,Illinois Wesleyan Titans,2013,espn,ncaafb,
306,Illinois Wesleyan Titans,2014,espn,ncaafb,
306,Illinois Wesleyan Titans,2015,espn,ncaafb,
306,Illinois Wesleyan Titans,2016,espn,ncaafb,
306,Illinois Wesleyan Titans,2017,espn,ncaafb,
306,Illinois Wesleyan Titans,2018,espn,ncaafb,
306,Illinois Wesleyan Titans,2019,espn,ncaafb,
306,Illinois Wesleyan Titans,2020,espn,ncaafb,
306,Illinois Wesleyan Titans,2021,espn,ncaafb,
306,Illinois Wesleyan Titans,2022,espn,ncaafb,
306,Illinois Wesleyan Titans,2023,espn,ncaafb,
306,Illinois Wesleyan Titans,2024,espn,ncaafb,
306,Illinois Wesleyan Titans,2025,espn,ncaafb,
308,Ashland Eagles,2007,espn,ncaafb,
308,Ashland Eagles,2008,espn,ncaafb,
308,Ashland Eagles,2009,espn,ncaafb,
308,Ashland Eagles,2010,espn,ncaafb,
308,Ashland Eagles,2011,espn,ncaafb,
308,Ashland Eagles,2012,espn,ncaafb,
308,Ashland Eagles,2013,espn,ncaafb,
308,Ashland Eagles,2014,espn,ncaafb,
308,Ashland Eagles,2015,espn,ncaafb,
308,Ashland Eagles,2016,espn,ncaafb,
308,Ashland Eagles,2017,espn,ncaafb,
308,Ashland Eagles,2018,espn,ncaafb,
308,Ashland Eagles,2019,espn,ncaafb,
308,Ashland Eagles,2021,espn,ncaafb,
308,Ashland Eagles,2022,espn,ncaafb,
308,Ashland Eagles,2023,espn,ncaafb,
308,Ashland Eagles,2024,espn,ncaafb,
308,Ashland Eagles,2025,espn,ncaafb,
309,Louisiana Ragin' Cajuns,2001,espn,ncaafb,
309,Louisiana Ragin' Cajuns,2002,espn,ncaafb,
309,Louisiana Ragin' Cajuns,2003,espn,ncaafb,
309,Louisiana Ragin' Cajuns,2004,espn,ncaafb,
309,Louisiana Ragin' Cajuns,2005,espn,ncaafb,
309,Louisiana Ragin' Cajuns,2006,espn,ncaafb,
309,Louisiana Ragin' Cajuns,2007,espn,ncaafb,
309,Louisiana Ragin' Cajuns,2008,espn,ncaafb,
309,Louisiana Ragin' Cajuns,2009,espn,ncaafb,
309,Louisiana Ragin' Cajuns,2010,espn,ncaafb,
309,Louisiana Ragin' Cajuns,2011,espn,ncaafb,
309,Louisiana Ragin' Cajuns,2012,espn,ncaafb,
309,Louisiana Ragin' Cajuns,2013,espn,ncaafb,
309,Louisiana Ragin' Cajuns,2014,espn,ncaafb,
309,Louisiana Ragin' Cajuns,2015,espn,ncaafb,
309,Louisiana Ragin' Cajuns,2016,espn,ncaafb,
309,Louisiana Ragin' Cajuns,2017,espn,ncaafb,
309,Louisiana Ragin' Cajuns,2018,espn,ncaafb,
309,Louisiana Ragin' Cajuns,2019,espn,ncaafb,
309,Louisiana Ragin' Cajuns,2020,espn,ncaafb,
309,Louisiana Ragin' Cajuns,2021,espn,ncaafb,
309,Louisiana Ragin' Cajuns,2022,espn,ncaafb,
309,Louisiana Ragin' Cajuns,2023,espn,ncaafb,
309,Louisiana Ragin' Cajuns,2024,espn,ncaafb,
309,Louisiana Ragin' Cajuns,2025,espn,ncaafb,
311,Maine Black Bears,2001,espn,ncaafb,
311,Maine Black Bears,2002,espn,ncaafb,
311,Maine Black Bears,2003,espn,ncaafb,
311,Maine Black Bears,2004,espn,ncaafb,
311,Maine Black Bears,2005,espn,ncaafb,
311,Maine Black Bears,2006,espn,ncaafb,
311,Maine Black Bears,2007,espn,ncaafb,
311,Maine Black Bears,2008,espn,ncaafb,
311,Maine Black Bears,2009,espn,ncaafb,
311,Maine Black Bears,2010,espn,ncaafb,
311,Maine Black Bears,2011,espn,ncaafb,
311,Maine Black Bears,2012,espn,ncaafb,
311,Maine Black Bears,2013,espn,ncaafb,
311,Maine Black Bears,2014,espn,ncaafb,
311,Maine Black Bears,2015,espn,ncaafb,
311,Maine Black Bears,2016,espn,ncaafb,
311,Maine Black Bears,2017,espn,ncaafb,
311,Maine Black Bears,2018,espn,ncaafb,
311,Maine Black Bears,2019,espn,ncaafb,
311,Maine Black Bears,2021,espn,ncaafb,
311,Maine Black Bears,2022,espn,ncaafb,
311,Maine Black Bears,2023,espn,ncaafb,
311,Maine Black Bears,2024,espn,ncaafb,
311,Maine Black Bears,2025,espn,ncaafb,
314,Iona Gaels,2001,espn,ncaafb,
314,Iona Gaels,2002,espn,ncaafb,
314,Iona Gaels,2003,espn,ncaafb,
314,Iona Gaels,2004,espn,ncaafb,
314,Iona Gaels,2005,espn,ncaafb,
314,Iona Gaels,2006,espn,ncaafb,
314,Iona Gaels,2007,espn,ncaafb,
314,Iona Gaels,2008,espn,ncaafb,
316,Dickinson State University Blue Hawks,2007,espn,ncaafb,
316,Dickinson State Blue Hawks,2008,espn,ncaafb,
316,Dickinson State Blue Hawks,2009,espn,ncaafb,
316,Dickinson State Blue Hawks,2010,espn,ncaafb,
316,Dickinson State Blue Hawks,2011,espn,ncaafb,
316,Dickinson State Blue Hawks,2016,espn,ncaafb,
316,Dickinson State Blue Hawks,2018,espn,ncaafb,
316,Dickinson State Blue Hawks,2019,espn,ncaafb,
316,Dickinson State Blue Hawks,2021,espn,ncaafb,
316,Dickinson State Blue Hawks,2022,espn,ncaafb,
316,Dickinson State Blue Hawks,2023,espn,ncaafb,
316,Dickinson State Blue Hawks,2024,espn,ncaafb,
317,Marietta Pioneers,2007,espn,ncaafb,
317,Marietta Pioneers,2008,espn,ncaafb,
317,Marietta Pioneers,2009,espn,ncaafb,
317,Marietta Pioneers,2010,espn,ncaafb,
317,Marietta Pioneers,2011,espn,ncaafb,
317,Marietta Pioneers,2012,espn,ncaafb,
317,Marietta Pioneers,2013,espn,ncaafb,
317,Marietta Pioneers,2014,espn,ncaafb,
317,Marietta Pioneers,2015,espn,ncaafb,
317,Marietta Pioneers,2016,espn,ncaafb,
317,Marietta Pioneers,2017,espn,ncaafb,
317,Marietta Pioneers,2018,espn,ncaafb,
317,Marietta Pioneers,2019,espn,ncaafb,
317,Marietta Pioneers,2021,espn,ncaafb,
317,Marietta Pioneers,2022,espn,ncaafb,
317,Marietta Pioneers,2023,espn,ncaafb,
317,Marietta Pioneers,2024,espn,ncaafb,
317,Marietta Pioneers,2025,espn,ncaafb,
319,Oklahoma Baptist Bison,2013,espn,ncaafb,
319,Oklahoma Baptist Bison,2014,espn,ncaafb,
319,Oklahoma Baptist Bison,2015,espn,ncaafb,
319,Oklahoma Baptist Bison,2016,espn,ncaafb,
319,Oklahoma Baptist Bison,2017,espn,ncaafb,
319,Oklahoma Baptist Bison,2018,espn,ncaafb,
319,Oklahoma Baptist Bison,2019,espn,ncaafb,
319,Oklahoma Baptist Bison,2021,espn,ncaafb,
319,Oklahoma Baptist Bison,2022,espn,ncaafb,
319,Oklahoma Baptist Bison,2023,espn,ncaafb,
319,Oklahoma Baptist Bison,2024,espn,ncaafb,
319,Oklahoma Baptist Bison,2025,espn,ncaafb,
322,Lafayette Leopards,2001,espn,ncaafb,
322,Lafayette Leopards,2002,espn,ncaafb,
322,Lafayette Leopards,2003,espn,ncaafb,
322,Lafayette Leopards,2004,espn,ncaafb,
322,Lafayette Leopards,2005,espn,ncaafb,
322,Lafayette Leopards,2006,espn,ncaafb,
322,Lafayette Leopards,2007,espn,ncaafb,
322,Lafayette Leopards,2008,espn,ncaafb,
322,Lafayette Leopards,2009,espn,ncaafb,
322,Lafayette Leopards,2010,espn,ncaafb,
322,Lafayette Leopards,2011,espn,ncaafb,
322,Lafayette Leopards,2012,espn,ncaafb,
322,Lafayette Leopards,2013,espn,ncaafb,
322,Lafayette Leopards,2014,espn,ncaafb,
322,Lafayette Leopards,2015,espn,ncaafb,
322,Lafayette Leopards,2016,espn,ncaafb,
322,Lafayette Leopards,2017,espn,ncaafb,
322,Lafayette Leopards,2018,espn,ncaafb,
322,Lafayette Leopards,2019,espn,ncaafb,
322,Lafayette Leopards,2020,espn,ncaafb,
322,Lafayette Leopards,2021,espn,ncaafb,
322,Lafayette Leopards,2022,espn,ncaafb,
322,Lafayette Leopards,2023,espn,ncaafb,
322,Lafayette Leopards,2024,espn,ncaafb,
322,Lafayette Leopards,2025,espn,ncaafb,
323,Moravian Greyhounds,2007,espn,ncaafb,
323,Moravian Greyhounds,2008,espn,ncaafb,
323,Moravian Greyhounds,2009,espn,ncaafb,
323,Moravian Greyhounds,2010,espn,ncaafb,
323,Moravian Greyhounds,2011,espn,ncaafb,
323,Moravian Greyhounds,2012,espn,ncaafb,
323,Moravian Greyhounds,2013,espn,ncaafb,
323,Moravian Greyhounds,2014,espn,ncaafb,
323,Moravian Greyhounds,2015,espn,ncaafb,
323,Moravian Greyhounds,2016,espn,ncaafb,
323,Moravian Greyhounds,2017,espn,ncaafb,
323,Moravian Greyhounds,2018,espn,ncaafb,
323,Moravian Greyhounds,2019,espn,ncaafb,
323,Moravian Greyhounds,2020,espn,ncaafb,
323,Moravian Greyhounds,2021,espn,ncaafb,
323,Moravian Greyhounds,2022,espn,ncaafb,
323,Moravian Greyhounds,2023,espn,ncaafb,
323,Moravian Greyhounds,2024,espn,ncaafb,
323,Moravian Greyhounds,2025,espn,ncaafb,
324,Coastal Carolina Chanticleers,2003,espn,ncaafb,
324,Coastal Carolina Chanticleers,2004,espn,ncaafb,
324,Coastal Carolina Chanticleers,2005,espn,ncaafb,
324,Coastal Carolina Chanticleers,2006,espn,ncaafb,
324,Coastal Carolina Chanticleers,2007,espn,ncaafb,
324,Coastal Carolina Chanticleers,2008,espn,ncaafb,
324,Coastal Carolina Chanticleers,2009,espn,ncaafb,
324,Coastal Carolina Chanticleers,2010,espn,ncaafb,
324,Coastal Carolina Chanticleers,2011,espn,ncaafb,
324,Coastal Carolina Chanticleers,2012,espn,ncaafb,
324,Coastal Carolina Chanticleers,2013,espn,ncaafb,
324,Coastal Carolina Chanticleers,2014,espn,ncaafb,
324,Coastal Carolina Chanticleers,2015,espn,ncaafb,
324,Coastal Carolina Chanticleers,2016,espn,ncaafb,
324,Coastal Carolina Chanticleers,2017,espn,ncaafb,
324,Coastal Carolina Chanticleers,2018,espn,ncaafb,
324,Coastal Carolina Chanticleers,2019,espn,ncaafb,
324,Coastal Carolina Chanticleers,2020,espn,ncaafb,
324,Coastal Carolina Chanticleers,2021,espn,ncaafb,
324,Coastal Carolina Chanticleers,2022,espn,ncaafb,
324,Coastal Carolina Chanticleers,2023,espn,ncaafb,
324,Coastal Carolina Chanticleers,2024,espn,ncaafb,
324,Coastal Carolina Chanticleers,2025,espn,ncaafb,
326,Texas State Bobcats,2001,espn,ncaafb,
326,Texas State Bobcats,2002,espn,ncaafb,
326,Texas State Bobcats,2003,espn,ncaafb,
326,Texas State Bobcats,2004,espn,ncaafb,
326,Texas State Bobcats,2005,espn,ncaafb,
326,Texas State Bobcats,2006,espn,ncaafb,
326,Texas State Bobcats,2007,espn,ncaafb,
326,Texas State Bobcats,2008,espn,ncaafb,
326,Texas State Bobcats,2009,espn,ncaafb,
326,Texas State Bobcats,2010,espn,ncaafb,
326,Texas State Bobcats,2011,espn,ncaafb,
326,Texas State Bobcats,2012,espn,ncaafb,
326,Texas State Bobcats,2013,espn,ncaafb,
326,Texas State Bobcats,2014,espn,ncaafb,
326,Texas State Bobcats,2015,espn,ncaafb,
326,Texas State Bobcats,2016,espn,ncaafb,
326,Texas State Bobcats,2017,espn,ncaafb,
326,Texas State Bobcats,2018,espn,ncaafb,
326,Texas State Bobcats,2019,espn,ncaafb,
326,Texas State Bobcats,2020,espn,ncaafb,
326,Texas State Bobcats,2021,espn,ncaafb,
326,Texas State Bobcats,2022,espn,ncaafb,
326,Texas State Bobcats,2023,espn,ncaafb,
326,Texas State Bobcats,2024,espn,ncaafb,
326,Texas State Bobcats,2025,espn,ncaafb,
328,Utah State Aggies,2001,espn,ncaafb,
328,Utah State Aggies,2002,espn,ncaafb,
328,Utah State Aggies,2003,espn,ncaafb,
328,Utah State Aggies,2004,espn,ncaafb,
328,Utah State Aggies,2005,espn,ncaafb,
328,Utah State Aggies,2006,espn,ncaafb,
328,Utah State Aggies,2007,espn,ncaafb,
328,Utah State Aggies,2008,espn,ncaafb,
328,Utah State Aggies,2009,espn,ncaafb,
328,Utah State Aggies,2010,espn,ncaafb,
328,Utah State Aggies,2011,espn,ncaafb,
328,Utah State Aggies,2012,espn,ncaafb,
328,Utah State Aggies,2013,espn,ncaafb,
328,Utah State Aggies,2014,espn,ncaafb,
328,Utah State Aggies,2015,espn,ncaafb,
328,Utah State Aggies,2016,espn,ncaafb,
328,Utah State Aggies,2017,espn,ncaafb,
328,Utah State Aggies,2018,espn,ncaafb,
328,Utah State Aggies,2019,espn,ncaafb,
328,Utah State Aggies,2020,espn,ncaafb,
328,Utah State Aggies,2021,espn,ncaafb,
328,Utah State Aggies,2022,espn,ncaafb,
328,Utah State Aggies,2023,espn,ncaafb,
328,Utah State Aggies,2024,espn,ncaafb,
328,Utah State Aggies,2025,espn,ncaafb,
330,Virginia State Trojans,2001,espn,ncaafb,
330,Virginia State Trojans,2002,espn,ncaafb,
330,Virginia State Trojans,2003,espn,ncaafb,
330,Virginia State Trojans,2004,espn,ncaafb,
330,Virginia State Trojans,2005,espn,ncaafb,
330,Virginia State Trojans,2006,espn,ncaafb,
330,Virginia State Trojans,2007,espn,ncaafb,
330,Virginia State Trojans,2008,espn,ncaafb,
330,Virginia State Trojans,2009,espn,ncaafb,
330,Virginia State Trojans,2010,espn,ncaafb,
330,Virginia State Trojans,2011,espn,ncaafb,
330,Virginia State Trojans,2012,espn,ncaafb,
330,Virginia State Trojans,2013,espn,ncaafb,
330,Virginia State Trojans,2014,espn,ncaafb,
330,Virginia State Trojans,2015,espn,ncaafb,
330,Virginia State Trojans,2016,espn,ncaafb,
330,Virginia State Trojans,2017,espn,ncaafb,
330,Virginia State Trojans,2018,espn,ncaafb,
330,Virginia State Trojans,2019,espn,ncaafb,
330,Virginia State Trojans,2020,espn,ncaafb,
330,Virginia State Trojans,2021,espn,ncaafb,
330,Virginia State Trojans,2022,espn,ncaafb,
330,Virginia State Trojans,2023,espn,ncaafb,
330,Virginia State Trojans,2024,espn,ncaafb,
330,Virginia State Trojans,2025,espn,ncaafb,
331,Eastern Washington Eagles,2001,espn,ncaafb,
331,Eastern Washington Eagles,2002,espn,ncaafb,
331,Eastern Washington Eagles,2003,espn,ncaafb,
331,Eastern Washington Eagles,2004,espn,ncaafb,
331,Eastern Washington Eagles,2005,espn,ncaafb,
331,Eastern Washington Eagles,2006,espn,ncaafb,
331,Eastern Washington Eagles,2007,espn,ncaafb,
331,Eastern Washington Eagles,2008,espn,ncaafb,
331,Eastern Washington Eagles,2009,espn,ncaafb,
331,Eastern Washington Eagles,2010,espn,ncaafb,
331,Eastern Washington Eagles,2011,espn,ncaafb,
331,Eastern Washington Eagles,2012,espn,ncaafb,
331,Eastern Washington Eagles,2013,espn,ncaafb,
331,Eastern Washington Eagles,2014,espn,ncaafb,
331,Eastern Washington Eagles,2015,espn,ncaafb,
331,Eastern Washington Eagles,2016,espn,ncaafb,
331,Eastern Washington Eagles,2017,espn,ncaafb,
331,Eastern Washington Eagles,2018,espn,ncaafb,
331,Eastern Washington Eagles,2019,espn,ncaafb,
331,Eastern Washington Eagles,2021,espn,ncaafb,
331,Eastern Washington Eagles,2022,espn,ncaafb,
331,Eastern Washington Eagles,2023,espn,ncaafb,
331,Eastern Washington Eagles,2024,espn,ncaafb,
331,Eastern Washington Eagles,2025,espn,ncaafb,
332,Muskingum Muskies,2007,espn,ncaafb,
332,Muskingum Muskies,2008,espn,ncaafb,
332,Muskingum Muskies,2009,espn,ncaafb,
332,Muskingum Muskies,2010,espn,ncaafb,
332,Muskingum Muskies,2011,espn,ncaafb,
332,Muskingum Muskies,2012,espn,ncaafb,
332,Muskingum Muskies,2013,espn,ncaafb,
332,Muskingum Muskies,2014,espn,ncaafb,
332,Muskingum Muskies,2015,espn,ncaafb,
332,Muskingum Muskies,2016,espn,ncaafb,
332,Muskingum Muskies,2017,espn,ncaafb,
332,Muskingum Fighting Muskies,2018,espn,ncaafb,
332,Muskingum Fighting Muskies,2019,espn,ncaafb,
332,Muskingum Fighting Muskies,2021,espn,ncaafb,
332,Muskingum Fighting Muskies,2022,espn,ncaafb,
332,Muskingum Fighting Muskies,2023,espn,ncaafb,
332,Muskingum Fighting Muskies,2024,espn,ncaafb,
332,Muskingum Fighting Muskies,2025,espn,ncaafb,
333,Alabama Crimson Tide,2001,espn,ncaafb,
333,Alabama Crimson Tide,2002,espn,ncaafb,
333,Alabama Crimson Tide,2003,espn,ncaafb,
333,Alabama Crimson Tide,2004,espn,ncaafb,
333,Alabama Crimson Tide,2005,espn,ncaafb,
333,Alabama Crimson Tide,2006,espn,ncaafb,
333,Alabama Crimson Tide,2007,espn,ncaafb,
333,Alabama Crimson Tide,2008,espn,ncaafb,
333,Alabama Crimson Tide,2009,espn,ncaafb,
333,Alabama Crimson Tide,2010,espn,ncaafb,
333,Alabama Crimson Tide,2011,espn,ncaafb,
333,Alabama Crimson Tide,2012,espn,ncaafb,
333,Alabama Crimson Tide,2013,espn,ncaafb,
333,Alabama Crimson Tide,2014,espn,ncaafb,
333,Alabama Crimson Tide,2015,espn,ncaafb,
333,Alabama Crimson Tide,2016,espn,ncaafb,
333,Alabama Crimson Tide,2017,espn,ncaafb,
333,Alabama Crimson Tide,2018,espn,ncaafb,
333,Alabama Crimson Tide,2019,espn,ncaafb,
333,Alabama Crimson Tide,2020,espn,ncaafb,
333,Alabama Crimson Tide,2021,espn,ncaafb,
333,Alabama Crimson Tide,2022,espn,ncaafb,
333,Alabama Crimson Tide,2023,espn,ncaafb,
333,Alabama Crimson Tide,2024,espn,ncaafb,
333,Alabama Crimson Tide,2025,espn,ncaafb,
336,Wesleyan Cardinals,2007,espn,ncaafb,
336,Wesleyan Cardinals,2008,espn,ncaafb,
336,Wesleyan Cardinals,2009,espn,ncaafb,
336,Wesleyan Cardinals,2010,espn,ncaafb,
336,Wesleyan Cardinals,2011,espn,ncaafb,
336,Wesleyan Cardinals,2012,espn,ncaafb,
336,Wesleyan Cardinals,2013,espn,ncaafb,
336,Wesleyan Cardinals,2014,espn,ncaafb,
336,Wesleyan Cardinals,2015,espn,ncaafb,
336,Wesleyan Cardinals,2016,espn,ncaafb,
336,Wesleyan Cardinals,2017,espn,ncaafb,
336,Wesleyan University Cardinals,2018,espn,ncaafb,
336,Wesleyan University Cardinals,2019,espn,ncaafb,
336,Wesleyan University Cardinals,2021,espn,ncaafb,
336,Wesleyan University Cardinals,2022,espn,ncaafb,
336,Wesleyan University (CT) Cardinals,2023,espn,ncaafb,
336,Wesleyan University (CT) Cardinals,2024,espn,ncaafb,
336,Wesleyan University (CT) Cardinals,2025,espn,ncaafb,
338,Kennesaw State Owls,2015,espn,ncaafb,
338,Kennesaw State Owls,2016,espn,ncaafb,
338,Kennesaw State Owls,2017,espn,ncaafb,
338,Kennesaw State Owls,2018,espn,ncaafb,
338,Kennesaw State Owls,2019,espn,ncaafb,
338,Kennesaw State Owls,2021,espn,ncaafb,
338,Kennesaw State Owls,2022,espn,ncaafb,
338,Kennesaw State Owls,2023,espn,ncaafb,
338,Kennesaw State Owls,2024,espn,ncaafb,
338,Kennesaw State Owls,2025,espn,ncaafb,
340,Bowdoin Polar Bears,2007,espn,ncaafb,
340,Bowdoin Polar Bears,2008,espn,ncaafb,
340,Bowdoin Polar Bears,2009,espn,ncaafb,
340,Bowdoin Polar Bears,2010,espn,ncaafb,
340,Bowdoin Polar Bears,2011,espn,ncaafb,
340,Bowdoin Polar Bears,2012,espn,ncaafb,
340,Bowdoin Polar Bears,2013,espn,ncaafb,
340,Bowdoin Polar Bears,2014,espn,ncaafb,
340,Bowdoin Polar Bears,2015,espn,ncaafb,
340,Bowdoin Polar Bears,2016,espn,ncaafb,
340,Bowdoin Polar Bears,2017,espn,ncaafb,
340,Bowdoin Polar Bears,2018,espn,ncaafb,
340,Bowdoin Polar Bears,2019,espn,ncaafb,
340,Bowdoin Polar Bears,2021,espn,ncaafb,
340,Bowdoin Polar Bears,2022,espn,ncaafb,
340,Bowdoin Polar Bears,2023,espn,ncaafb,
340,Bowdoin Polar Bears,2024,espn,ncaafb,
340,Bowdoin Polar Bears,2025,espn,ncaafb,
341,Frostburg State Bobcats,2001,espn,ncaafb,
341,Frostburg State Bobcats,2007,espn,ncaafb,
341,Frostburg State Bobcats,2008,espn,ncaafb,
341,Frostburg State Bobcats,2009,espn,ncaafb,
341,Frostburg State Bobcats,2010,espn,ncaafb,
341,Frostburg State Bobcats,2011,espn,ncaafb,
341,Frostburg State Bobcats,2012,espn,ncaafb,
341,Frostburg State Bobcats,2013,espn,ncaafb,
341,Frostburg State Bobcats,2014,espn,ncaafb,
341,Frostburg State Bobcats,2015,espn,ncaafb,
341,Frostburg State Bobcats,2016,espn,ncaafb,
341,Frostburg State Bobcats,2017,espn,ncaafb,
341,Frostburg State Bobcats,2018,espn,ncaafb,
341,Frostburg State Bobcats,2019,espn,ncaafb,
341,Frostburg State Bobcats,2021,espn,ncaafb,
341,Frostburg State Bobcats,2022,espn,ncaafb,
341,Frostburg State Bobcats,2023,espn,ncaafb,
341,Frostburg State Bobcats,2024,espn,ncaafb,
341,Frostburg State Bobcats,2025,espn,ncaafb,
344,Mississippi State Bulldogs,2001,espn,ncaafb,
344,Mississippi State Bulldogs,2002,espn,ncaafb,
344,Mississippi State Bulldogs,2003,espn,ncaafb,
344,Mississippi State Bulldogs,2004,espn,ncaafb,
344,Mississippi State Bulldogs,2005,espn,ncaafb,
344,Mississippi State Bulldogs,2006,espn,ncaafb,
344,Mississippi State Bulldogs,2007,espn,ncaafb,
344,Mississippi State Bulldogs,2008,espn,ncaafb,
344,Mississippi State Bulldogs,2009,espn,ncaafb,
344,Mississippi State Bulldogs,2010,espn,ncaafb,
344,Mississippi State Bulldogs,2011,espn,ncaafb,
344,Mississippi State Bulldogs,2012,espn,ncaafb,
344,Mississippi State Bulldogs,2013,espn,ncaafb,
344,Mississippi State Bulldogs,2014,espn,ncaafb,
344,Mississippi State Bulldogs,2015,espn,ncaafb,
344,Mississippi State Bulldogs,2016,espn,ncaafb,
344,Mississippi State Bulldogs,2017,espn,ncaafb,
344,Mississippi State Bulldogs,2018,espn,ncaafb,
344,Mississippi State Bulldogs,2019,espn,ncaafb,
344,Mississippi State Bulldogs,2020,espn,ncaafb,
344,Mississippi State Bulldogs,2021,espn,ncaafb,
344,Mississippi State Bulldogs,2022,espn,ncaafb,
344,Mississippi State Bulldogs,2023,espn,ncaafb,
344,Mississippi State Bulldogs,2024,espn,ncaafb,
344,Mississippi State Bulldogs,2025,espn,ncaafb,
348,Hamilton Continentals,2007,espn,ncaafb,
348,Hamilton Continentals,2008,espn,ncaafb,
348,Hamilton Continentals,2009,espn,ncaafb,
348,Hamilton Continentals,2010,espn,ncaafb,
348,Hamilton Continentals,2011,espn,ncaafb,
348,Hamilton Continentals,2012,espn,ncaafb,
348,Hamilton Continentals,2013,espn,ncaafb,
348,Hamilton Continentals,2014,espn,ncaafb,
348,Hamilton Continentals,2015,espn,ncaafb,
348,Hamilton Continentals,2016,espn,ncaafb,
348,Hamilton Continentals,2017,espn,ncaafb,
348,Hamilton Continentals,2018,espn,ncaafb,
348,Hamilton Continentals,2019,espn,ncaafb,
348,Hamilton Continentals,2021,espn,ncaafb,
348,Hamilton Continentals,2022,espn,ncaafb,
348,Hamilton Continentals,2023,espn,ncaafb,
348,Hamilton Continentals,2024,espn,ncaafb,
348,Hamilton Continentals,2025,espn,ncaafb,
349,Army Black Knights,2001,espn,ncaafb,
349,Army Black Knights,2002,espn,ncaafb,
349,Army Black Knights,2003,espn,ncaafb,
349,Army Black Knights,2004,espn,ncaafb,
349,Army Black Knights,2005,espn,ncaafb,
349,Army Black Knights,2006,espn,ncaafb,
349,Army Black Knights,2007,espn,ncaafb,
349,Army Black Knights,2008,espn,ncaafb,
349,Army Black Knights,2009,espn,ncaafb,
349,Army Black Knights,2010,espn,ncaafb,
349,Army Black Knights,2011,espn,ncaafb,
349,Army Black Knights,2012,espn,ncaafb,
349,Army Black Knights,2013,espn,ncaafb,
349,Army Black Knights,2014,espn,ncaafb,
349,Army Black Knights,2015,espn,ncaafb,
349,Army Black Knights,2016,espn,ncaafb,
349,Army Black Knights,2017,espn,ncaafb,
349,Army Black Knights,2018,espn,ncaafb,
349,Army Black Knights,2019,espn,ncaafb,
349,Army Black Knights,2020,espn,ncaafb,
349,Army Black Knights,2021,espn,ncaafb,
349,Army Black Knights,2022,espn,ncaafb,
349,Army Black Knights,2023,espn,ncaafb,
349,Army Black Knights,2024,espn,ncaafb,
349,Army Black Knights,2025,espn,ncaafb,
351,Wingate Bulldogs,2001,espn,ncaafb,
351,Wingate Bulldogs,2003,espn,ncaafb,
351,Wingate Bulldogs,2004,espn,ncaafb,
351,Wingate Bulldogs,2006,espn,ncaafb,
351,Wingate Bulldogs,2007,espn,ncaafb,
351,Wingate Bulldogs,2008,espn,ncaafb,
351,Wingate Bulldogs,2009,espn,ncaafb,
351,Wingate Bulldogs,2010,espn,ncaafb,
351,Wingate Bulldogs,2011,espn,ncaafb,
351,Wingate Bulldogs,2012,espn,ncaafb,
351,Wingate Bulldogs,2013,espn,ncaafb,
351,Wingate Bulldogs,2014,espn,ncaafb,
351,Wingate Bulldogs,2015,espn,ncaafb,
351,Wingate Bulldogs,2016,espn,ncaafb,
351,Wingate Bulldogs,2017,espn,ncaafb,
351,Wingate Bulldogs,2018,espn,ncaafb,
351,Wingate Bulldogs,2019,espn,ncaafb,
351,Wingate Bulldogs,2021,espn,ncaafb,
351,Wingate Bulldogs,2022,espn,ncaafb,
351,Wingate Bulldogs,2023,espn,ncaafb,
351,Wingate Bulldogs,2024,espn,ncaafb,
351,Wingate Bulldogs,2025,espn,ncaafb,
352,Kenyon Lords,2007,espn,ncaafb,
352,Kenyon Lords,2008,espn,ncaafb,
352,Kenyon Lords,2009,espn,ncaafb,
352,Kenyon Lords,2010,espn,ncaafb,
352,Kenyon Lords,2011,espn,ncaafb,
352,Kenyon Lords,2012,espn,ncaafb,
352,Kenyon Lords,2013,espn,ncaafb,
352,Kenyon Lords,2014,espn,ncaafb,
352,Kenyon Lords,2015,espn,ncaafb,
352,Kenyon Lords,2016,espn,ncaafb,
352,Kenyon Lords,2017,espn,ncaafb,
352,Kenyon Lords,2018,espn,ncaafb,
352,Kenyon Owls,2019,espn,ncaafb,
352,Kenyon Owls,2021,espn,ncaafb,
352,Kenyon Owls,2022,espn,ncaafb,
352,Kenyon Owls,2023,espn,ncaafb,
352,Kenyon Owls,2024,espn,ncaafb,
352,Kenyon Owls,2025,espn,ncaafb,
354,Olivet College Comets,2007,espn,ncaafb,
354,Olivet College Comets,2008,espn,ncaafb,
354,Olivet College Comets,2009,espn,ncaafb,
354,Olivet College Comets,2010,espn,ncaafb,
354,Olivet College Comets,2011,espn,ncaafb,
354,Olivet College Comets,2012,espn,ncaafb,
354,Olivet College Comets,2013,espn,ncaafb,
354,Olivet College Comets,2014,espn,ncaafb,
354,Olivet College Comets,2015,espn,ncaafb,
354,Olivet College Comets,2016,espn,ncaafb,
354,Olivet College Comets,2017,espn,ncaafb,
354,Olivet College Comets,2018,espn,ncaafb,
354,Olivet College Comets,2019,espn,ncaafb,
354,Olivet College Comets,2021,espn,ncaafb,
354,Olivet College Comets,2022,espn,ncaafb,
354,Olivet College Comets,2023,espn,ncaafb,
354,Olivet College Comets,2024,espn,ncaafb,
354,Olivet College Comets,2025,espn,ncaafb,
356,Illinois Fighting Illini,2001,espn,ncaafb,
356,Illinois Fighting Illini,2002,espn,ncaafb,
356,Illinois Fighting Illini,2003,espn,ncaafb,
356,Illinois Fighting Illini,2004,espn,ncaafb,
356,Illinois Fighting Illini,2005,espn,ncaafb,
356,Illinois Fighting Illini,2006,espn,ncaafb,
356,Illinois Fighting Illini,2007,espn,ncaafb,
356,Illinois Fighting Illini,2008,espn,ncaafb,
356,Illinois Fighting Illini,2009,espn,ncaafb,
356,Illinois Fighting Illini,2010,espn,ncaafb,
356,Illinois Fighting Illini,2011,espn,ncaafb,
356,Illinois Fighting Illini,2012,espn,ncaafb,
356,Illinois Fighting Illini,2013,espn,ncaafb,
356,Illinois Fighting Illini,2014,espn,ncaafb,
356,Illinois Fighting Illini,2015,espn,ncaafb,
356,Illinois Fighting Illini,2016,espn,ncaafb,
356,Illinois Fighting Illini,2017,espn,ncaafb,
356,Illinois Fighting Illini,2018,espn,ncaafb,
356,Illinois Fighting Illini,2019,espn,ncaafb,
356,Illinois Fighting Illini,2020,espn,ncaafb,
356,Illinois Fighting Illini,2021,espn,ncaafb,
356,Illinois Fighting Illini,2022,espn,ncaafb,
356,Illinois Fighting Illini,2023,espn,ncaafb,
356,Illinois Fighting Illini,2024,espn,ncaafb,
356,Illinois Fighting Illini,2025,espn,ncaafb,
359,Otterbein Cardinals,2007,espn,ncaafb,
359,Otterbein Cardinals,2008,espn,ncaafb,
359,Otterbein Cardinals,2009,espn,ncaafb,
359,Otterbein Cardinals,2010,espn,ncaafb,
359,Otterbein Cardinals,2011,espn,ncaafb,
359,Otterbein Cardinals,2012,espn,ncaafb,
359,Otterbein Cardinals,2013,espn,ncaafb,
359,Otterbein Cardinals,2014,espn,ncaafb,
359,Otterbein Cardinals,2015,espn,ncaafb,
359,Otterbein Cardinals,2016,espn,ncaafb,
359,Otterbein Cardinals,2017,espn,ncaafb,
359,Otterbein Cardinals,2018,espn,ncaafb,
359,Otterbein Cardinals,2019,espn,ncaafb,
359,Otterbein Cardinals,2021,espn,ncaafb,
359,Otterbein Cardinals,2022,espn,ncaafb,
359,Otterbein Cardinals,2023,espn,ncaafb,
359,Otterbein Cardinals,2024,espn,ncaafb,
359,Otterbein Cardinals,2025,espn,ncaafb,
363,Principia College Panthers,2007,espn,ncaafb,
363,Principia College Panthers,2008,espn,ncaafb,
365,Alfred Saxons,2007,espn,ncaafb,
365,Alfred Saxons,2008,espn,ncaafb,
365,Alfred Saxons,2009,espn,ncaafb,
365,Alfred Saxons,2010,espn,ncaafb,
365,Alfred Saxons,2011,espn,ncaafb,
365,Alfred Saxons,2012,espn,ncaafb,
365,Alfred Saxons,2013,espn,ncaafb,
365,Alfred Saxons,2014,espn,ncaafb,
365,Alfred Saxons,2015,espn,ncaafb,
365,Alfred Saxons,2016,espn,ncaafb,
365,Alfred Saxons,2017,espn,ncaafb,
365,Alfred Saxons,2018,espn,ncaafb,
365,Alfred Saxons,2019,espn,ncaafb,
365,Alfred Saxons,2020,espn,ncaafb,
365,Alfred Saxons,2021,espn,ncaafb,
365,Alfred Saxons,2022,espn,ncaafb,
365,Alfred Saxons,2023,espn,ncaafb,
365,Alfred Saxons,2024,espn,ncaafb,
365,Alfred Saxons,2025,espn,ncaafb,
366,Ferrum Panthers,2007,espn,ncaafb,
366,Ferrum Panthers,2008,espn,ncaafb,
366,Ferrum Panthers,2009,espn,ncaafb,
366,Ferrum Panthers,2010,espn,ncaafb,
366,Ferrum Panthers,2011,espn,ncaafb,
366,Ferrum Panthers,2012,espn,ncaafb,
366,Ferrum Panthers,2013,espn,ncaafb,
366,Ferrum Panthers,2014,espn,ncaafb,
366,Ferrum Panthers,2015,espn,ncaafb,
366,Ferrum Panthers,2016,espn,ncaafb,
366,Ferrum Panthers,2017,espn,ncaafb,
366,Ferrum Panthers,2018,espn,ncaafb,
366,Ferrum Panthers,2019,espn,ncaafb,
366,Ferrum Panthers,2020,espn,ncaafb,
366,Ferrum Panthers,2021,espn,ncaafb,
366,Ferrum Panthers,2022,espn,ncaafb,
366,Ferrum Panthers,2023,espn,ncaafb,
366,Ferrum Panthers,2024,espn,ncaafb,
366,Ferrum Panthers,2025,espn,ncaafb,
367,Gannon Golden Knights,2002,espn,ncaafb,
367,Gannon Golden Knights,2003,espn,ncaafb,
367,Gannon Golden Knights,2007,espn,ncaafb,
367,Gannon Golden Knights,2008,espn,ncaafb,
367,Gannon Golden Knights,2009,espn,ncaafb,
367,Gannon Golden Knights,2010,espn,ncaafb,
367,Gannon Golden Knights,2011,espn,ncaafb,
367,Gannon Golden Knights,2012,espn,ncaafb,
367,Gannon Golden Knights,2013,espn,ncaafb,
367,Gannon Golden Knights,2014,espn,ncaafb,
367,Gannon Golden Knights,2015,espn,ncaafb,
367,Gannon Golden Knights,2016,espn,ncaafb,
367,Gannon Golden Knights,2017,espn,ncaafb,
367,Gannon Golden Knights,2018,espn,ncaafb,
367,Gannon Golden Knights,2019,espn,ncaafb,
367,Gannon Golden Knights,2020,espn,ncaafb,
367,Gannon Golden Knights,2021,espn,ncaafb,
367,Gannon Golden Knights,2022,espn,ncaafb,
367,Gannon Golden Knights,2023,espn,ncaafb,
367,Gannon Golden Knights,2024,espn,ncaafb,
367,Gannon Golden Knights,2025,espn,ncaafb,
374,St. John Fisher Cardinals,2006,espn,ncaafb,
374,St. John Fisher Cardinals,2007,espn,ncaafb,
374,St. John Fisher Cardinals,2008,espn,ncaafb,
374,St. John Fisher Cardinals,2009,espn,ncaafb,
374,St. John Fisher Cardinals,2010,espn,ncaafb,
374,St. John Fisher Cardinals,2011,espn,ncaafb,
374,St. John Fisher Cardinals,2012,espn,ncaafb,
374,St. John Fisher Cardinals,2013,espn,ncaafb,
374,St. John Fisher Cardinals,2014,espn,ncaafb,
374,St. John Fisher Cardinals,2015,espn,ncaafb,
374,St. John Fisher Cardinals,2016,espn,ncaafb,
374,St. John Fisher Cardinals,2017,espn,ncaafb,
374,St. John Fisher College Cardinals,2018,espn,ncaafb,
374,St. John Fisher College Cardinals,2019,espn,ncaafb,
374,St. John Fisher College Cardinals,2020,espn,ncaafb,
374,St. John Fisher College Cardinals,2021,espn,ncaafb,
374,St. John Fisher College Cardinals,2022,espn,ncaafb,
374,St. John Fisher University Cardinals,2023,espn,ncaafb,
374,St. John Fisher University Cardinals,2024,espn,ncaafb,
374,St. John Fisher University Cardinals,2025,espn,ncaafb,
375,St. Scholastica College of St. Scholastica,2008,espn,ncaafb,
375,St. Scholastica College of St. Scholastica,2009,espn,ncaafb,
375,St. Scholastica College of St. Scholastica,2010,espn,ncaafb,
375,St. Scholastica College of St. Scholastica,2011,espn,ncaafb,
375,St. Scholastica College of St. Scholastica,2012,espn,ncaafb,
375,St. Scholastica College of St. Scholastica,2013,espn,ncaafb,
375,St. Scholastica College of St. Scholastica,2014,espn,ncaafb,
375,St. Scholastica College of St. Scholastica,2015,espn,ncaafb,
375,St. Scholastica College of St. Scholastica,2016,espn,ncaafb,
375,St. Scholastica College of St. Scholastica,2017,espn,ncaafb,
375,St. Scholastica Saints,2018,espn,ncaafb,
375,St. Scholastica Saints,2019,espn,ncaafb,
375,St. Scholastica Saints,2021,espn,ncaafb,
375,St. Scholastica Saints,2022,espn,ncaafb,
375,St. Scholastica Saints,2023,espn,ncaafb,
375,St. Scholastica Saints,2024,espn,ncaafb,
375,St. Scholastica Saints,2025,espn,ncaafb,
379,UMass Dartmouth Corsairs,2007,espn,ncaafb,
379,UMass Dartmouth Corsairs,2008,espn,ncaafb,
379,UMass Dartmouth Corsairs,2009,espn,ncaafb,
379,UMass Dartmouth Corsairs,2010,espn,ncaafb,
379,UMass Dartmouth Corsairs,2011,espn,ncaafb,
379,UMass Dartmouth Corsairs,2012,espn,ncaafb,
379,UMass Dartmouth Corsairs,2013,espn,ncaafb,
379,UMass Dartmouth Corsairs,2014,espn,ncaafb,
379,UMass Dartmouth Corsairs,2015,espn,ncaafb,
379,UMass Dartmouth Corsairs,2016,espn,ncaafb,
379,UMass Dartmouth Corsairs,2017,espn,ncaafb,
379,UMass Dartmouth Corsairs,2018,espn,ncaafb,
379,UMASS Dartmouth Corsairs,2019,espn,ncaafb,
379,UMASS Dartmouth Corsairs,2020,espn,ncaafb,
379,UMASS Dartmouth Corsairs,2021,espn,ncaafb,
379,UMASS Dartmouth Corsairs,2022,espn,ncaafb,
379,UMASS Dartmouth Corsairs,2023,espn,ncaafb,
379,UMASS Dartmouth Corsairs,2024,espn,ncaafb,
379,UMASS Dartmouth Corsairs,2025,espn,ncaafb,
386,Trinity (TX) Tigers,2007,espn,ncaafb,
386,Trinity (TX) Tigers,2008,espn,ncaafb,
386,Trinity (TX) Tigers,2009,espn,ncaafb,
386,Trinity (TX) Tigers,2010,espn,ncaafb,
386,Trinity (TX) Tigers,2011,espn,ncaafb,
386,Trinity (TX) Tigers,2012,espn,ncaafb,
386,Trinity (TX) Tigers,2013,espn,ncaafb,
386,Trinity (TX) Tigers,2014,espn,ncaafb,
386,Trinity (TX) Tigers,2015,espn,ncaafb,
386,Trinity (TX) Tigers,2016,espn,ncaafb,
386,Trinity (TX) Tigers,2017,espn,ncaafb,
386,Trinity University (TX) Tigers,2018,espn,ncaafb,
386,Trinity University (TX) Tigers,2019,espn,ncaafb,
386,Trinity University (TX) Tigers,2020,espn,ncaafb,
386,Trinity University (TX) Tigers,2021,espn,ncaafb,
386,Trinity University (TX) Tigers,2022,espn,ncaafb,
386,Trinity University (TX) Tigers,2023,espn,ncaafb,
386,Trinity (TX) Tigers,2024,espn,ncaafb,
386,Trinity (TX) Tigers,2025,espn,ncaafb,
388,Lebanon Valley Flying Dutchmen,2007,espn,ncaafb,
388,Lebanon Valley Flying Dutchmen,2008,espn,ncaafb,
388,Lebanon Valley Flying Dutchmen,2009,espn,ncaafb,
388,Lebanon Valley Flying Dutchmen,2010,espn,ncaafb,
388,Lebanon Valley Flying Dutchmen,2011,espn,ncaafb,
388,Lebanon Valley Flying Dutchmen,2012,espn,ncaafb,
388,Lebanon Valley Flying Dutchmen,2013,espn,ncaafb,
388,Lebanon Valley Flying Dutchmen,2014,espn,ncaafb,
388,Lebanon Valley Flying Dutchmen,2015,espn,ncaafb,
388,Lebanon Valley Flying Dutchmen,2016,espn,ncaafb,
388,Lebanon Valley Flying Dutchmen,2017,espn,ncaafb,
388,Lebanon Valley Flying Dutchmen,2018,espn,ncaafb,
388,Lebanon Valley Flying Dutchmen,2019,espn,ncaafb,
388,Lebanon Valley Flying Dutchmen,2020,espn,ncaafb,
388,Lebanon Valley Flying Dutchmen,2021,espn,ncaafb,
388,Lebanon Valley Flying Dutchmen,2022,espn,ncaafb,
388,Lebanon Valley Flying Dutchmen,2023,espn,ncaafb,
388,Lebanon Valley Flying Dutchmen,2024,espn,ncaafb,
388,Lebanon Valley Flying Dutchmen,2025,espn,ncaafb,
389,Upper Iowa Peacocks,2004,espn,ncaafb,
389,Upper Iowa Peacocks,2006,espn,ncaafb,
389,Upper Iowa Peacocks,2007,espn,ncaafb,
389,Upper Iowa Peacocks,2008,espn,ncaafb,
389,Upper Iowa Peacocks,2009,espn,ncaafb,
389,Upper Iowa Peacocks,2010,espn,ncaafb,
389,Upper Iowa Peacocks,2011,espn,ncaafb,
389,Upper Iowa Peacocks,2012,espn,ncaafb,
389,Upper Iowa Peacocks,2013,espn,ncaafb,
389,Upper Iowa Peacocks,2014,espn,ncaafb,
389,Upper Iowa Peacocks,2015,espn,ncaafb,
389,Upper Iowa Peacocks,2016,espn,ncaafb,
389,Upper Iowa Peacocks,2017,espn,ncaafb,
389,Upper Iowa Peacocks,2018,espn,ncaafb,
389,Upper Iowa Peacocks,2019,espn,ncaafb,
389,Upper Iowa Peacocks,2021,espn,ncaafb,
389,Upper Iowa Peacocks,2022,espn,ncaafb,
389,Upper Iowa Peacocks,2023,espn,ncaafb,
389,Upper Iowa Peacocks,2024,espn,ncaafb,
389,Upper Iowa Peacocks,2025,espn,ncaafb,
390,Utica College Pioneers,2007,espn,ncaafb,
390,Utica College Pioneers,2008,espn,ncaafb,
390,Utica College Pioneers,2009,espn,ncaafb,
390,Utica College Pioneers,2010,espn,ncaafb,
390,Utica College Pioneers,2011,espn,ncaafb,
390,Utica College Pioneers,2012,espn,ncaafb,
390,Utica College Pioneers,2013,espn,ncaafb,
390,Utica College Pioneers,2014,espn,ncaafb,
390,Utica College Pioneers,2015,espn,ncaafb,
390,Utica College Pioneers,2016,espn,ncaafb,
390,Utica Pioneers,2017,espn,ncaafb,
390,Utica College Pioneers,2018,espn,ncaafb,
390,Utica College Pioneers,2019,espn,ncaafb,
390,Utica College Pioneers,2020,espn,ncaafb,
390,Utica College Pioneers,2021,espn,ncaafb,
390,Utica College Pioneers,2022,espn,ncaafb,
390,Utica Pioneers,2023,espn,ncaafb,
390,Utica Pioneers,2024,espn,ncaafb,
390,Utica Pioneers,2025,espn,ncaafb,
391,Oberlin Yeomen,2007,espn,ncaafb,
391,Oberlin Yeomen,2008,espn,ncaafb,
391,Oberlin Yeomen,2009,espn,ncaafb,
391,Oberlin Yeomen,2010,espn,ncaafb,
391,Oberlin Yeomen,2011,espn,ncaafb,
391,Oberlin Yeomen,2012,espn,ncaafb,
391,Oberlin Yeomen,2013,espn,ncaafb,
391,Oberlin Yeomen,2014,espn,ncaafb,
391,Oberlin Yeomen,2015,espn,ncaafb,
391,Oberlin Yeomen,2016,espn,ncaafb,
391,Oberlin Yeomen,2017,espn,ncaafb,
391,Oberlin Yeomen,2018,espn,ncaafb,
391,Oberlin Yeomen,2019,espn,ncaafb,
391,Oberlin Yeomen,2021,espn,ncaafb,
391,Oberlin Yeomen,2022,espn,ncaafb,
391,Oberlin Yeomen,2023,espn,ncaafb,
391,Oberlin Yeomen,2024,espn,ncaafb,
391,Oberlin Yeomen,2025,espn,ncaafb,
395,St. Augustine's Falcons,2006,espn,ncaafb,
395,St. Augustine's Falcons,2007,espn,ncaafb,
395,St. Augustine's Falcons,2008,espn,ncaafb,
395,St. Augustine's Falcons,2009,espn,ncaafb,
395,St. Augustine's Falcons,2010,espn,ncaafb,
395,St. Augustine's Falcons,2011,espn,ncaafb,
395,St. Augustine's Falcons,2012,espn,ncaafb,
395,St. Augustine's Falcons,2013,espn,ncaafb,
395,St. Augustine's Falcons,2014,espn,ncaafb,
395,St. Augustine's Falcons,2015,espn,ncaafb,
395,St. Augustine's Falcons,2016,espn,ncaafb,
395,St. Augustine's Falcons,2017,espn,ncaafb,
395,St. Augustine's Falcons,2018,espn,ncaafb,
395,St. Augustine's Falcons,2019,espn,ncaafb,
395,St. Augustine's Falcons,2021,espn,ncaafb,
395,St. Augustine's Falcons,2022,espn,ncaafb,
395,Saint Augustine's Falcons,2023,espn,ncaafb,
396,Wheaton College (Ill) Thunder,2007,espn,ncaafb,
396,Wheaton College (Ill) Thunder,2008,espn,ncaafb,
396,Wheaton College (Ill) Thunder,2009,espn,ncaafb,
396,Wheaton College (Ill) Thunder,2010,espn,ncaafb,
396,Wheaton College (Ill) Thunder,2011,espn,ncaafb,
396,Wheaton College (Ill) Thunder,2012,espn,ncaafb,
396,Wheaton College (Ill) Thunder,2013,espn,ncaafb,
396,Wheaton College (Ill) Thunder,2014,espn,ncaafb,
396,Wheaton College (Ill) Thunder,2015,espn,ncaafb,
396,Wheaton College (Ill) Thunder,2016,espn,ncaafb,
396,Wheaton College (Ill) Thunder,2017,espn,ncaafb,
396,Wheaton College Illinois Thunder,2018,espn,ncaafb,
396,Wheaton College Illinois Thunder,2019,espn,ncaafb,
396,Wheaton College Illinois Thunder,2020,espn,ncaafb,
396,Wheaton College Illinois Thunder,2021,espn,ncaafb,
396,Wheaton College Illinois Thunder,2022,espn,ncaafb,
396,Wheaton Thunder,2023,espn,ncaafb,
396,Wheaton Thunder,2024,espn,ncaafb,
396,Wheaton Thunder,2025,espn,ncaafb,
398,Wilkes Colonels,2007,espn,ncaafb,
398,Wilkes Colonels,2008,espn,ncaafb,
398,Wilkes Colonels,2009,espn,ncaafb,
398,Wilkes Colonels,2010,espn,ncaafb,
398,Wilkes Colonels,2011,espn,ncaafb,
398,Wilkes Colonels,2012,espn,ncaafb,
398,Wilkes Colonels,2013,espn,ncaafb,
398,Wilkes Colonels,2014,espn,ncaafb,
398,Wilkes Colonels,2015,espn,ncaafb,
398,Wilkes Colonels,2016,espn,ncaafb,
398,Wilkes Colonels,2017,espn,ncaafb,
398,Wilkes University Colonels,2018,espn,ncaafb,
398,Wilkes University Colonels,2019,espn,ncaafb,
398,Wilkes University Colonels,2020,espn,ncaafb,
398,Wilkes University Colonels,2021,espn,ncaafb,
398,Wilkes University Colonels,2022,espn,ncaafb,
398,Wilkes University Colonels,2023,espn,ncaafb,
398,Wilkes University Colonels,2024,espn,ncaafb,
398,Wilkes University Colonels,2025,espn,ncaafb,
399,Albany Great Danes,2001,espn,ncaafb,
399,Albany Great Danes,2002,espn,ncaafb,
399,Albany Great Danes,2003,espn,ncaafb,
399,Albany Great Danes,2004,espn,ncaafb,
399,Albany Great Danes,2005,espn,ncaafb,
399,Albany Great Danes,2006,espn,ncaafb,
399,Albany Great Danes,2007,espn,ncaafb,
399,Albany Great Danes,2008,espn,ncaafb,
399,Albany Great Danes,2009,espn,ncaafb,
399,Albany Great Danes,2010,espn,ncaafb,
399,Albany Great Danes,2011,espn,ncaafb,
399,Albany Great Danes,2012,espn,ncaafb,
399,Albany Great Danes,2013,espn,ncaafb,
399,Albany Great Danes,2014,espn,ncaafb,
399,Albany Great Danes,2015,espn,ncaafb,
399,Albany Great Danes,2016,espn,ncaafb,
399,Albany Great Danes,2017,espn,ncaafb,
399,Albany Great Danes,2018,espn,ncaafb,
399,Albany Great Danes,2019,espn,ncaafb,
399,Albany Great Danes,2021,espn,ncaafb,
399,Albany Great Danes,2022,espn,ncaafb,
399,UAlbany Great Danes,2023,espn,ncaafb,
399,UAlbany Great Danes,2024,espn,ncaafb,
399,UAlbany Great Danes,2025,espn,ncaafb,
402,Worcester State College Lancers,2007,espn,ncaafb,
402,Worcester State College Lancers,2008,espn,ncaafb,
402,Worcester State College Lancers,2009,espn,ncaafb,
402,Worcester State College Lancers,2010,espn,ncaafb,
402,Worcester State College Lancers,2011,espn,ncaafb,
402,Worcester State College Lancers,2012,espn,ncaafb,
402,Worcester State College Lancers,2013,espn,ncaafb,
402,Worcester State College Lancers,2014,espn,ncaafb,
402,Worcester State College Lancers,2015,espn,ncaafb,
402,Worcester State College Lancers,2016,espn,ncaafb,
402,Worcester State College Lancers,2017,espn,ncaafb,
402,Worcester State College Lancers,2018,espn,ncaafb,
402,Worcester State College Lancers,2019,espn,ncaafb,
402,Worcester State College Lancers,2020,espn,ncaafb,
402,Worcester State College Lancers,2021,espn,ncaafb,
402,Worcester State College Lancers,2022,espn,ncaafb,
402,Worcester State College Lancers,2023,espn,ncaafb,
402,Worcester State College Lancers,2024,espn,ncaafb,
402,Worcester State College Lancers,2025,espn,ncaafb,
409,Concordia (WI) Falcons,2007,espn,ncaafb,
409,Concordia (WI) Falcons,2008,espn,ncaafb,
409,Concordia (WI) Falcons,2009,espn,ncaafb,
409,Concordia (WI) Falcons,2010,espn,ncaafb,
409,Concordia (WI) Falcons,2011,espn,ncaafb,
409,Concordia (WI) Falcons,2012,espn,ncaafb,
409,Concordia (WI) Falcons,2013,espn,ncaafb,
409,Concordia (WI) Falcons,2014,espn,ncaafb,
409,Concordia (WI) Falcons,2015,espn,ncaafb,
409,Concordia (WI) Falcons,2016,espn,ncaafb,
409,Concordia (WI) Falcons,2017,espn,ncaafb,
409,Concordia (WI) Falcons,2018,espn,ncaafb,
409,Concordia (WI) Falcons,2019,espn,ncaafb,
409,Concordia (WI) Falcons,2020,espn,ncaafb,
409,Concordia (WI) Falcons,2021,espn,ncaafb,
409,Concordia (WI) Falcons,2022,espn,ncaafb,
409,Concordia (WI) Falcons,2023,espn,ncaafb,
409,Concordia-Wisconsin Falcons,2024,espn,ncaafb,
409,Concordia-Wisconsin Falcons,2025,espn,ncaafb,
411,Chapman Panthers,2005,espn,ncaafb,
411,Chapman Panthers,2007,espn,ncaafb,
411,Chapman Panthers,2008,espn,ncaafb,
411,Chapman Panthers,2009,espn,ncaafb,
411,Chapman Panthers,2010,espn,ncaafb,
411,Chapman Panthers,2011,espn,ncaafb,
411,Chapman Panthers,2012,espn,ncaafb,
411,Chapman Panthers,2013,espn,ncaafb,
411,Chapman Panthers,2014,espn,ncaafb,
411,Chapman Panthers,2015,espn,ncaafb,
411,Chapman Panthers,2016,espn,ncaafb,
411,Chapman Panthers,2017,espn,ncaafb,
411,Chapman University Panthers,2018,espn,ncaafb,
411,Chapman University Panthers,2019,espn,ncaafb,
411,Chapman University Panthers,2021,espn,ncaafb,
411,Chapman University Panthers,2022,espn,ncaafb,
411,Chapman University Panthers,2023,espn,ncaafb,
411,Chapman University Panthers,2024,espn,ncaafb,
411,Chapman University Panthers,2025,espn,ncaafb,
415,George Fox University Bruins,2014,espn,ncaafb,
415,George Fox University Bruins,2015,espn,ncaafb,
415,George Fox University Bruins,2016,espn,ncaafb,
415,George Fox University Bruins,2017,espn,ncaafb,
415,George Fox University Bruins,2018,espn,ncaafb,
415,George Fox University Bruins,2019,espn,ncaafb,
415,George Fox University Bruins,2021,espn,ncaafb,
415,George Fox University Bruins,2022,espn,ncaafb,
415,George Fox Bruins,2023,espn,ncaafb,
415,George Fox Bruins,2024,espn,ncaafb,
415,George Fox Bruins,2025,espn,ncaafb,
417,Gallaudet Bison,2007,espn,ncaafb,
417,Gallaudet Bison,2008,espn,ncaafb,
417,Gallaudet Bison,2009,espn,ncaafb,
417,Gallaudet Bison,2010,espn,ncaafb,
417,Gallaudet Bison,2011,espn,ncaafb,
417,Gallaudet Bison,2012,espn,ncaafb,
417,Gallaudet Bison,2013,espn,ncaafb,
417,Gallaudet Bison,2014,espn,ncaafb,
417,Gallaudet Bison,2015,espn,ncaafb,
417,Gallaudet Bison,2016,espn,ncaafb,
417,Gallaudet Bison,2017,espn,ncaafb,
417,Gallaudet Bison,2018,espn,ncaafb,
417,Gallaudet Bison,2019,espn,ncaafb,
417,Gallaudet Bison,2020,espn,ncaafb,
417,Gallaudet Bison,2021,espn,ncaafb,
417,Gallaudet Bison,2022,espn,ncaafb,
417,Gallaudet Bison,2023,espn,ncaafb,
417,Gallaudet Bison,2024,espn,ncaafb,
417,Gallaudet Bison,2025,espn,ncaafb,
418,Hendrix College Warriors,2013,espn,ncaafb,
418,Hendrix College Warriors,2014,espn,ncaafb,
418,Hendrix College Warriors,2015,espn,ncaafb,
418,Hendrix College Warriors,2016,espn,ncaafb,
418,Hendrix College Warriors,2017,espn,ncaafb,
418,Hendrix College Warriors,2018,espn,ncaafb,
418,Hendrix College Warriors,2019,espn,ncaafb,
418,Hendrix College Warriors,2020,espn,ncaafb,
418,Hendrix College Warriors,2021,espn,ncaafb,
418,Hendrix College Warriors,2022,espn,ncaafb,
418,Hendrix College Warriors,2023,espn,ncaafb,
418,Hendrix College Warriors,2024,espn,ncaafb,
418,Hendrix College Warriors,2025,espn,ncaafb,
419,MidAmerica Nazarene MID-AM NAZARENE,2012,espn,ncaafb,
421,Maranatha Baptist College Crusaders,2007,espn,ncaafb,
421,Maranatha Baptist College Crusaders,2008,espn,ncaafb,
421,Maranatha Baptist College Crusaders,2009,espn,ncaafb,
421,Maranatha Baptist College Crusaders,2010,espn,ncaafb,
421,Maranatha Baptist College Crusaders,2011,espn,ncaafb,
421,Maranatha Baptist College Crusaders,2012,espn,ncaafb,
421,Maranatha Baptist College Crusaders,2013,espn,ncaafb,
421,Maranatha Baptist College Crusaders,2014,espn,ncaafb,
421,Maranatha Baptist College Crusaders,2015,espn,ncaafb,
421,Maranatha Baptist College Crusaders,2016,espn,ncaafb,
424,Capital Crusaders,2007,espn,ncaafb,
424,Capital Crusaders,2008,espn,ncaafb,
424,Capital Crusaders,2009,espn,ncaafb,
424,Capital Crusaders,2010,espn,ncaafb,
424,Capital Crusaders,2011,espn,ncaafb,
424,Capital Crusaders,2012,espn,ncaafb,
424,Capital Crusaders,2013,espn,ncaafb,
424,Capital Crusaders,2014,espn,ncaafb,
424,Capital Crusaders,2015,espn,ncaafb,
424,Capital Crusaders,2016,espn,ncaafb,
424,Capital Crusaders,2017,espn,ncaafb,
424,Capital University Crusaders,2018,espn,ncaafb,
424,Capital University Comets,2019,espn,ncaafb,
424,Capital University Comets,2021,espn,ncaafb,
424,Capital University Comets,2022,espn,ncaafb,
424,Capital University Comets,2023,espn,ncaafb,
424,Capital Comets,2024,espn,ncaafb,
424,Capital Comets,2025,espn,ncaafb,
425,Northern State Wolves,2007,espn,ncaafb,
425,Northern State Wolves,2008,espn,ncaafb,
425,Northern State Wolves,2009,espn,ncaafb,
425,Northern State Wolves,2010,espn,ncaafb,
425,Northern State Wolves,2011,espn,ncaafb,
425,Northern State Wolves,2012,espn,ncaafb,
425,Northern State Wolves,2013,espn,ncaafb,
425,Northern State Wolves,2014,espn,ncaafb,
425,Northern State Wolves,2015,espn,ncaafb,
425,Northern State Wolves,2016,espn,ncaafb,
425,Northern State Wolves,2017,espn,ncaafb,
425,Northern State Wolves,2018,espn,ncaafb,
425,Northern State Wolves,2019,espn,ncaafb,
425,Northern State Wolves,2021,espn,ncaafb,
425,Northern State Wolves,2022,espn,ncaafb,
425,Northern State Wolves,2023,espn,ncaafb,
425,Northern State Wolves,2024,espn,ncaafb,
425,Northern State Wolves,2025,espn,ncaafb,
426,Mount Union Raiders,2006,espn,ncaafb,
426,Mount Union Raiders,2007,espn,ncaafb,
426,Mount Union Raiders,2008,espn,ncaafb,
426,Mount Union Raiders,2009,espn,ncaafb,
426,Mount Union Raiders,2010,espn,ncaafb,
426,Mount Union Raiders,2011,espn,ncaafb,
426,Mount Union Raiders,2012,espn,ncaafb,
426,Mount Union Raiders,2013,espn,ncaafb,
426,Mount Union Raiders,2014,espn,ncaafb,
426,Mount Union Raiders,2015,espn,ncaafb,
426,Mount Union Raiders,2016,espn,ncaafb,
426,Mount Union Raiders,2017,espn,ncaafb,
426,Mount Union Raiders,2018,espn,ncaafb,
426,Mount Union Purple Raiders,2019,espn,ncaafb,
426,Mount Union Purple Raiders,2021,espn,ncaafb,
426,Mount Union Purple Raiders,2022,espn,ncaafb,
426,Mount Union Purple Raiders,2023,espn,ncaafb,
426,Mount Union Purple Raiders,2024,espn,ncaafb,
426,Mount Union Raiders,2025,espn,ncaafb,
427,Ohio Northern Polar Bears,2003,espn,ncaafb,
427,Ohio Northern Polar Bears,2007,espn,ncaafb,
427,Ohio Northern Polar Bears,2008,espn,ncaafb,
427,Ohio Northern Polar Bears,2009,espn,ncaafb,
427,Ohio Northern Polar Bears,2010,espn,ncaafb,
427,Ohio Northern Polar Bears,2011,espn,ncaafb,
427,Ohio Northern Polar Bears,2012,espn,ncaafb,
427,Ohio Northern Polar Bears,2013,espn,ncaafb,
427,Ohio Northern Polar Bears,2014,espn,ncaafb,
427,Ohio Northern Polar Bears,2015,espn,ncaafb,
427,Ohio Northern Polar Bears,2016,espn,ncaafb,
427,Ohio Northern Polar Bears,2017,espn,ncaafb,
427,Ohio Northern Polar Bears,2018,espn,ncaafb,
427,Ohio Northern Polar Bears,2019,espn,ncaafb,
427,Ohio Northern Polar Bears,2021,espn,ncaafb,
427,Ohio Northern Polar Bears,2022,espn,ncaafb,
427,Ohio Northern Polar Bears,2023,espn,ncaafb,
427,Ohio Northern Polar Bears,2024,espn,ncaafb,
427,Ohio Northern Polar Bears,2025,espn,ncaafb,
433,Westminster Blue Jays,2007,espn,ncaafb,
433,Westminster Blue Jays,2008,espn,ncaafb,
433,Westminster Blue Jays,2009,espn,ncaafb,
433,Westminster Blue Jays,2010,espn,ncaafb,
433,Westminster Blue Jays,2011,espn,ncaafb,
433,Westminster Blue Jays,2012,espn,ncaafb,
433,Westminster Blue Jays,2013,espn,ncaafb,
433,Westminster Blue Jays,2014,espn,ncaafb,
433,Westminster Blue Jays,2015,espn,ncaafb,
433,Westminster Blue Jays,2016,espn,ncaafb,
433,Westminster Blue Jays,2017,espn,ncaafb,
433,Westminster College (MO) Blue Jays,2018,espn,ncaafb,
433,Westminster College (MO) Blue Jays,2019,espn,ncaafb,
433,Westminster College (MO) Blue Jays,2021,espn,ncaafb,
433,Westminster College (MO) Blue Jays,2022,espn,ncaafb,
433,Westminster (MO) Blue Jays,2023,espn,ncaafb,
433,Westminster (MO) Blue Jays,2024,espn,ncaafb,
433,Westminster (MO) Blue Jays,2025,espn,ncaafb,
437,Lake Erie College Storm,2008,espn,ncaafb,
437,Lake Erie College Storm,2009,espn,ncaafb,
437,Lake Erie College Storm,2010,espn,ncaafb,
437,Lake Erie College Storm,2011,espn,ncaafb,
437,Lake Erie College Storm,2012,espn,ncaafb,
437,Lake Erie College Storm,2013,espn,ncaafb,
437,Lake Erie College Storm,2014,espn,ncaafb,
437,Lake Erie College Storm,2015,espn,ncaafb,
437,Lake Erie College Storm,2016,espn,ncaafb,
437,Lake Erie College Storm,2017,espn,ncaafb,
437,Lake Erie College Storm,2018,espn,ncaafb,
437,Lake Erie College Storm,2019,espn,ncaafb,
437,Lake Erie College Storm,2021,espn,ncaafb,
437,Lake Erie College Storm,2022,espn,ncaafb,
437,Lake Erie Storm,2023,espn,ncaafb,
437,Lake Erie Storm,2024,espn,ncaafb,
437,Lake Erie Storm,2025,espn,ncaafb,
446,Martin Luther College Knights,2007,espn,ncaafb,
446,Martin Luther College Knights,2008,espn,ncaafb,
446,Martin Luther College Knights,2009,espn,ncaafb,
446,Martin Luther College Knights,2010,espn,ncaafb,
446,Martin Luther College Knights,2011,espn,ncaafb,
446,Martin Luther College Knights,2012,espn,ncaafb,
446,Martin Luther College Knights,2013,espn,ncaafb,
446,Martin Luther College Knights,2014,espn,ncaafb,
446,Martin Luther College Knights,2015,espn,ncaafb,
446,Martin Luther College Knights,2016,espn,ncaafb,
446,Martin Luther College Knights,2017,espn,ncaafb,
446,Martin Luther College Knights,2018,espn,ncaafb,
446,Martin Luther College Knights,2019,espn,ncaafb,
446,Martin Luther College Knights,2021,espn,ncaafb,
446,Martin Luther College Knights,2022,espn,ncaafb,
446,Martin Luther Knights,2023,espn,ncaafb,
446,Martin Luther Knights,2024,espn,ncaafb,
446,Martin Luther Knights,2025,espn,ncaafb,
452,Endicott College Gulls,2007,espn,ncaafb,
452,Endicott College Gulls,2008,espn,ncaafb,
452,Endicott College Gulls,2009,espn,ncaafb,
452,Endicott College Gulls,2010,espn,ncaafb,
452,Endicott College Gulls,2011,espn,ncaafb,
452,Endicott College Gulls,2012,espn,ncaafb,
452,Endicott College Gulls,2013,espn,ncaafb,
452,Endicott College Gulls,2014,espn,ncaafb,
452,Endicott College Gulls,2015,espn,ncaafb,
452,Endicott College Gulls,2016,espn,ncaafb,
452,Endicott College Gulls,2017,espn,ncaafb,
452,Endicott College Gulls,2018,espn,ncaafb,
452,Endicott College Gulls,2019,espn,ncaafb,
452,Endicott College Gulls,2020,espn,ncaafb,
452,Endicott College Gulls,2021,espn,ncaafb,
452,Endicott College Gulls,2022,espn,ncaafb,
452,Endicott College Gulls,2023,espn,ncaafb,
452,Endicott College Gulls,2024,espn,ncaafb,
452,Endicott College Gulls,2025,espn,ncaafb,
455,West Virginia Wesleyan Bobcats,2005,espn,ncaafb,
455,WV Wesleyan Bobcats,2007,espn,ncaafb,
455,WV Wesleyan Bobcats,2008,espn,ncaafb,
455,WV Wesleyan Bobcats,2009,espn,ncaafb,
455,WV Wesleyan Bobcats,2010,espn,ncaafb,
455,WV Wesleyan Bobcats,2011,espn,ncaafb,
455,WV Wesleyan Bobcats,2012,espn,ncaafb,
455,WV Wesleyan Bobcats,2013,espn,ncaafb,
455,WV Wesleyan Bobcats,2014,espn,ncaafb,
455,WV Wesleyan Bobcats,2015,espn,ncaafb,
455,WV Wesleyan Bobcats,2016,espn,ncaafb,
455,WV Wesleyan Bobcats,2017,espn,ncaafb,
455,WV Wesleyan Bobcats,2018,espn,ncaafb,
455,West Virginia Wesleyan Bobcats,2019,espn,ncaafb,
455,West Virginia Wesleyan Bobcats,2021,espn,ncaafb,
455,West Virginia Wesleyan Bobcats,2022,espn,ncaafb,
455,West Virginia Wesleyan Bobcats,2023,espn,ncaafb,
455,West Virginia Wesleyan Bobcats,2024,espn,ncaafb,
455,West Virginia Wesleyan Bobcats,2025,espn,ncaafb,
471,Stevenson Mustangs,2011,espn,ncaafb,
471,Stevenson Mustangs,2012,espn,ncaafb,
471,Stevenson Mustangs,2013,espn,ncaafb,
471,Stevenson Mustangs,2014,espn,ncaafb,
471,Stevenson Mustangs,2015,espn,ncaafb,
471,Stevenson Mustangs,2016,espn,ncaafb,
471,Stevenson Mustangs,2017,espn,ncaafb,
471,Stevenson University Mustangs,2018,espn,ncaafb,
471,Stevenson University Mustangs,2019,espn,ncaafb,
471,Stevenson University Mustangs,2020,espn,ncaafb,
471,Stevenson University Mustangs,2021,espn,ncaafb,
471,Stevenson University Mustangs,2022,espn,ncaafb,
471,Stevenson Mustangs,2023,espn,ncaafb,
471,Stevenson Mustangs,2024,espn,ncaafb,
471,Stevenson Mustangs,2025,espn,ncaafb,
479,Becker College Hawks,2007,espn,ncaafb,
479,Becker College Hawks,2008,espn,ncaafb,
479,Becker College Hawks,2009,espn,ncaafb,
479,Becker College Hawks,2010,espn,ncaafb,
479,Becker College Hawks,2011,espn,ncaafb,
479,Becker College Hawks,2012,espn,ncaafb,
479,Becker College Hawks,2013,espn,ncaafb,
479,Becker College Hawks,2014,espn,ncaafb,
479,Becker College Hawks,2015,espn,ncaafb,
479,Becker College Hawks,2016,espn,ncaafb,
479,Becker College Hawks,2017,espn,ncaafb,
479,Becker College Hawks,2018,espn,ncaafb,
479,Becker College Hawks,2019,espn,ncaafb,
479,Becker College Hawks,2020,espn,ncaafb,
481,Mount Ida College Mustangs,2007,espn,ncaafb,
481,Mount Ida College Mustangs,2008,espn,ncaafb,
481,Mount Ida College Mustangs,2009,espn,ncaafb,
481,Mount Ida College Mustangs,2010,espn,ncaafb,
481,Mount Ida College Mustangs,2011,espn,ncaafb,
481,Mount Ida College Mustangs,2012,espn,ncaafb,
481,Mount Ida College Mustangs,2013,espn,ncaafb,
481,Mount Ida College Mustangs,2014,espn,ncaafb,
481,Mount Ida College Mustangs,2015,espn,ncaafb,
481,Mount Ida College Mustangs,2016,espn,ncaafb,
481,Mount Ida College Mustangs,2017,espn,ncaafb,
487,Bacone College Warriors,2003,espn,ncaafb,
487,Bacone,2005,espn,ncaafb,
487,Bacone College Warriors,2006,espn,ncaafb,
487,Bacone,2007,espn,ncaafb,
487,Bacone College Warriors,2008,espn,ncaafb,
487,Bacone College Warriors,2009,espn,ncaafb,
487,Bacone College Warriors,2010,espn,ncaafb,
487,Bacone,2011,espn,ncaafb,
487,Bacone,2012,espn,ncaafb,
487,Bacone College Warriors,2013,espn,ncaafb,
487,Bacone College Warriors,2014,espn,ncaafb,
487,Bacone College Warriors,2015,espn,ncaafb,
487,Bacone College Warriors,2016,espn,ncaafb,
487,Bacone College Warriors,2017,espn,ncaafb,
488,Baker University Baker,2007,espn,ncaafb,
488,Baker University Wildcats,2008,espn,ncaafb,
490,Benedict Tigers,2001,espn,ncaafb,
490,Benedict Tigers,2002,espn,ncaafb,
490,Benedict Tigers,2003,espn,ncaafb,
490,Benedict Tigers,2004,espn,ncaafb,
490,Benedict Tigers,2005,espn,ncaafb,
490,Benedict Tigers,2006,espn,ncaafb,
490,Benedict Tigers,2007,espn,ncaafb,
490,Benedict Tigers,2008,espn,ncaafb,
490,Benedict College Tigers,2009,espn,ncaafb,
490,Benedict College Tigers,2010,espn,ncaafb,
490,Benedict College Tigers,2011,espn,ncaafb,
490,Benedict College Tigers,2012,espn,ncaafb,
490,Benedict College Tigers,2013,espn,ncaafb,
490,Benedict College Tigers,2014,espn,ncaafb,
490,Benedict College Tigers,2015,espn,ncaafb,
490,Benedict College Tigers,2016,espn,ncaafb,
490,Benedict College Tigers,2017,espn,ncaafb,
490,Benedict College Tigers,2018,espn,ncaafb,
490,Benedict College Tigers,2019,espn,ncaafb,
490,Benedict College Tigers,2020,espn,ncaafb,
490,Benedict College Tigers,2021,espn,ncaafb,
490,Benedict College Tigers,2022,espn,ncaafb,
490,Benedict College Tigers,2023,espn,ncaafb,
490,Benedict College Tigers,2024,espn,ncaafb,
490,Benedict College Tigers,2025,espn,ncaafb,
492,Bethany (KS) Bethany (Ks),2008,espn,ncaafb,
492,Bethany (KS) Swedes,2009,espn,ncaafb,
492,Bethany (KS) Swedes,2010,espn,ncaafb,
492,Bethany (KS) Swedes,2015,espn,ncaafb,
495,BLUEFIELD Ramblin' Rams,2013,espn,ncaafb,
495,Bluefield College Rams,2014,espn,ncaafb,
495,Bluefield College Rams,2015,espn,ncaafb,
495,Bluefield College Rams,2016,espn,ncaafb,
495,Bluefield College Rams,2018,espn,ncaafb,
495,Bluefield College Ramblin' Rams,2019,espn,ncaafb,
495,Bluefield College Ramblin' Rams,2020,espn,ncaafb,
495,Bluefield College Ramblin' Rams,2021,espn,ncaafb,
495,Bluefield College Ramblin' Rams,2022,espn,ncaafb,
495,Bluefield University Ramblin' Rams,2025,espn,ncaafb,
507,Concordia University Nebraska Clippers,2013,espn,ncaafb,
507,Concordia University Nebraska Clippers,2018,espn,ncaafb,
507,Concordia University Nebraska Clippers,2019,espn,ncaafb,
509,Crown College Storm,2007,espn,ncaafb,
509,Crown College Storm,2008,espn,ncaafb,
509,Crown College Storm,2009,espn,ncaafb,
509,Crown College Storm,2010,espn,ncaafb,
509,Crown College Storm,2011,espn,ncaafb,
509,Crown College Storm,2012,espn,ncaafb,
509,Crown College Storm,2013,espn,ncaafb,
509,Crown College Storm,2014,espn,ncaafb,
509,Crown College Storm,2015,espn,ncaafb,
509,Crown College Storm,2016,espn,ncaafb,
509,Crown College Storm,2017,espn,ncaafb,
509,Crown Storm,2018,espn,ncaafb,
509,Crown Polars,2019,espn,ncaafb,
509,Crown Polars,2021,espn,ncaafb,
509,Crown Polars,2022,espn,ncaafb,
509,Crown College Polars,2023,espn,ncaafb,
509,Crown College Polars,2024,espn,ncaafb,
509,Crown College Polars,2025,espn,ncaafb,
510,Culver-Stockton Wildcats,2008,espn,ncaafb,
510,Culver-Stockton Wildcats,2011,espn,ncaafb,
510,Culver-Stockton College Wildcats,2012,espn,ncaafb,
510,Culver-Stockton Wildcats,2014,espn,ncaafb,
511,Cumberland College Indians,2002,espn,ncaafb,
511,Cumberland College Indians,2006,espn,ncaafb,
511,Cumberlands Indians,2007,espn,ncaafb,
511,Cumberland College Indians,2008,espn,ncaafb,
511,Cumberland College Indians,2009,espn,ncaafb,
511,Cumberland College Indians,2011,espn,ncaafb,
511,Cumberland College Indians,2015,espn,ncaafb,
512,Dakota State Trojans,2008,espn,ncaafb,
512,Dakota State Trojans,2009,espn,ncaafb,
512,Dakota State Trojans,2010,espn,ncaafb,
512,Dakota State Trojans,2011,espn,ncaafb,
512,Dakota State Trojans,2013,espn,ncaafb,
512,Dakota State Trojans,2018,espn,ncaafb,
512,Dakota State Trojans,2019,espn,ncaafb,
512,Dakota State Trojans,2021,espn,ncaafb,
512,Dakota State Trojans,2022,espn,ncaafb,
512,Dakota State Trojans,2023,espn,ncaafb,
512,Dakota State University Trojans,2024,espn,ncaafb,
512,Dakota State University Trojans,2025,espn,ncaafb,
513,Dakota Wesleyan Tigers,2013,espn,ncaafb,
513,Dakota Wesleyan Tigers,2014,espn,ncaafb,
527,Friends University Friends,2012,espn,ncaafb,
527,Friends University Friends,2015,espn,ncaafb,
535,Haskell Indian Nations Univ Jayhawks,2007,espn,ncaafb,
535,Haskell Indian Nations Jayhawks,2008,espn,ncaafb,
535,Haskell Indian Nations Jayhawks,2009,espn,ncaafb,
535,Haskell Indian Nations Jayhawks,2010,espn,ncaafb,
535,Haskell Indian Nations Jayhawks,2012,espn,ncaafb,
535,Haskell Indian Nations Jayhawks,2014,espn,ncaafb,
547,Kansas Wesleyan Ks Wesleyan,2011,espn,ncaafb,
547,Kansas Wesleyan University Coyotes,2012,espn,ncaafb,
548,LaGrange College Panthers,2007,espn,ncaafb,
548,LaGrange College Panthers,2008,espn,ncaafb,
548,LaGrange College Panthers,2009,espn,ncaafb,
548,LaGrange College Panthers,2010,espn,ncaafb,
548,LaGrange College Panthers,2011,espn,ncaafb,
548,LaGrange College Panthers,2012,espn,ncaafb,
548,LaGrange College Panthers,2013,espn,ncaafb,
548,LaGrange College Panthers,2014,espn,ncaafb,
548,LaGrange College Panthers,2015,espn,ncaafb,
548,LaGrange College Panthers,2016,espn,ncaafb,
548,LaGrange College Panthers,2017,espn,ncaafb,
548,LaGrange College Panthers,2018,espn,ncaafb,
548,LaGrange College Panthers,2019,espn,ncaafb,
548,LaGrange College Panthers,2021,espn,ncaafb,
548,LaGrange College Panthers,2022,espn,ncaafb,
548,LaGrange College Panthers,2023,espn,ncaafb,
548,LaGrange College Panthers,2024,espn,ncaafb,
548,LaGrange College Panthers,2025,espn,ncaafb,
556,Malone Pioneers,2008,espn,ncaafb,
556,Malone Pioneers,2009,espn,ncaafb,
556,Malone Pioneers,2010,espn,ncaafb,
556,Malone Pioneers,2011,espn,ncaafb,
556,Malone Pioneers,2012,espn,ncaafb,
556,Malone Pioneers,2013,espn,ncaafb,
556,Malone Pioneers,2014,espn,ncaafb,
556,Malone Pioneers,2015,espn,ncaafb,
556,Malone Pioneers,2016,espn,ncaafb,
556,Malone Pioneers,2017,espn,ncaafb,
556,Malone Pioneers,2018,espn,ncaafb,
559,University of Mary Marauders,2007,espn,ncaafb,
559,University of Mary Marauders,2008,espn,ncaafb,
559,University of Mary Marauders,2009,espn,ncaafb,
559,University of Mary Marauders,2010,espn,ncaafb,
559,University of Mary Marauders,2011,espn,ncaafb,
559,University of Mary Marauders,2012,espn,ncaafb,
559,University of Mary Marauders,2013,espn,ncaafb,
559,University of Mary Marauders,2014,espn,ncaafb,
559,University of Mary Marauders,2015,espn,ncaafb,
559,University of Mary Marauders,2016,espn,ncaafb,
559,University of Mary Marauders,2017,espn,ncaafb,
559,University of Mary Marauders,2018,espn,ncaafb,
559,University of Mary Marauders,2019,espn,ncaafb,
559,University of Mary Marauders,2021,espn,ncaafb,
559,University of Mary Marauders,2022,espn,ncaafb,
559,University of Mary Marauders,2023,espn,ncaafb,
559,University of Mary Marauders,2024,espn,ncaafb,
559,University of Mary Marauders,2025,espn,ncaafb,
561,Mayville State Comets,2007,espn,ncaafb,
561,Mayville State Comets,2008,espn,ncaafb,
561,Mayville State Comets,2009,espn,ncaafb,
561,Mayville State Comets,2010,espn,ncaafb,
561,Mayville State Comets,2011,espn,ncaafb,
561,Mayville State Comets,2012,espn,ncaafb,
561,Mayville State Comets,2013,espn,ncaafb,
561,Mayville State Comets,2016,espn,ncaafb,
561,Mayville State Comets,2017,espn,ncaafb,
561,Mayville State Comets,2018,espn,ncaafb,
561,Mayville State Comets,2019,espn,ncaafb,
561,Mayville State Comets,2021,espn,ncaafb,
561,Mayville State Comets,2022,espn,ncaafb,
561,Mayville State Comets,2023,espn,ncaafb,
561,Mayville State Comets,2024,espn,ncaafb,
561,Mayville State Comets,2025,espn,ncaafb,
565,Midland University Warriors,2009,espn,ncaafb,
565,Midland University Warriors,2016,espn,ncaafb,
565,Midland University Warriors,2017,espn,ncaafb,
565,Midland University Midland Lutheran,2025,espn,ncaafb,
568,Minot State Beavers,2007,espn,ncaafb,
568,Minot State Beavers,2008,espn,ncaafb,
568,Minot State Beavers,2009,espn,ncaafb,
568,Minot State Beavers,2010,espn,ncaafb,
568,Minot State Beavers,2011,espn,ncaafb,
568,Minot State Beavers,2012,espn,ncaafb,
568,Minot State Beavers,2013,espn,ncaafb,
568,Minot State Beavers,2014,espn,ncaafb,
568,Minot State Beavers,2015,espn,ncaafb,
568,Minot State Beavers,2016,espn,ncaafb,
568,Minot State Beavers,2017,espn,ncaafb,
568,Minot State Beavers,2018,espn,ncaafb,
568,Minot State Beavers,2019,espn,ncaafb,
568,Minot State Beavers,2021,espn,ncaafb,
568,Minot State Beavers,2022,espn,ncaafb,
568,Minot State Beavers,2023,espn,ncaafb,
568,Minot State Beavers,2024,espn,ncaafb,
568,Minot State Beavers,2025,espn,ncaafb,
569,Montana State-Northern Lights,2001,espn,ncaafb,
583,Northwestern (MN) Eagles,2007,espn,ncaafb,
583,Northwestern (MN) Eagles,2008,espn,ncaafb,
583,Northwestern (MN) Eagles,2009,espn,ncaafb,
583,Northwestern (MN) Eagles,2010,espn,ncaafb,
583,Northwestern (MN) Eagles,2011,espn,ncaafb,
583,Northwestern (MN) Eagles,2012,espn,ncaafb,
583,Northwestern (MN) Eagles,2013,espn,ncaafb,
583,Northwestern (MN) Eagles,2014,espn,ncaafb,
583,Northwestern (MN) Eagles,2015,espn,ncaafb,
583,Northwestern (MN) Eagles,2016,espn,ncaafb,
583,Northwestern (MN) Eagles,2017,espn,ncaafb,
583,Northwestern (MN) Eagles,2018,espn,ncaafb,
583,Northwestern (MN) Eagles,2019,espn,ncaafb,
583,Univ. of Northwestern-St. Paul Eagles,2021,espn,ncaafb,
583,Univ. of Northwestern-St. Paul Eagles,2022,espn,ncaafb,
583,Northwestern (MN) Eagles,2023,espn,ncaafb,
583,Northwestern (MN) Eagles,2024,espn,ncaafb,
583,Northwestern (MN) Eagles,2025,espn,ncaafb,
587,Notre Dame College (OH) Falcons,2010,espn,ncaafb,
587,Notre Dame College (OH) Falcons,2011,espn,ncaafb,
587,Notre Dame College Blue Falcons,2012,espn,ncaafb,
587,Notre Dame College Blue Falcons,2013,espn,ncaafb,
587,Notre Dame College Blue Falcons,2014,espn,ncaafb,
587,Notre Dame College Blue Falcons,2015,espn,ncaafb,
587,Notre Dame College Blue Falcons,2016,espn,ncaafb,
587,Notre Dame College Blue Falcons,2017,espn,ncaafb,
587,Notre Dame College Blue Falcons,2018,espn,ncaafb,
587,Notre Dame College Falcons,2019,espn,ncaafb,
587,Notre Dame College Falcons,2021,espn,ncaafb,
587,Notre Dame College Falcons,2022,espn,ncaafb,
587,Notre Dame College (OH) Falcons,2023,espn,ncaafb,
596,Peru State,2007,espn,ncaafb,
596,Peru State,2009,espn,ncaafb,
596,Peru State,2010,espn,ncaafb,
597,Presentation,2011,espn,ncaafb,
597,Presentation College Saints,2012,espn,ncaafb,
597,Presentation College Saints,2013,espn,ncaafb,
597,Presentation College Saints,2014,espn,ncaafb,
597,Presentation College Saints,2015,espn,ncaafb,
597,Presentation College Saints,2016,espn,ncaafb,
597,Presentation College Saints,2017,espn,ncaafb,
597,Presentation College Saints,2018,espn,ncaafb,
597,Presentation College Presentation,2019,espn,ncaafb,
597,Presentation College Presentation,2021,espn,ncaafb,
597,Presentation College Presentation,2022,espn,ncaafb,
599,Roosevelt Lakers,2011,espn,ncaafb,
599,Robert Morris (IL) Eagles,2012,espn,ncaafb,
599,Robert Morris (IL) Eagles,2014,espn,ncaafb,
599,Robert Morris (IL) Eagles,2015,espn,ncaafb,
599,Robert Morris (IL) Eagles,2016,espn,ncaafb,
599,Robert Morris (IL) Eagles,2017,espn,ncaafb,
599,Robert Morris (IL) Eagles,2018,espn,ncaafb,
611,Seton Hill Griffins,2007,espn,ncaafb,
611,Seton Hill College Griffins,2008,espn,ncaafb,
611,Seton Hill College Griffins,2009,espn,ncaafb,
611,Seton Hill College Griffins,2010,espn,ncaafb,
611,Seton Hill College Griffins,2011,espn,ncaafb,
611,Seton Hill College Griffins,2012,espn,ncaafb,
611,Seton Hill College Griffins,2013,espn,ncaafb,
611,Seton Hill College Griffins,2014,espn,ncaafb,
611,Seton Hill College Griffins,2015,espn,ncaafb,
611,Seton Hill College Griffins,2016,espn,ncaafb,
611,Seton Hill College Griffins,2017,espn,ncaafb,
611,Seton Hill College Griffins,2018,espn,ncaafb,
611,Seton Hill Griffins,2019,espn,ncaafb,
611,Seton Hill Griffins,2020,espn,ncaafb,
611,Seton Hill Griffins,2021,espn,ncaafb,
611,Seton Hill Griffins,2022,espn,ncaafb,
611,Seton Hill Griffins,2023,espn,ncaafb,
611,Seton Hill Griffins,2024,espn,ncaafb,
611,Seton Hill Griffins,2025,espn,ncaafb,
613,South Dakota Mines Hardrockers,2010,espn,ncaafb,
613,South Dakota Mines Hardrockers,2011,espn,ncaafb,
613,South Dakota Mines Hardrockers,2012,espn,ncaafb,
613,South Dakota Mines Hardrockers,2013,espn,ncaafb,
613,South Dakota Mines Hardrockers,2014,espn,ncaafb,
613,South Dakota Mines Hardrockers,2015,espn,ncaafb,
613,South Dakota Mines Hardrockers,2016,espn,ncaafb,
613,South Dakota Mines Hardrockers,2017,espn,ncaafb,
613,South Dakota Mines Hardrockers,2018,espn,ncaafb,
613,South Dakota Mines Hardrockers,2019,espn,ncaafb,
613,South Dakota Mines Hardrockers,2020,espn,ncaafb,
613,South Dakota Mines Hardrockers,2021,espn,ncaafb,
613,South Dakota Mines Hardrockers,2022,espn,ncaafb,
613,South Dakota Mines Hardrockers,2023,espn,ncaafb,
613,South Dakota Mines Hardrockers,2024,espn,ncaafb,
613,South Dakota Mines Hardrockers,2025,espn,ncaafb,
616,Southwestern College Moundbuilders,2009,espn,ncaafb,
616,Southwestern College Moundbuilders,2010,espn,ncaafb,
616,Southwestern College Moundbuilders,2016,espn,ncaafb,
616,Southwestern College Moundbuilders,2017,espn,ncaafb,
618,Sterling College Warriors,2013,espn,ncaafb,
619,Tabor TABOR,2007,espn,ncaafb,
619,Tabor TABOR,2008,espn,ncaafb,
620,Taylor Trojans,2006,espn,ncaafb,
620,Taylor Trojans,2007,espn,ncaafb,
620,Taylor Trojans,2008,espn,ncaafb,
620,Taylor Trojans,2009,espn,ncaafb,
620,Taylor Trojans,2010,espn,ncaafb,
620,Taylor Trojans,2011,espn,ncaafb,
620,Taylor Trojans,2012,espn,ncaafb,
620,Taylor Trojans,2013,espn,ncaafb,
620,Taylor Trojans,2014,espn,ncaafb,
620,Taylor Trojans,2015,espn,ncaafb,
620,Taylor Trojans,2016,espn,ncaafb,
620,Taylor Trojans,2017,espn,ncaafb,
620,Taylor Trojans,2018,espn,ncaafb,
620,Taylor Trojans,2019,espn,ncaafb,
620,Taylor Trojans,2021,espn,ncaafb,
620,Taylor Trojans,2022,espn,ncaafb,
620,Taylor Trojans,2023,espn,ncaafb,
628,Valley City State VALLEY CITY ST,2007,espn,ncaafb,
628,Valley City State Vikings,2008,espn,ncaafb,
628,Valley City State Vikings,2009,espn,ncaafb,
628,Valley City State Vikings,2010,espn,ncaafb,
628,Valley City State Vikings,2011,espn,ncaafb,
628,Valley City State Vikings,2012,espn,ncaafb,
628,Valley City State Vikings,2013,espn,ncaafb,
628,Valley City State Vikings,2017,espn,ncaafb,
628,Valley City State Vikings,2018,espn,ncaafb,
628,Valley City State VALLEY CITY ST,2019,espn,ncaafb,
628,Valley City State VALLEY CITY ST,2021,espn,ncaafb,
628,Valley City State VALLEY CITY ST,2022,espn,ncaafb,
628,Valley City State VALLEY CITY ST,2023,espn,ncaafb,
628,Valley City State VALLEY CITY ST,2024,espn,ncaafb,
628,Valley City State Valley City St,2025,espn,ncaafb,
630,Wayland Baptist Pioneers,2012,espn,ncaafb,
630,Wayland Baptist Pioneers,2013,espn,ncaafb,
630,Wayland Baptist Pioneers,2014,espn,ncaafb,
630,Wayland Baptist Pioneers,2015,espn,ncaafb,
630,Wayland Baptist Pioneers,2016,espn,ncaafb,
630,Wayland Baptist Pioneers,2017,espn,ncaafb,
630,Wayland Baptist Pioneers,2018,espn,ncaafb,
630,Wayland Baptist Pioneers,2019,espn,ncaafb,
630,Wayland Baptist Pioneers,2021,espn,ncaafb,
630,Wayland Baptist Pioneers,2022,espn,ncaafb,
630,Wayland Baptist Pioneers,2023,espn,ncaafb,
630,Wayland Baptist Pioneers,2024,espn,ncaafb,
630,Wayland Baptist Pioneers,2025,espn,ncaafb,
2000,Abilene Christian Wildcats,2007,espn,ncaafb,
2000,Abilene Christian Wildcats,2008,espn,ncaafb,
2000,Abilene Christian Wildcats,2009,espn,ncaafb,
2000,Abilene Christian Wildcats,2010,espn,ncaafb,
2000,Abilene Christian Wildcats,2011,espn,ncaafb,
2000,Abilene Christian Wildcats,2012,espn,ncaafb,
2000,Abilene Christian Wildcats,2013,espn,ncaafb,
2000,Abilene Christian Wildcats,2014,espn,ncaafb,
2000,Abilene Christian Wildcats,2015,espn,ncaafb,
2000,Abilene Christian Wildcats,2016,espn,ncaafb,
2000,Abilene Christian Wildcats,2017,espn,ncaafb,
2000,Abilene Christian Wildcats,2018,espn,ncaafb,
2000,Abilene Christian Wildcats,2019,espn,ncaafb,
2000,Abilene Christian Wildcats,2020,espn,ncaafb,
2000,Abilene Christian Wildcats,2021,espn,ncaafb,
2000,Abilene Christian Wildcats,2022,espn,ncaafb,
2000,Abilene Christian Wildcats,2023,espn,ncaafb,
2000,Abilene Christian Wildcats,2024,espn,ncaafb,
2000,Abilene Christian Wildcats,2025,espn,ncaafb,
2001,Adams State Grizzlies,2002,espn,ncaafb,
2001,Adams State Grizzlies,2003,espn,ncaafb,
2001,Adams State Grizzlies,2004,espn,ncaafb,
2001,Adams State Grizzlies,2005,espn,ncaafb,
2001,Adams State Grizzlies,2006,espn,ncaafb,
2001,Adams State Grizzlies,2007,espn,ncaafb,
2001,Adams State Grizzlies,2008,espn,ncaafb,
2001,Adams State Grizzlies,2009,espn,ncaafb,
2001,Adams State Grizzlies,2010,espn,ncaafb,
2001,Adams State Grizzlies,2011,espn,ncaafb,
2001,Adams State Grizzlies,2012,espn,ncaafb,
2001,Adams State Grizzlies,2013,espn,ncaafb,
2001,Adams State Grizzlies,2014,espn,ncaafb,
2001,Adams State Grizzlies,2015,espn,ncaafb,
2001,Adams State Grizzlies,2016,espn,ncaafb,
2001,Adams State Grizzlies,2017,espn,ncaafb,
2001,Adams State Grizzlies,2018,espn,ncaafb,
2001,Adams State Grizzlies,2019,espn,ncaafb,
2001,Adams State Grizzlies,2021,espn,ncaafb,
2001,Adams State Grizzlies,2022,espn,ncaafb,
2001,Adams State Grizzlies,2023,espn,ncaafb,
2001,Adams State Grizzlies,2024,espn,ncaafb,
2001,Adams State Grizzlies,2025,espn,ncaafb,
2003,Adrian Bulldogs,2007,espn,ncaafb,
2003,Adrian Bulldogs,2008,espn,ncaafb,
2003,Adrian Bulldogs,2009,espn,ncaafb,
2003,Adrian Bulldogs,2010,espn,ncaafb,
2003,Adrian Bulldogs,2011,espn,ncaafb,
2003,Adrian Bulldogs,2012,espn,ncaafb,
2003,Adrian Bulldogs,2013,espn,ncaafb,
2003,Adrian Bulldogs,2014,espn,ncaafb,
2003,Adrian Bulldogs,2015,espn,ncaafb,
2003,Adrian Bulldogs,2016,espn,ncaafb,
2003,Adrian Bulldogs,2017,espn,ncaafb,
2003,Adrian Bulldogs,2018,espn,ncaafb,
2003,Adrian Bulldogs,2019,espn,ncaafb,
2003,Adrian Bulldogs,2020,espn,ncaafb,
2003,Adrian Bulldogs,2021,espn,ncaafb,
2003,Adrian Bulldogs,2022,espn,ncaafb,
2003,Adrian Bulldogs,2023,espn,ncaafb,
2003,Adrian Bulldogs,2024,espn,ncaafb,
2003,Adrian Bulldogs,2025,espn,ncaafb,
2005,Air Force Falcons,2001,espn,ncaafb,
2005,Air Force Falcons,2002,espn,ncaafb,
2005,Air Force Falcons,2003,espn,ncaafb,
2005,Air Force Falcons,2004,espn,ncaafb,
2005,Air Force Falcons,2005,espn,ncaafb,
2005,Air Force Falcons,2006,espn,ncaafb,
2005,Air Force Falcons,2007,espn,ncaafb,
2005,Air Force Falcons,2008,espn,ncaafb,
2005,Air Force Falcons,2009,espn,ncaafb,
2005,Air Force Falcons,2010,espn,ncaafb,
2005,Air Force Falcons,2011,espn,ncaafb,
2005,Air Force Falcons,2012,espn,ncaafb,
2005,Air Force Falcons,2013,espn,ncaafb,
2005,Air Force Falcons,2014,espn,ncaafb,
2005,Air Force Falcons,2015,espn,ncaafb,
2005,Air Force Falcons,2016,espn,ncaafb,
2005,Air Force Falcons,2017,espn,ncaafb,
2005,Air Force Falcons,2018,espn,ncaafb,
2005,Air Force Falcons,2019,espn,ncaafb,
2005,Air Force Falcons,2020,espn,ncaafb,
2005,Air Force Falcons,2021,espn,ncaafb,
2005,Air Force Falcons,2022,espn,ncaafb,
2005,Air Force Falcons,2023,espn,ncaafb,
2005,Air Force Falcons,2024,espn,ncaafb,
2005,Air Force Falcons,2025,espn,ncaafb,
2006,Akron Zips,2001,espn,ncaafb,
2006,Akron Zips,2002,espn,ncaafb,
2006,Akron Zips,2003,espn,ncaafb,
2006,Akron Zips,2004,espn,ncaafb,
2006,Akron Zips,2005,espn,ncaafb,
2006,Akron Zips,2006,espn,ncaafb,
2006,Akron Zips,2007,espn,ncaafb,
2006,Akron Zips,2008,espn,ncaafb,
2006,Akron Zips,2009,espn,ncaafb,
2006,Akron Zips,2010,espn,ncaafb,
2006,Akron Zips,2011,espn,ncaafb,
2006,Akron Zips,2012,espn,ncaafb,
2006,Akron Zips,2013,espn,ncaafb,
2006,Akron Zips,2014,espn,ncaafb,
2006,Akron Zips,2015,espn,ncaafb,
2006,Akron Zips,2016,espn,ncaafb,
2006,Akron Zips,2017,espn,ncaafb,
2006,Akron Zips,2018,espn,ncaafb,
2006,Akron Zips,2019,espn,ncaafb,
2006,Akron Zips,2020,espn,ncaafb,
2006,Akron Zips,2021,espn,ncaafb,
2006,Akron Zips,2022,espn,ncaafb,
2006,Akron Zips,2023,espn,ncaafb,
2006,Akron Zips,2024,espn,ncaafb,
2006,Akron Zips,2025,espn,ncaafb,
2010,Alabama A&M Bulldogs,2001,espn,ncaafb,
2010,Alabama A&M Bulldogs,2002,espn,ncaafb,
2010,Alabama A&M Bulldogs,2003,espn,ncaafb,
2010,Alabama A&M Bulldogs,2004,espn,ncaafb,
2010,Alabama A&M Bulldogs,2005,espn,ncaafb,
2010,Alabama A&M Bulldogs,2006,espn,ncaafb,
2010,Alabama A&M Bulldogs,2007,espn,ncaafb,
2010,Alabama A&M Bulldogs,2008,espn,ncaafb,
2010,Alabama A&M Bulldogs,2009,espn,ncaafb,
2010,Alabama A&M Bulldogs,2010,espn,ncaafb,
2010,Alabama A&M Bulldogs,2011,espn,ncaafb,
2010,Alabama A&M Bulldogs,2012,espn,ncaafb,
2010,Alabama A&M Bulldogs,2013,espn,ncaafb,
2010,Alabama A&M Bulldogs,2014,espn,ncaafb,
2010,Alabama A&M Bulldogs,2015,espn,ncaafb,
2010,Alabama A&M Bulldogs,2016,espn,ncaafb,
2010,Alabama A&M Bulldogs,2017,espn,ncaafb,
2010,Alabama A&M Bulldogs,2018,espn,ncaafb,
2010,Alabama A&M Bulldogs,2019,espn,ncaafb,
2010,Alabama A&M Bulldogs,2020,espn,ncaafb,
2010,Alabama A&M Bulldogs,2021,espn,ncaafb,
2010,Alabama A&M Bulldogs,2022,espn,ncaafb,
2010,Alabama A&M Bulldogs,2023,espn,ncaafb,
2010,Alabama A&M Bulldogs,2024,espn,ncaafb,
2010,Alabama A&M Bulldogs,2025,espn,ncaafb,
2011,Alabama State Hornets,2001,espn,ncaafb,
2011,Alabama State Hornets,2002,espn,ncaafb,
2011,Alabama State Hornets,2003,espn,ncaafb,
2011,Alabama State Hornets,2004,espn,ncaafb,
2011,Alabama State Hornets,2005,espn,ncaafb,
2011,Alabama State Hornets,2006,espn,ncaafb,
2011,Alabama State Hornets,2007,espn,ncaafb,
2011,Alabama State Hornets,2008,espn,ncaafb,
2011,Alabama State Hornets,2009,espn,ncaafb,
2011,Alabama State Hornets,2010,espn,ncaafb,
2011,Alabama State Hornets,2011,espn,ncaafb,
2011,Alabama State Hornets,2012,espn,ncaafb,
2011,Alabama State Hornets,2013,espn,ncaafb,
2011,Alabama State Hornets,2014,espn,ncaafb,
2011,Alabama State Hornets,2015,espn,ncaafb,
2011,Alabama State Hornets,2016,espn,ncaafb,
2011,Alabama State Hornets,2017,espn,ncaafb,
2011,Alabama State Hornets,2018,espn,ncaafb,
2011,Alabama State Hornets,2019,espn,ncaafb,
2011,Alabama State Hornets,2020,espn,ncaafb,
2011,Alabama State Hornets,2021,espn,ncaafb,
2011,Alabama State Hornets,2022,espn,ncaafb,
2011,Alabama State Hornets,2023,espn,ncaafb,
2011,Alabama State Hornets,2024,espn,ncaafb,
2011,Alabama State Hornets,2025,espn,ncaafb,
2013,Albany State (GA) Golden Rams,2001,espn,ncaafb,
2013,Albany State (GA) Golden Rams,2002,espn,ncaafb,
2013,Albany State (GA) Golden Rams,2003,espn,ncaafb,
2013,Albany State (GA) Golden Rams,2004,espn,ncaafb,
2013,Albany State Golden Rams,2005,espn,ncaafb,
2013,Albany State (GA) Golden Rams,2007,espn,ncaafb,
2013,Albany State (GA) Golden Rams,2008,espn,ncaafb,
2013,Albany State (GA) Golden Rams,2009,espn,ncaafb,
2013,Albany State (GA) Golden Rams,2010,espn,ncaafb,
2013,Albany State (GA) Golden Rams,2011,espn,ncaafb,
2013,Albany State (GA) Golden Rams,2012,espn,ncaafb,
2013,Albany State (GA) Golden Rams,2013,espn,ncaafb,
2013,Albany State (GA) Golden Rams,2014,espn,ncaafb,
2013,Albany State (GA) Golden Rams,2015,espn,ncaafb,
2013,Albany State (GA) Golden Rams,2016,espn,ncaafb,
2013,Albany State (GA) Golden Rams,2017,espn,ncaafb,
2013,Albany State (GA) Golden Rams,2018,espn,ncaafb,
2013,Albany State (GA) Golden Rams,2019,espn,ncaafb,
2013,Albany State (GA) Golden Rams,2020,espn,ncaafb,
2013,Albany State (GA) Golden Rams,2021,espn,ncaafb,
2013,Albany State Golden Rams,2022,espn,ncaafb,
2013,Albany State Golden Rams,2023,espn,ncaafb,
2013,Albany State Golden Rams,2024,espn,ncaafb,
2013,Albany State Golden Rams,2025,espn,ncaafb,
2015,Albright Lions,2007,espn,ncaafb,
2015,Albright Lions,2008,espn,ncaafb,
2015,Albright Lions,2009,espn,ncaafb,
2015,Albright Lions,2010,espn,ncaafb,
2015,Albright Lions,2011,espn,ncaafb,
2015,Albright Lions,2012,espn,ncaafb,
2015,Albright Lions,2013,espn,ncaafb,
2015,Albright Lions,2014,espn,ncaafb,
2015,Albright Lions,2015,espn,ncaafb,
2015,Albright Lions,2016,espn,ncaafb,
2015,Albright Lions,2017,espn,ncaafb,
2015,Albright Lions,2018,espn,ncaafb,
2015,Albright Lions,2019,espn,ncaafb,
2015,Albright Lions,2020,espn,ncaafb,
2015,Albright Lions,2021,espn,ncaafb,
2015,Albright Lions,2022,espn,ncaafb,
2015,Albright Lions,2023,espn,ncaafb,
2015,Albright Lions,2024,espn,ncaafb,
2015,Albright Lions,2025,espn,ncaafb,
2016,Alcorn State Braves,2001,espn,ncaafb,
2016,Alcorn State Braves,2002,espn,ncaafb,
2016,Alcorn State Braves,2003,espn,ncaafb,
2016,Alcorn State Braves,2004,espn,ncaafb,
2016,Alcorn State Braves,2005,espn,ncaafb,
2016,Alcorn State Braves,2006,espn,ncaafb,
2016,Alcorn State Braves,2007,espn,ncaafb,
2016,Alcorn State Braves,2008,espn,ncaafb,
2016,Alcorn State Braves,2009,espn,ncaafb,
2016,Alcorn State Braves,2010,espn,ncaafb,
2016,Alcorn State Braves,2011,espn,ncaafb,
2016,Alcorn State Braves,2012,espn,ncaafb,
2016,Alcorn State Braves,2013,espn,ncaafb,
2016,Alcorn State Braves,2014,espn,ncaafb,
2016,Alcorn State Braves,2015,espn,ncaafb,
2016,Alcorn State Braves,2016,espn,ncaafb,
2016,Alcorn State Braves,2017,espn,ncaafb,
2016,Alcorn State Braves,2018,espn,ncaafb,
2016,Alcorn State Braves,2019,espn,ncaafb,
2016,Alcorn State Braves,2020,espn,ncaafb,
2016,Alcorn State Braves,2021,espn,ncaafb,
2016,Alcorn State Braves,2022,espn,ncaafb,
2016,Alcorn State Braves,2023,espn,ncaafb,
2016,Alcorn State Braves,2024,espn,ncaafb,
2016,Alcorn State Braves,2025,espn,ncaafb,
2017,Alderson-Broaddus Battlers,2013,espn,ncaafb,
2017,Alderson-Broaddus Battlers,2014,espn,ncaafb,
2017,Alderson-Broaddus Battlers,2015,espn,ncaafb,
2017,Alderson-Broaddus Battlers,2016,espn,ncaafb,
2017,Alderson-Broaddus Battlers,2017,espn,ncaafb,
2017,Alderson-Broaddus Battlers,2018,espn,ncaafb,
2017,Alderson-Broaddus Battlers,2019,espn,ncaafb,
2017,Alderson Broaddus Battlers,2021,espn,ncaafb,
2017,Alderson Broaddus Battlers,2022,espn,ncaafb,
2017,Alderson Broaddus Battlers,2023,espn,ncaafb,
2018,Allegheny Golden Gators,2007,espn,ncaafb,
2018,Allegheny Golden Gators,2008,espn,ncaafb,
2018,Allegheny Golden Gators,2009,espn,ncaafb,
2018,Allegheny Golden Gators,2010,espn,ncaafb,
2018,Allegheny Golden Gators,2011,espn,ncaafb,
2018,Allegheny Golden Gators,2012,espn,ncaafb,
2018,Allegheny Golden Gators,2013,espn,ncaafb,
2018,Allegheny Golden Gators,2014,espn,ncaafb,
2018,Allegheny Golden Gators,2015,espn,ncaafb,
2018,Allegheny Golden Gators,2016,espn,ncaafb,
2018,Allegheny Golden Gators,2017,espn,ncaafb,
2018,Allegheny Golden Gators,2018,espn,ncaafb,
2018,Allegheny Gators,2019,espn,ncaafb,
2018,Allegheny Gators,2021,espn,ncaafb,
2018,Allegheny Gators,2022,espn,ncaafb,
2018,Allegheny Gators,2023,espn,ncaafb,
2018,Allegheny Gators,2024,espn,ncaafb,
2018,Allegheny Gators,2025,espn,ncaafb,
2019,Allen Yellow Jackets,2003,espn,ncaafb,
2019,Allen Yellow Jackets,2004,espn,ncaafb,
2019,Allen Yellow Jackets,2005,espn,ncaafb,
2019,Allen Yellow Jackets,2018,espn,ncaafb,
2019,Allen Yellow Jackets,2019,espn,ncaafb,
2019,Allen Yellow Jackets,2020,espn,ncaafb,
2019,Allen Yellow Jackets,2021,espn,ncaafb,
2019,Allen Yellow Jackets,2022,espn,ncaafb,
2019,Allen Yellow Jackets,2023,espn,ncaafb,
2019,Allen Yellow Jackets,2024,espn,ncaafb,
2019,Allen Yellow Jackets,2025,espn,ncaafb,
2022,American International Yellow Jackets,2002,espn,ncaafb,
2022,American International Yellow Jackets,2007,espn,ncaafb,
2022,American International Yellow Jackets,2008,espn,ncaafb,
2022,American International Yellow Jackets,2009,espn,ncaafb,
2022,American International Yellow Jackets,2010,espn,ncaafb,
2022,American International Yellow Jackets,2011,espn,ncaafb,
2022,American International Yellow Jackets,2012,espn,ncaafb,
2022,American International Yellow Jackets,2013,espn,ncaafb,
2022,American International Yellow Jackets,2014,espn,ncaafb,
2022,American International Yellow Jackets,2015,espn,ncaafb,
2022,American International Yellow Jackets,2016,espn,ncaafb,
2022,American International Yellow Jackets,2017,espn,ncaafb,
2022,American International Yellow Jackets,2018,espn,ncaafb,
2022,American International Yellow Jackets,2019,espn,ncaafb,
2022,American International Yellow Jackets,2020,espn,ncaafb,
2022,American International Yellow Jackets,2021,espn,ncaafb,
2022,American International Yellow Jackets,2022,espn,ncaafb,
2022,American International Yellow Jackets,2023,espn,ncaafb,
2022,American International Yellow Jackets,2024,espn,ncaafb,
2022,American International Yellow Jackets,2025,espn,ncaafb,
2023,Anderson (IN) Ravens,2006,espn,ncaafb,
2023,Anderson (IN) Ravens,2007,espn,ncaafb,
2023,Anderson (IN) Ravens,2008,espn,ncaafb,
2023,Anderson (IN) Ravens,2009,espn,ncaafb,
2023,Anderson (IN) Ravens,2010,espn,ncaafb,
2023,Anderson (IN) Ravens,2011,espn,ncaafb,
2023,Anderson (IN) Ravens,2012,espn,ncaafb,
2023,Anderson (IN) Ravens,2013,espn,ncaafb,
2023,Anderson (IN) Ravens,2014,espn,ncaafb,
2023,Anderson (IN) Ravens,2015,espn,ncaafb,
2023,Anderson (IN) Ravens,2016,espn,ncaafb,
2023,Anderson (IN) Ravens,2017,espn,ncaafb,
2023,Anderson (IN) Ravens,2018,espn,ncaafb,
2023,Anderson (IN) Ravens,2019,espn,ncaafb,
2023,Anderson (IN) Ravens,2021,espn,ncaafb,
2023,Anderson (IN) Ravens,2022,espn,ncaafb,
2023,Anderson (IN) Ravens,2023,espn,ncaafb,
2023,Anderson (IN) Ravens,2024,espn,ncaafb,
2023,Anderson (IN) Ravens,2025,espn,ncaafb,
2025,Angelo State Rams,2001,espn,ncaafb,
2025,Angelo State Rams,2003,espn,ncaafb,
2025,Angelo State Rams,2004,espn,ncaafb,
2025,Angelo State Rams,2007,espn,ncaafb,
2025,Angelo State Rams,2008,espn,ncaafb,
2025,Angelo State Rams,2009,espn,ncaafb,
2025,Angelo State Rams,2010,espn,ncaafb,
2025,Angelo State Rams,2011,espn,ncaafb,
2025,Angelo State Rams,2012,espn,ncaafb,
2025,Angelo State Rams,2013,espn,ncaafb,
2025,Angelo State Rams,2014,espn,ncaafb,
2025,Angelo State Rams,2015,espn,ncaafb,
2025,Angelo State Rams,2016,espn,ncaafb,
2025,Angelo State Rams,2017,espn,ncaafb,
2025,Angelo State Rams,2018,espn,ncaafb,
2025,Angelo State Rams,2019,espn,ncaafb,
2025,Angelo State Rams,2020,espn,ncaafb,
2025,Angelo State Rams,2021,espn,ncaafb,
2025,Angelo State Rams,2022,espn,ncaafb,
2025,Angelo State Rams,2023,espn,ncaafb,
2025,Angelo State Rams,2024,espn,ncaafb,
2025,Angelo State Rams,2025,espn,ncaafb,
2026,Appalachian State Mountaineers,2001,espn,ncaafb,
2026,Appalachian State Mountaineers,2002,espn,ncaafb,
2026,Appalachian State Mountaineers,2003,espn,ncaafb,
2026,Appalachian State Mountaineers,2004,espn,ncaafb,
2026,Appalachian State Mountaineers,2005,espn,ncaafb,
2026,Appalachian State Mountaineers,2006,espn,ncaafb,
2026,Appalachian State Mountaineers,2007,espn,ncaafb,
2026,Appalachian State Mountaineers,2008,espn,ncaafb,
2026,Appalachian State Mountaineers,2009,espn,ncaafb,
2026,Appalachian State Mountaineers,2010,espn,ncaafb,
2026,Appalachian State Mountaineers,2011,espn,ncaafb,
2026,Appalachian State Mountaineers,2012,espn,ncaafb,
2026,Appalachian State Mountaineers,2013,espn,ncaafb,
2026,Appalachian State Mountaineers,2014,espn,ncaafb,
2026,Appalachian State Mountaineers,2015,espn,ncaafb,
2026,Appalachian State Mountaineers,2016,espn,ncaafb,
2026,Appalachian State Mountaineers,2017,espn,ncaafb,
2026,Appalachian State Mountaineers,2018,espn,ncaafb,
2026,Appalachian State Mountaineers,2019,espn,ncaafb,
2026,Appalachian State Mountaineers,2020,espn,ncaafb,
2026,Appalachian State Mountaineers,2021,espn,ncaafb,
2026,Appalachian State Mountaineers,2022,espn,ncaafb,
2026,Appalachian State Mountaineers,2023,espn,ncaafb,
2026,App State Mountaineers,2024,espn,ncaafb,
2026,App State Mountaineers,2025,espn,ncaafb,
2028,Arkansas-Monticello Weevils,2001,espn,ncaafb,
2028,Arkansas-Monticello Weevils,2002,espn,ncaafb,
2028,Arkansas-Monticello Weevils,2003,espn,ncaafb,
2028,Arkansas-Monticello Weevils,2004,espn,ncaafb,
2028,Arkansas Monticello Boll Weevils,2005,espn,ncaafb,
2028,Arkansas-Monticello Weevils,2006,espn,ncaafb,
2028,Arkansas-Monticello Weevils,2007,espn,ncaafb,
2028,Arkansas-Monticello Weevils,2008,espn,ncaafb,
2028,Arkansas-Monticello Weevils,2009,espn,ncaafb,
2028,Arkansas-Monticello Weevils,2010,espn,ncaafb,
2028,Arkansas-Monticello Weevils,2011,espn,ncaafb,
2028,Arkansas-Monticello Weevils,2012,espn,ncaafb,
2028,Arkansas-Monticello Weevils,2013,espn,ncaafb,
2028,Arkansas-Monticello Weevils,2014,espn,ncaafb,
2028,Arkansas-Monticello Weevils,2015,espn,ncaafb,
2028,Arkansas-Monticello Weevils,2016,espn,ncaafb,
2028,Arkansas-Monticello Weevils,2017,espn,ncaafb,
2028,Arkansas-Monticello Weevils,2018,espn,ncaafb,
2028,Arkansas-Monticello Boll Weevils,2019,espn,ncaafb,
2028,Arkansas-Monticello Boll Weevils,2021,espn,ncaafb,
2028,Arkansas-Monticello Boll Weevils,2022,espn,ncaafb,
2028,Arkansas-Monticello Boll Weevils,2023,espn,ncaafb,
2028,Arkansas-Monticello Boll Weevils,2024,espn,ncaafb,
2028,Arkansas-Monticello Boll Weevils,2025,espn,ncaafb,
2029,Arkansas-Pine Bluff Golden Lions,2001,espn,ncaafb,
2029,Arkansas-Pine Bluff Golden Lions,2002,espn,ncaafb,
2029,Arkansas-Pine Bluff Golden Lions,2003,espn,ncaafb,
2029,Arkansas-Pine Bluff Golden Lions,2004,espn,ncaafb,
2029,Arkansas-Pine Bluff Golden Lions,2005,espn,ncaafb,
2029,Arkansas-Pine Bluff Golden Lions,2006,espn,ncaafb,
2029,Arkansas-Pine Bluff Golden Lions,2007,espn,ncaafb,
2029,Arkansas-Pine Bluff Golden Lions,2008,espn,ncaafb,
2029,Arkansas-Pine Bluff Golden Lions,2009,espn,ncaafb,
2029,Arkansas-Pine Bluff Golden Lions,2010,espn,ncaafb,
2029,Arkansas-Pine Bluff Golden Lions,2011,espn,ncaafb,
2029,Arkansas-Pine Bluff Golden Lions,2012,espn,ncaafb,
2029,Arkansas-Pine Bluff Golden Lions,2013,espn,ncaafb,
2029,Arkansas-Pine Bluff Golden Lions,2014,espn,ncaafb,
2029,Arkansas-Pine Bluff Golden Lions,2015,espn,ncaafb,
2029,Arkansas-Pine Bluff Golden Lions,2016,espn,ncaafb,
2029,Arkansas-Pine Bluff Golden Lions,2017,espn,ncaafb,
2029,Arkansas-Pine Bluff Golden Lions,2018,espn,ncaafb,
2029,Arkansas-Pine Bluff Golden Lions,2019,espn,ncaafb,
2029,Arkansas-Pine Bluff Golden Lions,2020,espn,ncaafb,
2029,Arkansas-Pine Bluff Golden Lions,2021,espn,ncaafb,
2029,Arkansas-Pine Bluff Golden Lions,2022,espn,ncaafb,
2029,Arkansas-Pine Bluff Golden Lions,2023,espn,ncaafb,
2029,Arkansas-Pine Bluff Golden Lions,2024,espn,ncaafb,
2029,Arkansas-Pine Bluff Golden Lions,2025,espn,ncaafb,
2032,Arkansas State Red Wolves,2001,espn,ncaafb,
2032,Arkansas State Red Wolves,2002,espn,ncaafb,
2032,Arkansas State Red Wolves,2003,espn,ncaafb,
2032,Arkansas State Red Wolves,2004,espn,ncaafb,
2032,Arkansas State Red Wolves,2005,espn,ncaafb,
2032,Arkansas State Red Wolves,2006,espn,ncaafb,
2032,Arkansas State Red Wolves,2007,espn,ncaafb,
2032,Arkansas State Red Wolves,2008,espn,ncaafb,
2032,Arkansas State Red Wolves,2009,espn,ncaafb,
2032,Arkansas State Red Wolves,2010,espn,ncaafb,
2032,Arkansas State Red Wolves,2011,espn,ncaafb,
2032,Arkansas State Red Wolves,2012,espn,ncaafb,
2032,Arkansas State Red Wolves,2013,espn,ncaafb,
2032,Arkansas State Red Wolves,2014,espn,ncaafb,
2032,Arkansas State Red Wolves,2015,espn,ncaafb,
2032,Arkansas State Red Wolves,2016,espn,ncaafb,
2032,Arkansas State Red Wolves,2017,espn,ncaafb,
2032,Arkansas State Red Wolves,2018,espn,ncaafb,
2032,Arkansas State Red Wolves,2019,espn,ncaafb,
2032,Arkansas State Red Wolves,2020,espn,ncaafb,
2032,Arkansas State Red Wolves,2021,espn,ncaafb,
2032,Arkansas State Red Wolves,2022,espn,ncaafb,
2032,Arkansas State Red Wolves,2023,espn,ncaafb,
2032,Arkansas State Red Wolves,2024,espn,ncaafb,
2032,Arkansas State Red Wolves,2025,espn,ncaafb,
2033,Arkansas Tech Wonder Boys,2007,espn,ncaafb,
2033,Arkansas Tech Wonder Boys,2008,espn,ncaafb,
2033,Arkansas Tech Wonder Boys,2009,espn,ncaafb,
2033,Arkansas Tech Wonder Boys,2010,espn,ncaafb,
2033,Arkansas Tech Wonder Boys,2011,espn,ncaafb,
2033,Arkansas Tech Wonder Boys,2012,espn,ncaafb,
2033,Arkansas Tech Wonder Boys,2013,espn,ncaafb,
2033,Arkansas Tech Wonder Boys,2014,espn,ncaafb,
2033,Arkansas Tech Wonder Boys,2015,espn,ncaafb,
2033,Arkansas Tech Wonder Boys,2016,espn,ncaafb,
2033,Arkansas Tech Wonder Boys,2017,espn,ncaafb,
2033,Arkansas Tech Wonder Boys,2018,espn,ncaafb,
2033,Arkansas Tech Wonder Boys,2019,espn,ncaafb,
2033,Arkansas Tech Wonder Boys,2021,espn,ncaafb,
2033,Arkansas Tech Wonder Boys,2022,espn,ncaafb,
2033,Arkansas Tech Wonder Boys,2023,espn,ncaafb,
2033,Arkansas Tech Wonder Boys,2024,espn,ncaafb,
2033,Arkansas Tech Wonder Boys,2025,espn,ncaafb,
2038,Assumption Greyhounds,2004,espn,ncaafb,
2038,Assumption Greyhounds,2005,espn,ncaafb,
2038,Assumption Greyhounds,2006,espn,ncaafb,
2038,Assumption Greyhounds,2007,espn,ncaafb,
2038,Assumption Greyhounds,2008,espn,ncaafb,
2038,Assumption Greyhounds,2009,espn,ncaafb,
2038,Assumption Greyhounds,2010,espn,ncaafb,
2038,Assumption Greyhounds,2011,espn,ncaafb,
2038,Assumption Greyhounds,2012,espn,ncaafb,
2038,Assumption Greyhounds,2013,espn,ncaafb,
2038,Assumption Greyhounds,2014,espn,ncaafb,
2038,Assumption Greyhounds,2015,espn,ncaafb,
2038,Assumption Greyhounds,2016,espn,ncaafb,
2038,Assumption Greyhounds,2017,espn,ncaafb,
2038,Assumption Greyhounds,2018,espn,ncaafb,
2038,Assumption Greyhounds,2019,espn,ncaafb,
2038,Assumption Greyhounds,2020,espn,ncaafb,
2038,Assumption Greyhounds,2021,espn,ncaafb,
2038,Assumption Greyhounds,2022,espn,ncaafb,
2038,Assumption Greyhounds,2023,espn,ncaafb,
2038,Assumption Greyhounds,2024,espn,ncaafb,
2038,Assumption Greyhounds,2025,espn,ncaafb,
2042,Augustana (IL) Vikings,2007,espn,ncaafb,
2042,Augustana (IL) Vikings,2008,espn,ncaafb,
2042,Augustana (IL) Vikings,2009,espn,ncaafb,
2042,Augustana (IL) Vikings,2010,espn,ncaafb,
2042,Augustana (IL) Vikings,2011,espn,ncaafb,
2042,Augustana (IL) Vikings,2012,espn,ncaafb,
2042,Augustana (IL) Vikings,2013,espn,ncaafb,
2042,Augustana (IL) Vikings,2014,espn,ncaafb,
2042,Augustana (IL) Vikings,2015,espn,ncaafb,
2042,Augustana (IL) Vikings,2016,espn,ncaafb,
2042,Augustana (IL) Vikings,2017,espn,ncaafb,
2042,Augustana (IL) Vikings,2018,espn,ncaafb,
2042,Augustana College (IL) Vikings,2019,espn,ncaafb,
2042,Augustana College (IL) Vikings,2020,espn,ncaafb,
2042,Augustana College (IL) Vikings,2021,espn,ncaafb,
2042,Augustana College (IL) Vikings,2022,espn,ncaafb,
2042,Augustana College (IL) Vikings,2023,espn,ncaafb,
2042,Augustana (IL) Vikings,2024,espn,ncaafb,
2042,Augustana (IL) Vikings,2025,espn,ncaafb,
2043,Augustana (SD) Vikings,2003,espn,ncaafb,
2043,Augustana (SD) Vikings,2004,espn,ncaafb,
2043,Augustana (SD) Vikings,2006,espn,ncaafb,
2043,Augustana (SD) Vikings,2007,espn,ncaafb,
2043,Augustana (SD) Vikings,2008,espn,ncaafb,
2043,Augustana (SD) Vikings,2009,espn,ncaafb,
2043,Augustana (SD) Vikings,2010,espn,ncaafb,
2043,Augustana (SD) Vikings,2011,espn,ncaafb,
2043,Augustana (SD) Vikings,2012,espn,ncaafb,
2043,Augustana (SD) Vikings,2013,espn,ncaafb,
2043,Augustana (SD) Vikings,2014,espn,ncaafb,
2043,Augustana (SD) Vikings,2015,espn,ncaafb,
2043,Augustana (SD) Vikings,2016,espn,ncaafb,
2043,Augustana (SD) Vikings,2017,espn,ncaafb,
2043,Augustana (SD) Vikings,2018,espn,ncaafb,
2043,Augustana University (SD) Vikings,2019,espn,ncaafb,
2043,Augustana University (SD) Vikings,2021,espn,ncaafb,
2043,Augustana University (SD) Vikings,2022,espn,ncaafb,
2043,Augustana University (SD) Vikings,2023,espn,ncaafb,
2043,Augustana University (SD) Vikings,2024,espn,ncaafb,
2043,Augustana University (SD) Vikings,2025,espn,ncaafb,
2044,Aurora Spartans,2001,espn,ncaafb,
2044,Aurora Spartans,2003,espn,ncaafb,
2044,Aurora Spartans,2004,espn,ncaafb,
2044,Aurora Spartans,2005,espn,ncaafb,
2044,Aurora Spartans,2006,espn,ncaafb,
2044,Aurora Spartans,2007,espn,ncaafb,
2044,Aurora Spartans,2008,espn,ncaafb,
2044,Aurora Spartans,2009,espn,ncaafb,
2044,Aurora Spartans,2010,espn,ncaafb,
2044,Aurora Spartans,2011,espn,ncaafb,
2044,Aurora Spartans,2012,espn,ncaafb,
2044,Aurora Spartans,2013,espn,ncaafb,
2044,Aurora Spartans,2014,espn,ncaafb,
2044,Aurora Spartans,2015,espn,ncaafb,
2044,Aurora Spartans,2016,espn,ncaafb,
2044,Aurora Spartans,2017,espn,ncaafb,
2044,Aurora Spartans,2018,espn,ncaafb,
2044,Aurora Spartans,2019,espn,ncaafb,
2044,Aurora Spartans,2020,espn,ncaafb,
2044,Aurora Spartans,2021,espn,ncaafb,
2044,Aurora Spartans,2022,espn,ncaafb,
2044,Aurora Spartans,2023,espn,ncaafb,
2044,Aurora Spartans,2024,espn,ncaafb,
2044,Aurora Spartans,2025,espn,ncaafb,
2045,Austin College Kangaroos,2007,espn,ncaafb,
2045,Austin College Kangaroos,2008,espn,ncaafb,
2045,Austin College Kangaroos,2009,espn,ncaafb,
2045,Austin College Kangaroos,2010,espn,ncaafb,
2045,Austin College Kangaroos,2011,espn,ncaafb,
2045,Austin College Kangaroos,2012,espn,ncaafb,
2045,Austin College Kangaroos,2013,espn,ncaafb,
2045,Austin College Kangaroos,2014,espn,ncaafb,
2045,Austin College Kangaroos,2015,espn,ncaafb,
2045,Austin College Kangaroos,2016,espn,ncaafb,
2045,Austin College Kangaroos,2017,espn,ncaafb,
2045,Austin College Kangaroos,2018,espn,ncaafb,
2045,Austin College 'Roos,2019,espn,ncaafb,
2045,Austin College 'Roos,2020,espn,ncaafb,
2045,Austin College 'Roos,2021,espn,ncaafb,
2045,Austin College 'Roos,2022,espn,ncaafb,
2045,Austin College 'Roos,2023,espn,ncaafb,
2045,Austin 'Roos,2024,espn,ncaafb,
2045,Austin 'Roos,2025,espn,ncaafb,
2046,Austin Peay Governors,2001,espn,ncaafb,
2046,Austin Peay Governors,2002,espn,ncaafb,
2046,Austin Peay Governors,2003,espn,ncaafb,
2046,Austin Peay Governors,2004,espn,ncaafb,
2046,Austin Peay Governors,2005,espn,ncaafb,
2046,Austin Peay Governors,2006,espn,ncaafb,
2046,Austin Peay Governors,2007,espn,ncaafb,
2046,Austin Peay Governors,2008,espn,ncaafb,
2046,Austin Peay Governors,2009,espn,ncaafb,
2046,Austin Peay Governors,2010,espn,ncaafb,
2046,Austin Peay Governors,2011,espn,ncaafb,
2046,Austin Peay Governors,2012,espn,ncaafb,
2046,Austin Peay Governors,2013,espn,ncaafb,
2046,Austin Peay Governors,2014,espn,ncaafb,
2046,Austin Peay Governors,2015,espn,ncaafb,
2046,Austin Peay Governors,2016,espn,ncaafb,
2046,Austin Peay Governors,2017,espn,ncaafb,
2046,Austin Peay Governors,2018,espn,ncaafb,
2046,Austin Peay Governors,2019,espn,ncaafb,
2046,Austin Peay Governors,2020,espn,ncaafb,
2046,Austin Peay Governors,2021,espn,ncaafb,
2046,Austin Peay Governors,2022,espn,ncaafb,
2046,Austin Peay Governors,2023,espn,ncaafb,
2046,Austin Peay Governors,2024,espn,ncaafb,
2046,Austin Peay Governors,2025,espn,ncaafb,
2047,Averett Cougars,2007,espn,ncaafb,
2047,Averett Cougars,2008,espn,ncaafb,
2047,Averett Cougars,2009,espn,ncaafb,
2047,Averett Cougars,2010,espn,ncaafb,
2047,Averett Cougars,2011,espn,ncaafb,
2047,Averett Cougars,2012,espn,ncaafb,
2047,Averett Cougars,2013,espn,ncaafb,
2047,Averett Cougars,2014,espn,ncaafb,
2047,Averett Cougars,2015,espn,ncaafb,
2047,Averett Cougars,2016,espn,ncaafb,
2047,Averett Cougars,2017,espn,ncaafb,
2047,Averett Cougars,2018,espn,ncaafb,
2047,Averett Cougars,2019,espn,ncaafb,
2047,Averett Cougars,2021,espn,ncaafb,
2047,Averett Cougars,2022,espn,ncaafb,
2047,Averett Cougars,2023,espn,ncaafb,
2047,Averett Cougars,2024,espn,ncaafb,
2047,Averett Cougars,2025,espn,ncaafb,
2048,Avila University Eagles,2011,espn,ncaafb,
2049,Azusa Pacific Cougars,2001,espn,ncaafb,
2049,Azusa Pacific Cougars,2002,espn,ncaafb,
2049,Azusa Pacific Cougars,2003,espn,ncaafb,
2049,Azusa Pacific Cougars,2004,espn,ncaafb,
2049,Azusa Pacific Cougars,2005,espn,ncaafb,
2049,Azusa Pacific Cougars,2006,espn,ncaafb,
2049,Azusa Pacific Cougars,2007,espn,ncaafb,
2049,Azusa Pacific Cougars,2008,espn,ncaafb,
2049,Azusa Pacific Cougars,2009,espn,ncaafb,
2049,Azusa Pacific Cougars,2010,espn,ncaafb,
2049,Azusa Pacific Cougars,2011,espn,ncaafb,
2049,Azusa Pacific Cougars,2012,espn,ncaafb,
2049,Azusa Pacific Cougars,2013,espn,ncaafb,
2049,Azusa Pacific Cougars,2014,espn,ncaafb,
2049,Azusa Pacific Cougars,2015,espn,ncaafb,
2049,Azusa Pacific Cougars,2016,espn,ncaafb,
2049,Azusa Pacific Cougars,2017,espn,ncaafb,
2049,Azusa Pacific Cougars,2018,espn,ncaafb,
2049,Azusa Pacific Cougars,2019,espn,ncaafb,
2050,Ball State Cardinals,2001,espn,ncaafb,
2050,Ball State Cardinals,2002,espn,ncaafb,
2050,Ball State Cardinals,2003,espn,ncaafb,
2050,Ball State Cardinals,2004,espn,ncaafb,
2050,Ball State Cardinals,2005,espn,ncaafb,
2050,Ball State Cardinals,2006,espn,ncaafb,
2050,Ball State Cardinals,2007,espn,ncaafb,
2050,Ball State Cardinals,2008,espn,ncaafb,
2050,Ball State Cardinals,2009,espn,ncaafb,
2050,Ball State Cardinals,2010,espn,ncaafb,
2050,Ball State Cardinals,2011,espn,ncaafb,
2050,Ball State Cardinals,2012,espn,ncaafb,
2050,Ball State Cardinals,2013,espn,ncaafb,
2050,Ball State Cardinals,2014,espn,ncaafb,
2050,Ball State Cardinals,2015,espn,ncaafb,
2050,Ball State Cardinals,2016,espn,ncaafb,
2050,Ball State Cardinals,2017,espn,ncaafb,
2050,Ball State Cardinals,2018,espn,ncaafb,
2050,Ball State Cardinals,2019,espn,ncaafb,
2050,Ball State Cardinals,2020,espn,ncaafb,
2050,Ball State Cardinals,2021,espn,ncaafb,
2050,Ball State Cardinals,2022,espn,ncaafb,
2050,Ball State Cardinals,2023,espn,ncaafb,
2050,Ball State Cardinals,2024,espn,ncaafb,
2050,Ball State Cardinals,2025,espn,ncaafb,
2056,Belhaven Blazers,2005,espn,ncaafb,
2056,Belhaven College Blazers,2008,espn,ncaafb,
2056,Belhaven College Blazers,2009,espn,ncaafb,
2056,Belhaven College Blazers,2010,espn,ncaafb,
2056,Belhaven College Blazers,2011,espn,ncaafb,
2056,Belhaven College Blazers,2012,espn,ncaafb,
2056,Belhaven College Blazers,2013,espn,ncaafb,
2056,Belhaven College Blazers,2014,espn,ncaafb,
2056,Belhaven College Blazers,2015,espn,ncaafb,
2056,Belhaven College Blazers,2016,espn,ncaafb,
2056,Belhaven College Blazers,2017,espn,ncaafb,
2056,Belhaven College Blazers,2018,espn,ncaafb,
2056,Belhaven University Blazers,2019,espn,ncaafb,
2056,Belhaven University Blazers,2021,espn,ncaafb,
2056,Belhaven University Blazers,2022,espn,ncaafb,
2056,Belhaven University Blazers,2023,espn,ncaafb,
2056,Belhaven Blazers,2024,espn,ncaafb,
2056,Belhaven Blazers,2025,espn,ncaafb,
2060,Bentley Falcons,2007,espn,ncaafb,
2060,Bentley Falcons,2008,espn,ncaafb,
2060,Bentley Falcons,2009,espn,ncaafb,
2060,Bentley Falcons,2010,espn,ncaafb,
2060,Bentley Falcons,2011,espn,ncaafb,
2060,Bentley Falcons,2012,espn,ncaafb,
2060,Bentley Falcons,2013,espn,ncaafb,
2060,Bentley Falcons,2014,espn,ncaafb,
2060,Bentley Falcons,2015,espn,ncaafb,
2060,Bentley Falcons,2016,espn,ncaafb,
2060,Bentley Falcons,2017,espn,ncaafb,
2060,Bentley Falcons,2018,espn,ncaafb,
2060,Bentley Falcons,2019,espn,ncaafb,
2060,Bentley Falcons,2020,espn,ncaafb,
2060,Bentley Falcons,2021,espn,ncaafb,
2060,Bentley Falcons,2022,espn,ncaafb,
2060,Bentley Falcons,2023,espn,ncaafb,
2060,Bentley Falcons,2024,espn,ncaafb,
2060,Bentley Falcons,2025,espn,ncaafb,
2062,Bethany (WV) Bison,2007,espn,ncaafb,
2062,Bethany (WV) Bison,2008,espn,ncaafb,
2062,Bethany (WV) Bison,2009,espn,ncaafb,
2062,Bethany (WV) Bison,2010,espn,ncaafb,
2062,Bethany (WV) Bison,2011,espn,ncaafb,
2062,Bethany (WV) Bison,2012,espn,ncaafb,
2062,Bethany (WV) Bison,2013,espn,ncaafb,
2062,Bethany (WV) Bison,2014,espn,ncaafb,
2062,Bethany (WV) Bison,2015,espn,ncaafb,
2062,Bethany (WV) Bison,2016,espn,ncaafb,
2062,Bethany (WV) Bison,2017,espn,ncaafb,
2062,Bethany (WV) Bison,2018,espn,ncaafb,
2062,Bethany (WV) Bison,2019,espn,ncaafb,
2062,Bethany (WV) Bison,2021,espn,ncaafb,
2062,Bethany (WV) Bison,2022,espn,ncaafb,
2062,Bethany (WV) Bison,2023,espn,ncaafb,
2062,Bethany (WV) Bison,2024,espn,ncaafb,
2062,Bethany (WV) Bison,2025,espn,ncaafb,
2064,Bethel (TN) Wildcats,2003,espn,ncaafb,
2064,Bethel (TN) Wildcats,2004,espn,ncaafb,
2064,Bethel University Tennessee Wildcats,2007,espn,ncaafb,
2064,Bethel (TN) Wildcats,2008,espn,ncaafb,
2064,Bethel (TN) Wildcats,2009,espn,ncaafb,
2064,Bethel (TN) Wildcats,2010,espn,ncaafb,
2064,Bethel (TN) Wildcats,2011,espn,ncaafb,
2064,Bethel (TN) Wildcats,2015,espn,ncaafb,
2064,Bethel (TN) Wildcats,2019,espn,ncaafb,
2064,Bethel (TN) Wildcats,2021,espn,ncaafb,
2064,Bethel (TN) Wildcats,2024,espn,ncaafb,
2064,Bethel (TN) Wildcats,2025,espn,ncaafb,
2065,Bethune-Cookman Wildcats,2001,espn,ncaafb,
2065,Bethune-Cookman Wildcats,2002,espn,ncaafb,
2065,Bethune-Cookman Wildcats,2003,espn,ncaafb,
2065,Bethune-Cookman Wildcats,2004,espn,ncaafb,
2065,Bethune-Cookman Wildcats,2005,espn,ncaafb,
2065,Bethune-Cookman Wildcats,2006,espn,ncaafb,
2065,Bethune-Cookman Wildcats,2007,espn,ncaafb,
2065,Bethune-Cookman Wildcats,2008,espn,ncaafb,
2065,Bethune-Cookman Wildcats,2009,espn,ncaafb,
2065,Bethune-Cookman Wildcats,2010,espn,ncaafb,
2065,Bethune-Cookman Wildcats,2011,espn,ncaafb,
2065,Bethune-Cookman Wildcats,2012,espn,ncaafb,
2065,Bethune-Cookman Wildcats,2013,espn,ncaafb,
2065,Bethune-Cookman Wildcats,2014,espn,ncaafb,
2065,Bethune-Cookman Wildcats,2015,espn,ncaafb,
2065,Bethune-Cookman Wildcats,2016,espn,ncaafb,
2065,Bethune-Cookman Wildcats,2017,espn,ncaafb,
2065,Bethune-Cookman Wildcats,2018,espn,ncaafb,
2065,Bethune-Cookman Wildcats,2019,espn,ncaafb,
2065,Bethune-Cookman Wildcats,2020,espn,ncaafb,
2065,Bethune-Cookman Wildcats,2021,espn,ncaafb,
2065,Bethune-Cookman Wildcats,2022,espn,ncaafb,
2065,Bethune-Cookman Wildcats,2023,espn,ncaafb,
2065,Bethune-Cookman Wildcats,2024,espn,ncaafb,
2065,Bethune-Cookman Wildcats,2025,espn,ncaafb,
2069,Black Hills State Yellow Jackets,2007,espn,ncaafb,
2069,Black Hills State Yellow Jackets,2008,espn,ncaafb,
2069,Black Hills State Yellow Jackets,2009,espn,ncaafb,
2069,Black Hills State Yellow Jackets,2010,espn,ncaafb,
2069,Black Hills State Yellow Jackets,2011,espn,ncaafb,
2069,Black Hills State Yellow Jackets,2012,espn,ncaafb,
2069,Black Hills State Yellow Jackets,2013,espn,ncaafb,
2069,Black Hills State Yellow Jackets,2014,espn,ncaafb,
2069,Black Hills State Yellow Jackets,2015,espn,ncaafb,
2069,Black Hills State Yellow Jackets,2016,espn,ncaafb,
2069,Black Hills State Yellow Jackets,2017,espn,ncaafb,
2069,Black Hills State Yellow Jackets,2018,espn,ncaafb,
2069,Black Hills State Yellow Jackets,2019,espn,ncaafb,
2069,Black Hills State Yellow Jackets,2020,espn,ncaafb,
2069,Black Hills State Yellow Jackets,2021,espn,ncaafb,
2069,Black Hills State Yellow Jackets,2022,espn,ncaafb,
2069,Black Hills State Yellow Jackets,2023,espn,ncaafb,
2069,Black Hills State Yellow Jackets,2024,espn,ncaafb,
2069,Black Hills State Yellow Jackets,2025,espn,ncaafb,
2070,Blackburn Beavers,2007,espn,ncaafb,
2070,Blackburn Beavers,2008,espn,ncaafb,
2071,Bloomsburg Huskies,2006,espn,ncaafb,
2071,Bloomsburg Huskies,2007,espn,ncaafb,
2071,Bloomsburg Huskies,2008,espn,ncaafb,
2071,Bloomsburg Huskies,2009,espn,ncaafb,
2071,Bloomsburg Huskies,2010,espn,ncaafb,
2071,Bloomsburg Huskies,2011,espn,ncaafb,
2071,Bloomsburg Huskies,2012,espn,ncaafb,
2071,Bloomsburg Huskies,2013,espn,ncaafb,
2071,Bloomsburg Huskies,2014,espn,ncaafb,
2071,Bloomsburg Huskies,2015,espn,ncaafb,
2071,Bloomsburg Huskies,2016,espn,ncaafb,
2071,Bloomsburg Huskies,2017,espn,ncaafb,
2071,Bloomsburg Huskies,2018,espn,ncaafb,
2071,Bloomsburg Huskies,2019,espn,ncaafb,
2071,Bloomsburg Huskies,2020,espn,ncaafb,
2071,Bloomsburg Huskies,2021,espn,ncaafb,
2071,Bloomsburg Huskies,2022,espn,ncaafb,
2071,Bloomsburg Huskies,2023,espn,ncaafb,
2071,Bloomsburg Huskies,2024,espn,ncaafb,
2071,Bloomsburg Huskies,2025,espn,ncaafb,
2074,Bluffton Beavers,2007,espn,ncaafb,
2074,Bluffton Beavers,2008,espn,ncaafb,
2074,Bluffton Beavers,2009,espn,ncaafb,
2074,Bluffton Beavers,2010,espn,ncaafb,
2074,Bluffton Beavers,2011,espn,ncaafb,
2074,Bluffton Beavers,2012,espn,ncaafb,
2074,Bluffton Beavers,2013,espn,ncaafb,
2074,Bluffton Beavers,2014,espn,ncaafb,
2074,Bluffton Beavers,2015,espn,ncaafb,
2074,Bluffton Beavers,2016,espn,ncaafb,
2074,Bluffton Beavers,2017,espn,ncaafb,
2074,Bluffton Beavers,2018,espn,ncaafb,
2074,Bluffton Beavers,2019,espn,ncaafb,
2074,Bluffton Beavers,2020,espn,ncaafb,
2074,Bluffton Beavers,2021,espn,ncaafb,
2074,Bluffton Beavers,2022,espn,ncaafb,
2074,Bluffton Beavers,2023,espn,ncaafb,
2074,Bluffton Beavers,2024,espn,ncaafb,
2074,Bluffton Beavers,2025,espn,ncaafb,
2075,Bowie State Bulldogs,2002,espn,ncaafb,
2075,Bowie State Bulldogs,2004,espn,ncaafb,
2075,Bowie State Bulldogs,2005,espn,ncaafb,
2075,Bowie State Bulldogs,2006,espn,ncaafb,
2075,Bowie State Bulldogs,2007,espn,ncaafb,
2075,Bowie State Bulldogs,2008,espn,ncaafb,
2075,Bowie State Bulldogs,2009,espn,ncaafb,
2075,Bowie State Bulldogs,2010,espn,ncaafb,
2075,Bowie State Bulldogs,2011,espn,ncaafb,
2075,Bowie State Bulldogs,2012,espn,ncaafb,
2075,Bowie State Bulldogs,2013,espn,ncaafb,
2075,Bowie State Bulldogs,2014,espn,ncaafb,
2075,Bowie State Bulldogs,2015,espn,ncaafb,
2075,Bowie State Bulldogs,2016,espn,ncaafb,
2075,Bowie State Bulldogs,2017,espn,ncaafb,
2075,Bowie State Bulldogs,2018,espn,ncaafb,
2075,Bowie State Bulldogs,2019,espn,ncaafb,
2075,Bowie State Bulldogs,2020,espn,ncaafb,
2075,Bowie State Bulldogs,2021,espn,ncaafb,
2075,Bowie State Bulldogs,2022,espn,ncaafb,
2075,Bowie State Bulldogs,2023,espn,ncaafb,
2075,Bowie State Bulldogs,2024,espn,ncaafb,
2075,Bowie State Bulldogs,2025,espn,ncaafb,
2079,Bridgewater (VA) Eagles,2007,espn,ncaafb,
2079,Bridgewater (VA) Eagles,2008,espn,ncaafb,
2079,Bridgewater (VA) Eagles,2009,espn,ncaafb,
2079,Bridgewater (VA) Eagles,2010,espn,ncaafb,
2079,Bridgewater (VA) Eagles,2011,espn,ncaafb,
2079,Bridgewater (VA) Eagles,2012,espn,ncaafb,
2079,Bridgewater (VA) Eagles,2013,espn,ncaafb,
2079,Bridgewater (VA) Eagles,2014,espn,ncaafb,
2079,Bridgewater (VA) Eagles,2015,espn,ncaafb,
2079,Bridgewater (VA) Eagles,2016,espn,ncaafb,
2079,Bridgewater (VA) Eagles,2017,espn,ncaafb,
2079,Bridgewater (VA) Eagles,2018,espn,ncaafb,
2079,Bridgewater College (VA) Eagles,2019,espn,ncaafb,
2079,Bridgewater College (VA) Eagles,2020,espn,ncaafb,
2079,Bridgewater College (VA) Eagles,2021,espn,ncaafb,
2079,Bridgewater College (VA) Eagles,2022,espn,ncaafb,
2079,Bridgewater College (VA) Eagles,2023,espn,ncaafb,
2079,Bridgewater (VA) Eagles,2024,espn,ncaafb,
2079,Bridgewater (VA) Eagles,2025,espn,ncaafb,
2080,Brit Columbia Thunderbirds,2010,espn,ncaafb,
2083,Bucknell Bison,2001,espn,ncaafb,
2083,Bucknell Bison,2002,espn,ncaafb,
2083,Bucknell Bison,2003,espn,ncaafb,
2083,Bucknell Bison,2004,espn,ncaafb,
2083,Bucknell Bison,2005,espn,ncaafb,
2083,Bucknell Bison,2006,espn,ncaafb,
2083,Bucknell Bison,2007,espn,ncaafb,
2083,Bucknell Bison,2008,espn,ncaafb,
2083,Bucknell Bison,2009,espn,ncaafb,
2083,Bucknell Bison,2010,espn,ncaafb,
2083,Bucknell Bison,2011,espn,ncaafb,
2083,Bucknell Bison,2012,espn,ncaafb,
2083,Bucknell Bison,2013,espn,ncaafb,
2083,Bucknell Bison,2014,espn,ncaafb,
2083,Bucknell Bison,2015,espn,ncaafb,
2083,Bucknell Bison,2016,espn,ncaafb,
2083,Bucknell Bison,2017,espn,ncaafb,
2083,Bucknell Bison,2018,espn,ncaafb,
2083,Bucknell Bison,2019,espn,ncaafb,
2083,Bucknell Bison,2020,espn,ncaafb,
2083,Bucknell Bison,2021,espn,ncaafb,
2083,Bucknell Bison,2022,espn,ncaafb,
2083,Bucknell Bison,2023,espn,ncaafb,
2083,Bucknell Bison,2024,espn,ncaafb,
2083,Bucknell Bison,2025,espn,ncaafb,
2084,Buffalo Bulls,2001,espn,ncaafb,
2084,Buffalo Bulls,2002,espn,ncaafb,
2084,Buffalo Bulls,2003,espn,ncaafb,
2084,Buffalo Bulls,2004,espn,ncaafb,
2084,Buffalo Bulls,2005,espn,ncaafb,
2084,Buffalo Bulls,2006,espn,ncaafb,
2084,Buffalo Bulls,2007,espn,ncaafb,
2084,Buffalo Bulls,2008,espn,ncaafb,
2084,Buffalo Bulls,2009,espn,ncaafb,
2084,Buffalo Bulls,2010,espn,ncaafb,
2084,Buffalo Bulls,2011,espn,ncaafb,
2084,Buffalo Bulls,2012,espn,ncaafb,
2084,Buffalo Bulls,2013,espn,ncaafb,
2084,Buffalo Bulls,2014,espn,ncaafb,
2084,Buffalo Bulls,2015,espn,ncaafb,
2084,Buffalo Bulls,2016,espn,ncaafb,
2084,Buffalo Bulls,2017,espn,ncaafb,
2084,Buffalo Bulls,2018,espn,ncaafb,
2084,Buffalo Bulls,2019,espn,ncaafb,
2084,Buffalo Bulls,2020,espn,ncaafb,
2084,Buffalo Bulls,2021,espn,ncaafb,
2084,Buffalo Bulls,2022,espn,ncaafb,
2084,Buffalo Bulls,2023,espn,ncaafb,
2084,Buffalo Bulls,2024,espn,ncaafb,
2084,Buffalo Bulls,2025,espn,ncaafb,
2085,Buffalo State Bengals,2001,espn,ncaafb,
2085,Buffalo State Bengals,2002,espn,ncaafb,
2085,Buffalo State Bengals,2003,espn,ncaafb,
2085,Buffalo State Bengals,2004,espn,ncaafb,
2085,Buffalo State Bengals,2007,espn,ncaafb,
2085,Buffalo State Bengals,2008,espn,ncaafb,
2085,Buffalo State Bengals,2009,espn,ncaafb,
2085,Buffalo State Bengals,2010,espn,ncaafb,
2085,Buffalo State Bengals,2011,espn,ncaafb,
2085,Buffalo State Bengals,2012,espn,ncaafb,
2085,Buffalo State Bengals,2013,espn,ncaafb,
2085,Buffalo State Bengals,2014,espn,ncaafb,
2085,Buffalo State Bengals,2015,espn,ncaafb,
2085,Buffalo State Bengals,2016,espn,ncaafb,
2085,Buffalo State Bengals,2017,espn,ncaafb,
2085,Buffalo State Bengals,2018,espn,ncaafb,
2085,Buffalo State Bengals,2019,espn,ncaafb,
2085,Buffalo State Bengals,2021,espn,ncaafb,
2085,Buffalo State Bengals,2022,espn,ncaafb,
2085,Buffalo State Bengals,2023,espn,ncaafb,
2085,Buffalo State Bengals,2024,espn,ncaafb,
2085,Buffalo State Bengals,2025,espn,ncaafb,
2086,Butler Bulldogs,2001,espn,ncaafb,
2086,Butler Bulldogs,2002,espn,ncaafb,
2086,Butler Bulldogs,2003,espn,ncaafb,
2086,Butler Bulldogs,2004,espn,ncaafb,
2086,Butler Bulldogs,2005,espn,ncaafb,
2086,Butler Bulldogs,2006,espn,ncaafb,
2086,Butler Bulldogs,2007,espn,ncaafb,
2086,Butler Bulldogs,2008,espn,ncaafb,
2086,Butler Bulldogs,2009,espn,ncaafb,
2086,Butler Bulldogs,2010,espn,ncaafb,
2086,Butler Bulldogs,2011,espn,ncaafb,
2086,Butler Bulldogs,2012,espn,ncaafb,
2086,Butler Bulldogs,2013,espn,ncaafb,
2086,Butler Bulldogs,2014,espn,ncaafb,
2086,Butler Bulldogs,2015,espn,ncaafb,
2086,Butler Bulldogs,2016,espn,ncaafb,
2086,Butler Bulldogs,2017,espn,ncaafb,
2086,Butler Bulldogs,2018,espn,ncaafb,
2086,Butler Bulldogs,2019,espn,ncaafb,
2086,Butler Bulldogs,2021,espn,ncaafb,
2086,Butler Bulldogs,2022,espn,ncaafb,
2086,Butler Bulldogs,2023,espn,ncaafb,
2086,Butler Bulldogs,2024,espn,ncaafb,
2086,Butler Bulldogs,2025,espn,ncaafb,
2089,LIU Post Pioneers,2001,espn,ncaafb,
2089,LIU Post Pioneers,2003,espn,ncaafb,
2089,LIU Post Pioneers,2007,espn,ncaafb,
2089,LIU Post Pioneers,2008,espn,ncaafb,
2089,LIU Post Pioneers,2009,espn,ncaafb,
2089,LIU Post Pioneers,2010,espn,ncaafb,
2089,LIU Post Pioneers,2011,espn,ncaafb,
2089,LIU Post Pioneers,2012,espn,ncaafb,
2089,LIU Post Pioneers,2013,espn,ncaafb,
2089,LIU Post Pioneers,2014,espn,ncaafb,
2089,LIU Post Pioneers,2015,espn,ncaafb,
2089,LIU Post Pioneers,2016,espn,ncaafb,
2089,LIU Post Pioneers,2017,espn,ncaafb,
2089,LIU Post Pioneers,2018,espn,ncaafb,
2094,Cal Lutheran Kingsmen,2007,espn,ncaafb,
2094,Cal Lutheran Kingsmen,2008,espn,ncaafb,
2094,Cal Lutheran Kingsmen,2009,espn,ncaafb,
2094,Cal Lutheran Kingsmen,2010,espn,ncaafb,
2094,Cal Lutheran Kingsmen,2011,espn,ncaafb,
2094,Cal Lutheran Kingsmen,2012,espn,ncaafb,
2094,Cal Lutheran Kingsmen,2013,espn,ncaafb,
2094,Cal Lutheran Kingsmen,2014,espn,ncaafb,
2094,Cal Lutheran Kingsmen,2015,espn,ncaafb,
2094,Cal Lutheran Kingsmen,2016,espn,ncaafb,
2094,Cal Lutheran Kingsmen,2017,espn,ncaafb,
2094,California Lutheran Kingsmen,2018,espn,ncaafb,
2094,California Lutheran Kingsmen,2019,espn,ncaafb,
2094,California Lutheran Kingsmen,2021,espn,ncaafb,
2094,California Lutheran Kingsmen,2022,espn,ncaafb,
2094,California Lutheran Kingsmen,2023,espn,ncaafb,
2094,California Lutheran Kingsmen,2024,espn,ncaafb,
2094,California Lutheran Kingsmen,2025,espn,ncaafb,
2097,Campbell Camels,2008,espn,ncaafb,
2097,Campbell Camels,2009,espn,ncaafb,
2097,Campbell Camels,2010,espn,ncaafb,
2097,Campbell Camels,2011,espn,ncaafb,
2097,Campbell Camels,2012,espn,ncaafb,
2097,Campbell Camels,2013,espn,ncaafb,
2097,Campbell Camels,2014,espn,ncaafb,
2097,Campbell Camels,2015,espn,ncaafb,
2097,Campbell Camels,2016,espn,ncaafb,
2097,Campbell Camels,2017,espn,ncaafb,
2097,Campbell Fighting Camels,2018,espn,ncaafb,
2097,Campbell Fighting Camels,2019,espn,ncaafb,
2097,Campbell Fighting Camels,2020,espn,ncaafb,
2097,Campbell Fighting Camels,2021,espn,ncaafb,
2097,Campbell Fighting Camels,2022,espn,ncaafb,
2097,Campbell Fighting Camels,2023,espn,ncaafb,
2097,Campbell Fighting Camels,2024,espn,ncaafb,
2097,Campbell Fighting Camels,2025,espn,ncaafb,
2098,Campbellsville Tigers,2001,espn,ncaafb,
2098,Campbellsville Tigers,2002,espn,ncaafb,
2098,Campbellsville Tigers,2003,espn,ncaafb,
2098,Campbellsville Tigers,2004,espn,ncaafb,
2098,Campbellsville University Tigers,2009,espn,ncaafb,
2098,Campbellsville University Tigers,2010,espn,ncaafb,
2098,Campbellsville University Tigers,2011,espn,ncaafb,
2098,Campbellsville University Tigers,2013,espn,ncaafb,
2098,Campbellsville Tigers,2024,espn,ncaafb,
2099,Canisius Golden Griffins,2001,espn,ncaafb,
2099,Canisius Golden Griffins,2002,espn,ncaafb,
2101,Carleton Knights,2007,espn,ncaafb,
2101,Carleton Knights,2008,espn,ncaafb,
2101,Carleton Knights,2009,espn,ncaafb,
2101,Carleton Knights,2010,espn,ncaafb,
2101,Carleton Knights,2011,espn,ncaafb,
2101,Carleton Knights,2012,espn,ncaafb,
2101,Carleton Knights,2013,espn,ncaafb,
2101,Carleton Knights,2014,espn,ncaafb,
2101,Carleton Knights,2015,espn,ncaafb,
2101,Carleton Knights,2016,espn,ncaafb,
2101,Carleton Knights,2017,espn,ncaafb,
2101,Carleton College Knights,2018,espn,ncaafb,
2101,Carleton College Knights,2019,espn,ncaafb,
2101,Carleton College Knights,2021,espn,ncaafb,
2101,Carleton College Knights,2022,espn,ncaafb,
2101,Carleton College Knights,2023,espn,ncaafb,
2101,Carleton College Knights,2024,espn,ncaafb,
2101,Carleton College Knights,2025,espn,ncaafb,
2102,Carnegie Mellon Tartans,2007,espn,ncaafb,
2102,Carnegie Mellon Tartans,2008,espn,ncaafb,
2102,Carnegie Mellon Tartans,2009,espn,ncaafb,
2102,Carnegie Mellon Tartans,2010,espn,ncaafb,
2102,Carnegie Mellon Tartans,2011,espn,ncaafb,
2102,Carnegie Mellon Tartans,2012,espn,ncaafb,
2102,Carnegie Mellon Tartans,2013,espn,ncaafb,
2102,Carnegie Mellon Tartans,2014,espn,ncaafb,
2102,Carnegie Mellon Tartans,2015,espn,ncaafb,
2102,Carnegie Mellon Tartans,2016,espn,ncaafb,
2102,Carnegie Mellon Tartans,2017,espn,ncaafb,
2102,Carnegie Mellon Tartans,2018,espn,ncaafb,
2102,Carnegie Mellon Tartans,2019,espn,ncaafb,
2102,Carnegie Mellon Tartans,2021,espn,ncaafb,
2102,Carnegie Mellon Tartans,2022,espn,ncaafb,
2102,Carnegie Mellon Tartans,2023,espn,ncaafb,
2102,Carnegie Mellon Tartans,2024,espn,ncaafb,
2102,Carnegie Mellon Tartans,2025,espn,ncaafb,
2104,Carroll College (MT) Fighting Saints,2012,espn,ncaafb,
2104,Carroll College (MT) Fighting Saints,2018,espn,ncaafb,
2105,Carson-Newman Eagles,2003,espn,ncaafb,
2105,Carson-Newman Eagles,2004,espn,ncaafb,
2105,Carson-Newman Eagles,2006,espn,ncaafb,
2105,Carson-Newman Eagles,2007,espn,ncaafb,
2105,Carson-Newman Eagles,2008,espn,ncaafb,
2105,Carson-Newman Eagles,2009,espn,ncaafb,
2105,Carson-Newman Eagles,2010,espn,ncaafb,
2105,Carson-Newman Eagles,2011,espn,ncaafb,
2105,Carson-Newman Eagles,2012,espn,ncaafb,
2105,Carson-Newman Eagles,2013,espn,ncaafb,
2105,Carson-Newman Eagles,2014,espn,ncaafb,
2105,Carson-Newman Eagles,2015,espn,ncaafb,
2105,Carson-Newman Eagles,2016,espn,ncaafb,
2105,Carson-Newman Eagles,2017,espn,ncaafb,
2105,Carson-Newman Eagles,2018,espn,ncaafb,
2105,Carson-Newman Eagles,2019,espn,ncaafb,
2105,Carson-Newman Eagles,2021,espn,ncaafb,
2105,Carson-Newman Eagles,2022,espn,ncaafb,
2105,Carson-Newman Eagles,2023,espn,ncaafb,
2105,Carson-Newman Eagles,2024,espn,ncaafb,
2105,Carson-Newman Eagles,2025,espn,ncaafb,
2106,Carthage Redmen,2007,espn,ncaafb,
2106,Carthage Redmen,2008,espn,ncaafb,
2106,Carthage Redmen,2009,espn,ncaafb,
2106,Carthage Redmen,2010,espn,ncaafb,
2106,Carthage Redmen,2011,espn,ncaafb,
2106,Carthage Redmen,2012,espn,ncaafb,
2106,Carthage Redmen,2013,espn,ncaafb,
2106,Carthage Redmen,2014,espn,ncaafb,
2106,Carthage Redmen,2015,espn,ncaafb,
2106,Carthage Redmen,2016,espn,ncaafb,
2106,Carthage Redmen,2017,espn,ncaafb,
2106,Carthage College Redmen,2018,espn,ncaafb,
2106,Carthage College Red Men,2019,espn,ncaafb,
2106,Carthage College Firebirds,2020,espn,ncaafb,
2106,Carthage College Firebirds,2021,espn,ncaafb,
2106,Carthage College Firebirds,2022,espn,ncaafb,
2106,Carthage Redmen,2023,espn,ncaafb,
2106,Carthage Firebirds,2024,espn,ncaafb,
2106,Carthage Firebirds,2025,espn,ncaafb,
2107,Catawba Indians,2001,espn,ncaafb,
2107,Catawba Indians,2003,espn,ncaafb,
2107,Catawba Indians,2006,espn,ncaafb,
2107,Catawba Indians,2007,espn,ncaafb,
2107,Catawba Indians,2008,espn,ncaafb,
2107,Catawba Indians,2009,espn,ncaafb,
2107,Catawba Indians,2010,espn,ncaafb,
2107,Catawba Indians,2011,espn,ncaafb,
2107,Catawba Indians,2012,espn,ncaafb,
2107,Catawba Indians,2013,espn,ncaafb,
2107,Catawba Indians,2014,espn,ncaafb,
2107,Catawba Indians,2015,espn,ncaafb,
2107,Catawba Indians,2016,espn,ncaafb,
2107,Catawba Indians,2017,espn,ncaafb,
2107,Catawba Indians,2018,espn,ncaafb,
2107,Catawba Indians,2019,espn,ncaafb,
2107,Catawba Indians,2021,espn,ncaafb,
2107,Catawba Indians,2022,espn,ncaafb,
2107,Catawba Indians,2023,espn,ncaafb,
2107,Catawba Indians,2024,espn,ncaafb,
2107,Catawba Indians,2025,espn,ncaafb,
2108,Catholic University Cardinals,2001,espn,ncaafb,
2108,Catholic University Cardinals,2002,espn,ncaafb,
2108,Catholic University Cardinals,2003,espn,ncaafb,
2108,Catholic University Cardinals,2004,espn,ncaafb,
2108,Catholic Cardinals,2005,espn,ncaafb,
2108,Catholic University Cardinals,2006,espn,ncaafb,
2108,Catholic University Cardinals,2007,espn,ncaafb,
2108,Catholic University Cardinals,2008,espn,ncaafb,
2108,Catholic University Cardinals,2009,espn,ncaafb,
2108,Catholic University Cardinals,2010,espn,ncaafb,
2108,Catholic University Cardinals,2011,espn,ncaafb,
2108,Catholic University Cardinals,2012,espn,ncaafb,
2108,Catholic University Cardinals,2013,espn,ncaafb,
2108,Catholic University Cardinals,2014,espn,ncaafb,
2108,Catholic University Cardinals,2015,espn,ncaafb,
2108,Catholic University Cardinals,2016,espn,ncaafb,
2108,Catholic University Cardinals,2017,espn,ncaafb,
2108,Catholic University Cardinals,2018,espn,ncaafb,
2108,Catholic University Cardinals,2019,espn,ncaafb,
2108,Catholic University Cardinals,2020,espn,ncaafb,
2108,Catholic University Cardinals,2021,espn,ncaafb,
2108,Catholic University Cardinals,2022,espn,ncaafb,
2108,Catholic University Cardinals,2023,espn,ncaafb,
2108,Catholic Cardinals,2024,espn,ncaafb,
2108,Catholic Cardinals,2025,espn,ncaafb,
2110,Central Arkansas Bears,2003,espn,ncaafb,
2110,Central Arkansas Bears,2006,espn,ncaafb,
2110,Central Arkansas Bears,2007,espn,ncaafb,
2110,Central Arkansas Bears,2008,espn,ncaafb,
2110,Central Arkansas Bears,2009,espn,ncaafb,
2110,Central Arkansas Bears,2010,espn,ncaafb,
2110,Central Arkansas Bears,2011,espn,ncaafb,
2110,Central Arkansas Bears,2012,espn,ncaafb,
2110,Central Arkansas Bears,2013,espn,ncaafb,
2110,Central Arkansas Bears,2014,espn,ncaafb,
2110,Central Arkansas Bears,2015,espn,ncaafb,
2110,Central Arkansas Bears,2016,espn,ncaafb,
2110,Central Arkansas Bears,2017,espn,ncaafb,
2110,Central Arkansas Bears,2018,espn,ncaafb,
2110,Central Arkansas Bears,2019,espn,ncaafb,
2110,Central Arkansas Bears,2020,espn,ncaafb,
2110,Central Arkansas Bears,2021,espn,ncaafb,
2110,Central Arkansas Bears,2022,espn,ncaafb,
2110,Central Arkansas Bears,2023,espn,ncaafb,
2110,Central Arkansas Bears,2024,espn,ncaafb,
2110,Central Arkansas Bears,2025,espn,ncaafb,
2115,Central Connecticut State Blue Devils,2001,espn,ncaafb,
2115,Central Connecticut Blue Devils,2002,espn,ncaafb,
2115,Central Connecticut Blue Devils,2003,espn,ncaafb,
2115,Central Connecticut Blue Devils,2004,espn,ncaafb,
2115,Central Connecticut Blue Devils,2005,espn,ncaafb,
2115,Central Connecticut Blue Devils,2006,espn,ncaafb,
2115,Central Connecticut Blue Devils,2007,espn,ncaafb,
2115,Central Connecticut Blue Devils,2008,espn,ncaafb,
2115,Central Connecticut Blue Devils,2009,espn,ncaafb,
2115,Central Connecticut Blue Devils,2010,espn,ncaafb,
2115,Central Connecticut Blue Devils,2011,espn,ncaafb,
2115,Central Connecticut Blue Devils,2012,espn,ncaafb,
2115,Central Connecticut Blue Devils,2013,espn,ncaafb,
2115,Central Connecticut Blue Devils,2014,espn,ncaafb,
2115,Central Connecticut Blue Devils,2015,espn,ncaafb,
2115,Central Connecticut Blue Devils,2016,espn,ncaafb,
2115,Central Connecticut Blue Devils,2017,espn,ncaafb,
2115,Central Connecticut Blue Devils,2018,espn,ncaafb,
2115,Central Connecticut Blue Devils,2019,espn,ncaafb,
2115,Central Connecticut Blue Devils,2020,espn,ncaafb,
2115,Central Connecticut Blue Devils,2021,espn,ncaafb,
2115,Central Connecticut Blue Devils,2022,espn,ncaafb,
2115,Central Connecticut Blue Devils,2023,espn,ncaafb,
2115,Central Connecticut Blue Devils,2024,espn,ncaafb,
2115,Central Connecticut Blue Devils,2025,espn,ncaafb,
2116,UCF Knights,2001,espn,ncaafb,
2116,UCF Knights,2002,espn,ncaafb,
2116,UCF Knights,2003,espn,ncaafb,
2116,UCF Knights,2004,espn,ncaafb,
2116,UCF Knights,2005,espn,ncaafb,
2116,UCF Knights,2006,espn,ncaafb,
2116,UCF Knights,2007,espn,ncaafb,
2116,UCF Knights,2008,espn,ncaafb,
2116,UCF Knights,2009,espn,ncaafb,
2116,UCF Knights,2010,espn,ncaafb,
2116,UCF Knights,2011,espn,ncaafb,
2116,UCF Knights,2012,espn,ncaafb,
2116,UCF Knights,2013,espn,ncaafb,
2116,UCF Knights,2014,espn,ncaafb,
2116,UCF Knights,2015,espn,ncaafb,
2116,UCF Knights,2016,espn,ncaafb,
2116,UCF Knights,2017,espn,ncaafb,
2116,UCF Knights,2018,espn,ncaafb,
2116,UCF Knights,2019,espn,ncaafb,
2116,UCF Knights,2020,espn,ncaafb,
2116,UCF Knights,2021,espn,ncaafb,
2116,UCF Knights,2022,espn,ncaafb,
2116,UCF Knights,2023,espn,ncaafb,
2116,UCF Knights,2024,espn,ncaafb,
2116,UCF Knights,2025,espn,ncaafb,
2117,Central Michigan Chippewas,2001,espn,ncaafb,
2117,Central Michigan Chippewas,2002,espn,ncaafb,
2117,Central Michigan Chippewas,2003,espn,ncaafb,
2117,Central Michigan Chippewas,2004,espn,ncaafb,
2117,Central Michigan Chippewas,2005,espn,ncaafb,
2117,Central Michigan Chippewas,2006,espn,ncaafb,
2117,Central Michigan Chippewas,2007,espn,ncaafb,
2117,Central Michigan Chippewas,2008,espn,ncaafb,
2117,Central Michigan Chippewas,2009,espn,ncaafb,
2117,Central Michigan Chippewas,2010,espn,ncaafb,
2117,Central Michigan Chippewas,2011,espn,ncaafb,
2117,Central Michigan Chippewas,2012,espn,ncaafb,
2117,Central Michigan Chippewas,2013,espn,ncaafb,
2117,Central Michigan Chippewas,2014,espn,ncaafb,
2117,Central Michigan Chippewas,2015,espn,ncaafb,
2117,Central Michigan Chippewas,2016,espn,ncaafb,
2117,Central Michigan Chippewas,2017,espn,ncaafb,
2117,Central Michigan Chippewas,2018,espn,ncaafb,
2117,Central Michigan Chippewas,2019,espn,ncaafb,
2117,Central Michigan Chippewas,2020,espn,ncaafb,
2117,Central Michigan Chippewas,2021,espn,ncaafb,
2117,Central Michigan Chippewas,2022,espn,ncaafb,
2117,Central Michigan Chippewas,2023,espn,ncaafb,
2117,Central Michigan Chippewas,2024,espn,ncaafb,
2117,Central Michigan Chippewas,2025,espn,ncaafb,
2118,Central Missouri State Mules,2007,espn,ncaafb,
2118,Central Missouri State Mules,2008,espn,ncaafb,
2118,Central Missouri State Mules,2009,espn,ncaafb,
2118,Central Missouri State Mules,2010,espn,ncaafb,
2118,Central Missouri State Mules,2011,espn,ncaafb,
2118,Central Missouri State Mules,2012,espn,ncaafb,
2118,Central Missouri State Mules,2013,espn,ncaafb,
2118,Central Missouri State Mules,2014,espn,ncaafb,
2118,Central Missouri State Mules,2015,espn,ncaafb,
2118,Central Missouri State Mules,2016,espn,ncaafb,
2118,Central Missouri State Mules,2017,espn,ncaafb,
2118,Central Missouri State Mules,2018,espn,ncaafb,
2118,Central Missouri Mules,2019,espn,ncaafb,
2118,Central Missouri Mules,2021,espn,ncaafb,
2118,Central Missouri Mules,2022,espn,ncaafb,
2118,Central Missouri Mules,2023,espn,ncaafb,
2118,Central Missouri Mules,2024,espn,ncaafb,
2118,Central Missouri Mules,2025,espn,ncaafb,
2119,Central State Marauders,2005,espn,ncaafb,
2119,Central State Marauders,2006,espn,ncaafb,
2119,Central State Marauders,2007,espn,ncaafb,
2119,Central State Marauders,2008,espn,ncaafb,
2119,Central State Marauders,2009,espn,ncaafb,
2119,Central State Marauders,2010,espn,ncaafb,
2119,Central State Marauders,2011,espn,ncaafb,
2119,Central State Marauders,2012,espn,ncaafb,
2119,Central State Marauders,2013,espn,ncaafb,
2119,Central State Marauders,2014,espn,ncaafb,
2119,Central State Marauders,2015,espn,ncaafb,
2119,Central State Marauders,2016,espn,ncaafb,
2119,Central State Marauders,2017,espn,ncaafb,
2119,Central State (OH) Marauders,2018,espn,ncaafb,
2119,Central State (OH) Marauders,2019,espn,ncaafb,
2119,Central State (OH) Marauders,2020,espn,ncaafb,
2119,Central State (OH) Marauders,2021,espn,ncaafb,
2119,Central State (OH) Marauders,2022,espn,ncaafb,
2119,Central State (OH) Marauders,2023,espn,ncaafb,
2119,Central State (OH) Marauders,2024,espn,ncaafb,
2119,Central State (OH) Marauders,2025,espn,ncaafb,
2120,Central Washington Wildcats,2001,espn,ncaafb,
2120,Central Washington Wildcats,2002,espn,ncaafb,
2120,Central Washington Wildcats,2003,espn,ncaafb,
2120,Central Washington Wildcats,2004,espn,ncaafb,
2120,Central Washington Wildcats,2006,espn,ncaafb,
2120,Central Washington Wildcats,2007,espn,ncaafb,
2120,Central Washington Wildcats,2008,espn,ncaafb,
2120,Central Washington Wildcats,2009,espn,ncaafb,
2120,Central Washington Wildcats,2010,espn,ncaafb,
2120,Central Washington Wildcats,2011,espn,ncaafb,
2120,Central Washington Wildcats,2012,espn,ncaafb,
2120,Central Washington Wildcats,2013,espn,ncaafb,
2120,Central Washington Wildcats,2014,espn,ncaafb,
2120,Central Washington Wildcats,2015,espn,ncaafb,
2120,Central Washington Wildcats,2016,espn,ncaafb,
2120,Central Washington Wildcats,2017,espn,ncaafb,
2120,Central Washington Wildcats,2018,espn,ncaafb,
2120,Central Washington Wildcats,2019,espn,ncaafb,
2120,Central Washington Wildcats,2021,espn,ncaafb,
2120,Central Washington Wildcats,2022,espn,ncaafb,
2120,Central Washington Wildcats,2023,espn,ncaafb,
2120,Central Washington Wildcats,2024,espn,ncaafb,
2120,Central Washington Wildcats,2025,espn,ncaafb,
2121,Centre Colonels,2001,espn,ncaafb,
2121,Centre Colonels,2002,espn,ncaafb,
2121,Centre Colonels,2007,espn,ncaafb,
2121,Centre Colonels,2008,espn,ncaafb,
2121,Centre Colonels,2009,espn,ncaafb,
2121,Centre Colonels,2010,espn,ncaafb,
2121,Centre Colonels,2011,espn,ncaafb,
2121,Centre Colonels,2012,espn,ncaafb,
2121,Centre Colonels,2013,espn,ncaafb,
2121,Centre Colonels,2014,espn,ncaafb,
2121,Centre Colonels,2015,espn,ncaafb,
2121,Centre Colonels,2016,espn,ncaafb,
2121,Centre Colonels,2017,espn,ncaafb,
2121,Centre College Colonels,2018,espn,ncaafb,
2121,Centre College Colonels,2019,espn,ncaafb,
2121,Centre College Colonels,2020,espn,ncaafb,
2121,Centre College Colonels,2021,espn,ncaafb,
2121,Centre College Colonels,2022,espn,ncaafb,
2121,Centre College Colonels,2023,espn,ncaafb,
2121,Centre College Colonels,2024,espn,ncaafb,
2121,Centre College Colonels,2025,espn,ncaafb,
2122,Central Oklahoma Bronchos,2007,espn,ncaafb,
2122,Central Oklahoma Bronchos,2008,espn,ncaafb,
2122,Central Oklahoma Bronchos,2009,espn,ncaafb,
2122,Central Oklahoma Bronchos,2010,espn,ncaafb,
2122,Central Oklahoma Bronchos,2011,espn,ncaafb,
2122,Central Oklahoma Bronchos,2012,espn,ncaafb,
2122,Central Oklahoma Bronchos,2013,espn,ncaafb,
2122,Central Oklahoma Bronchos,2014,espn,ncaafb,
2122,Central Oklahoma Bronchos,2015,espn,ncaafb,
2122,Central Oklahoma Bronchos,2016,espn,ncaafb,
2122,Central Oklahoma Bronchos,2017,espn,ncaafb,
2122,Central Oklahoma Bronchos,2018,espn,ncaafb,
2122,Central Oklahoma Bronchos,2019,espn,ncaafb,
2122,Central Oklahoma Bronchos,2021,espn,ncaafb,
2122,Central Oklahoma Bronchos,2022,espn,ncaafb,
2122,Central Oklahoma Bronchos,2023,espn,ncaafb,
2122,Central Oklahoma Bronchos,2024,espn,ncaafb,
2122,Central Oklahoma Bronchos,2025,espn,ncaafb,
2123,Chadron State Eagles,2006,espn,ncaafb,
2123,Chadron State Eagles,2007,espn,ncaafb,
2123,Chadron State Eagles,2008,espn,ncaafb,
2123,Chadron State Eagles,2009,espn,ncaafb,
2123,Chadron State Eagles,2010,espn,ncaafb,
2123,Chadron State Eagles,2011,espn,ncaafb,
2123,Chadron State Eagles,2012,espn,ncaafb,
2123,Chadron State Eagles,2013,espn,ncaafb,
2123,Chadron State Eagles,2014,espn,ncaafb,
2123,Chadron State Eagles,2015,espn,ncaafb,
2123,Chadron State Eagles,2016,espn,ncaafb,
2123,Chadron State Eagles,2017,espn,ncaafb,
2123,Chadron State Eagles,2018,espn,ncaafb,
2123,Chadron State Eagles,2019,espn,ncaafb,
2123,Chadron State Eagles,2020,espn,ncaafb,
2123,Chadron State Eagles,2021,espn,ncaafb,
2123,Chadron State Eagles,2022,espn,ncaafb,
2123,Chadron State Eagles,2023,espn,ncaafb,
2123,Chadron State Eagles,2024,espn,ncaafb,
2123,Chadron State Eagles,2025,espn,ncaafb,
2127,Charleston Southern Buccaneers,2001,espn,ncaafb,
2127,Charleston Southern Buccaneers,2002,espn,ncaafb,
2127,Charleston Southern Buccaneers,2003,espn,ncaafb,
2127,Charleston Southern Buccaneers,2004,espn,ncaafb,
2127,Charleston Southern Buccaneers,2005,espn,ncaafb,
2127,Charleston Southern Buccaneers,2006,espn,ncaafb,
2127,Charleston Southern Buccaneers,2007,espn,ncaafb,
2127,Charleston Southern Buccaneers,2008,espn,ncaafb,
2127,Charleston Southern Buccaneers,2009,espn,ncaafb,
2127,Charleston Southern Buccaneers,2010,espn,ncaafb,
2127,Charleston Southern Buccaneers,2011,espn,ncaafb,
2127,Charleston Southern Buccaneers,2012,espn,ncaafb,
2127,Charleston Southern Buccaneers,2013,espn,ncaafb,
2127,Charleston Southern Buccaneers,2014,espn,ncaafb,
2127,Charleston Southern Buccaneers,2015,espn,ncaafb,
2127,Charleston Southern Buccaneers,2016,espn,ncaafb,
2127,Charleston Southern Buccaneers,2017,espn,ncaafb,
2127,Charleston Southern Buccaneers,2018,espn,ncaafb,
2127,Charleston Southern Buccaneers,2019,espn,ncaafb,
2127,Charleston Southern Buccaneers,2021,espn,ncaafb,
2127,Charleston Southern Buccaneers,2022,espn,ncaafb,
2127,Charleston Southern Buccaneers,2023,espn,ncaafb,
2127,Charleston Southern Buccaneers,2024,espn,ncaafb,
2127,Charleston Southern Buccaneers,2025,espn,ncaafb,
2128,Charleston (WV) Golden Eagles,2003,espn,ncaafb,
2128,Charleston (WV) Golden Eagles,2004,espn,ncaafb,
2128,Charleston (WV) Golden Eagles,2005,espn,ncaafb,
2128,Charleston (WV) Golden Eagles,2006,espn,ncaafb,
2128,Charleston (WV) Golden Eagles,2007,espn,ncaafb,
2128,Charleston (WV) Golden Eagles,2008,espn,ncaafb,
2128,Charleston (WV) Golden Eagles,2009,espn,ncaafb,
2128,Charleston (WV) Golden Eagles,2010,espn,ncaafb,
2128,Charleston (WV) Golden Eagles,2011,espn,ncaafb,
2128,Charleston (WV) Golden Eagles,2012,espn,ncaafb,
2128,Charleston (WV) Golden Eagles,2013,espn,ncaafb,
2128,Charleston (WV) Golden Eagles,2014,espn,ncaafb,
2128,Charleston (WV) Golden Eagles,2015,espn,ncaafb,
2128,Charleston (WV) Golden Eagles,2016,espn,ncaafb,
2128,Charleston (WV) Golden Eagles,2017,espn,ncaafb,
2128,Charleston (WV) Golden Eagles,2018,espn,ncaafb,
2128,Charleston (WV) Golden Eagles,2019,espn,ncaafb,
2128,Charleston (WV) Golden Eagles,2021,espn,ncaafb,
2128,Charleston (WV) Golden Eagles,2022,espn,ncaafb,
2128,Charleston (WV) Golden Eagles,2023,espn,ncaafb,
2128,University Of Charleston (WV) Golden Eagles,2024,espn,ncaafb,
2128,University Of Charleston (WV) Golden Eagles,2025,espn,ncaafb,
2129,Cheyney Wolves,2004,espn,ncaafb,
2129,Cheyney Wolves,2005,espn,ncaafb,
2129,Cheyney Wolves,2007,espn,ncaafb,
2129,Cheyney Wolves,2008,espn,ncaafb,
2129,Cheyney Wolves,2009,espn,ncaafb,
2129,Cheyney Wolves,2010,espn,ncaafb,
2129,Cheyney Wolves,2011,espn,ncaafb,
2129,Cheyney Wolves,2012,espn,ncaafb,
2129,Cheyney Wolves,2013,espn,ncaafb,
2129,Cheyney Wolves,2014,espn,ncaafb,
2129,Cheyney Wolves,2015,espn,ncaafb,
2129,Cheyney Wolves,2016,espn,ncaafb,
2129,Cheyney Wolves,2017,espn,ncaafb,
2132,Cincinnati Bearcats,2001,espn,ncaafb,
2132,Cincinnati Bearcats,2002,espn,ncaafb,
2132,Cincinnati Bearcats,2003,espn,ncaafb,
2132,Cincinnati Bearcats,2004,espn,ncaafb,
2132,Cincinnati Bearcats,2005,espn,ncaafb,
2132,Cincinnati Bearcats,2006,espn,ncaafb,
2132,Cincinnati Bearcats,2007,espn,ncaafb,
2132,Cincinnati Bearcats,2008,espn,ncaafb,
2132,Cincinnati Bearcats,2009,espn,ncaafb,
2132,Cincinnati Bearcats,2010,espn,ncaafb,
2132,Cincinnati Bearcats,2011,espn,ncaafb,
2132,Cincinnati Bearcats,2012,espn,ncaafb,
2132,Cincinnati Bearcats,2013,espn,ncaafb,
2132,Cincinnati Bearcats,2014,espn,ncaafb,
2132,Cincinnati Bearcats,2015,espn,ncaafb,
2132,Cincinnati Bearcats,2016,espn,ncaafb,
2132,Cincinnati Bearcats,2017,espn,ncaafb,
2132,Cincinnati Bearcats,2018,espn,ncaafb,
2132,Cincinnati Bearcats,2019,espn,ncaafb,
2132,Cincinnati Bearcats,2020,espn,ncaafb,
2132,Cincinnati Bearcats,2021,espn,ncaafb,
2132,Cincinnati Bearcats,2022,espn,ncaafb,
2132,Cincinnati Bearcats,2023,espn,ncaafb,
2132,Cincinnati Bearcats,2024,espn,ncaafb,
2132,Cincinnati Bearcats,2025,espn,ncaafb,
2134,Clarion Golden Eagles,2001,espn,ncaafb,
2134,Clarion Golden Eagles,2002,espn,ncaafb,
2134,Clarion Golden Eagles,2007,espn,ncaafb,
2134,Clarion Golden Eagles,2008,espn,ncaafb,
2134,Clarion Golden Eagles,2009,espn,ncaafb,
2134,Clarion Golden Eagles,2010,espn,ncaafb,
2134,Clarion Golden Eagles,2011,espn,ncaafb,
2134,Clarion Golden Eagles,2012,espn,ncaafb,
2134,Clarion Golden Eagles,2013,espn,ncaafb,
2134,Clarion Golden Eagles,2014,espn,ncaafb,
2134,Clarion Golden Eagles,2015,espn,ncaafb,
2134,Clarion Golden Eagles,2016,espn,ncaafb,
2134,Clarion Golden Eagles,2017,espn,ncaafb,
2134,Clarion Golden Eagles,2018,espn,ncaafb,
2134,Clarion Golden Eagles,2019,espn,ncaafb,
2134,Clarion Golden Eagles,2020,espn,ncaafb,
2134,Clarion Golden Eagles,2021,espn,ncaafb,
2134,Clarion Golden Eagles,2022,espn,ncaafb,
2134,Clarion Golden Eagles,2023,espn,ncaafb,
2134,Clarion Golden Eagles,2024,espn,ncaafb,
2134,Clarion Golden Eagles,2025,espn,ncaafb,
2141,Coe Kohawks,2007,espn,ncaafb,
2141,Coe Kohawks,2008,espn,ncaafb,
2141,Coe Kohawks,2009,espn,ncaafb,
2141,Coe Kohawks,2010,espn,ncaafb,
2141,Coe Kohawks,2011,espn,ncaafb,
2141,Coe Kohawks,2012,espn,ncaafb,
2141,Coe Kohawks,2013,espn,ncaafb,
2141,Coe Kohawks,2014,espn,ncaafb,
2141,Coe Kohawks,2015,espn,ncaafb,
2141,Coe Kohawks,2016,espn,ncaafb,
2141,Coe Kohawks,2017,espn,ncaafb,
2141,Coe College Kohawks,2018,espn,ncaafb,
2141,Coe College Kohawks,2019,espn,ncaafb,
2141,Coe College Kohawks,2021,espn,ncaafb,
2141,Coe College Kohawks,2022,espn,ncaafb,
2141,Coe College Kohawks,2023,espn,ncaafb,
2141,Coe College Kohawks,2024,espn,ncaafb,
2141,Coe College Kohawks,2025,espn,ncaafb,
2142,Colgate Raiders,2001,espn,ncaafb,
2142,Colgate Raiders,2002,espn,ncaafb,
2142,Colgate Raiders,2003,espn,ncaafb,
2142,Colgate Raiders,2004,espn,ncaafb,
2142,Colgate Raiders,2005,espn,ncaafb,
2142,Colgate Raiders,2006,espn,ncaafb,
2142,Colgate Raiders,2007,espn,ncaafb,
2142,Colgate Raiders,2008,espn,ncaafb,
2142,Colgate Raiders,2009,espn,ncaafb,
2142,Colgate Raiders,2010,espn,ncaafb,
2142,Colgate Raiders,2011,espn,ncaafb,
2142,Colgate Raiders,2012,espn,ncaafb,
2142,Colgate Raiders,2013,espn,ncaafb,
2142,Colgate Raiders,2014,espn,ncaafb,
2142,Colgate Raiders,2015,espn,ncaafb,
2142,Colgate Raiders,2016,espn,ncaafb,
2142,Colgate Raiders,2017,espn,ncaafb,
2142,Colgate Raiders,2018,espn,ncaafb,
2142,Colgate Raiders,2019,espn,ncaafb,
2142,Colgate Raiders,2020,espn,ncaafb,
2142,Colgate Raiders,2021,espn,ncaafb,
2142,Colgate Raiders,2022,espn,ncaafb,
2142,Colgate Raiders,2023,espn,ncaafb,
2142,Colgate Raiders,2024,espn,ncaafb,
2142,Colgate Raiders,2025,espn,ncaafb,
2144,Colorado College Tigers,2007,espn,ncaafb,
2144,Colorado College Tigers,2008,espn,ncaafb,
2146,Colorado School of Mines Orediggers,2005,espn,ncaafb,
2146,Colorado Mines Orediggers,2007,espn,ncaafb,
2146,Colorado Mines Orediggers,2008,espn,ncaafb,
2146,Colorado Mines Orediggers,2009,espn,ncaafb,
2146,Colorado Mines Orediggers,2010,espn,ncaafb,
2146,Colorado Mines Orediggers,2011,espn,ncaafb,
2146,Colorado Mines Orediggers,2012,espn,ncaafb,
2146,Colorado Mines Orediggers,2013,espn,ncaafb,
2146,Colorado Mines Orediggers,2014,espn,ncaafb,
2146,Colorado Mines Orediggers,2015,espn,ncaafb,
2146,Colorado Mines Orediggers,2016,espn,ncaafb,
2146,Colorado Mines Orediggers,2017,espn,ncaafb,
2146,Colorado School of Mines Orediggers,2018,espn,ncaafb,
2146,Colorado School of Mines Orediggers,2019,espn,ncaafb,
2146,Colorado School of Mines Orediggers,2021,espn,ncaafb,
2146,Colorado School of Mines Orediggers,2022,espn,ncaafb,
2146,Colorado School of Mines Orediggers,2023,espn,ncaafb,
2146,Colorado School of Mines Orediggers,2024,espn,ncaafb,
2146,Colorado School of Mines Orediggers,2025,espn,ncaafb,
2148,Concord Mountain Lions,2003,espn,ncaafb,
2148,Concord Mountain Lions,2004,espn,ncaafb,
2148,Concord Mountain Lions,2005,espn,ncaafb,
2148,Concord Mountain Lions,2006,espn,ncaafb,
2148,Concord Mountain Lions,2007,espn,ncaafb,
2148,Concord Mountain Lions,2008,espn,ncaafb,
2148,Concord Mountain Lions,2009,espn,ncaafb,
2148,Concord Mountain Lions,2010,espn,ncaafb,
2148,Concord Mountain Lions,2011,espn,ncaafb,
2148,Concord Mountain Lions,2012,espn,ncaafb,
2148,Concord Mountain Lions,2013,espn,ncaafb,
2148,Concord Mountain Lions,2014,espn,ncaafb,
2148,Concord Mountain Lions,2015,espn,ncaafb,
2148,Concord Mountain Lions,2016,espn,ncaafb,
2148,Concord Mountain Lions,2017,espn,ncaafb,
2148,Concord Mountain Lions,2018,espn,ncaafb,
2148,Concord Mountain Lions,2019,espn,ncaafb,
2148,Concord Mountain Lions,2021,espn,ncaafb,
2148,Concord Mountain Lions,2022,espn,ncaafb,
2148,Concord Mountain Lions,2023,espn,ncaafb,
2148,Concord Mountain Lions,2024,espn,ncaafb,
2148,Concord Mountain Lions,2025,espn,ncaafb,
2151,Concordia (IL) Cougars,2007,espn,ncaafb,
2151,Concordia (IL) Cougars,2008,espn,ncaafb,
2151,Concordia (IL) Cougars,2009,espn,ncaafb,
2151,Concordia (IL) Cougars,2010,espn,ncaafb,
2151,Concordia (IL) Cougars,2011,espn,ncaafb,
2151,Concordia (IL) Cougars,2012,espn,ncaafb,
2151,Concordia (IL) Cougars,2013,espn,ncaafb,
2151,Concordia (IL) Cougars,2014,espn,ncaafb,
2151,Concordia (IL) Cougars,2015,espn,ncaafb,
2151,Concordia (IL) Cougars,2016,espn,ncaafb,
2151,Concordia (IL) Cougars,2017,espn,ncaafb,
2151,Concordia (IL) Cougars,2018,espn,ncaafb,
2151,Concordia (IL) Cougars,2019,espn,ncaafb,
2151,Concordia-Chicago Cougars,2020,espn,ncaafb,
2151,Concordia-Chicago Cougars,2021,espn,ncaafb,
2151,Concordia-Chicago Cougars,2022,espn,ncaafb,
2151,Concordia-Chicago Cougars,2023,espn,ncaafb,
2151,Concordia-Chicago Cougars,2024,espn,ncaafb,
2151,Concordia-Chicago Cougars,2025,espn,ncaafb,
2152,Concordia (MN) Cobbers,2007,espn,ncaafb,
2152,Concordia (MN) Cobbers,2008,espn,ncaafb,
2152,Concordia (MN) Cobbers,2009,espn,ncaafb,
2152,Concordia (MN) Cobbers,2010,espn,ncaafb,
2152,Concordia (MN) Cobbers,2011,espn,ncaafb,
2152,Concordia (MN) Cobbers,2012,espn,ncaafb,
2152,Concordia (MN) Cobbers,2013,espn,ncaafb,
2152,Concordia (MN) Cobbers,2014,espn,ncaafb,
2152,Concordia (MN) Cobbers,2015,espn,ncaafb,
2152,Concordia (MN) Cobbers,2016,espn,ncaafb,
2152,Concordia (MN) Cobbers,2017,espn,ncaafb,
2152,Concordia (MN) Cobbers,2018,espn,ncaafb,
2152,Concordia (MN) Cobbers,2019,espn,ncaafb,
2152,Concordia-Minnesota Cobbers,2021,espn,ncaafb,
2152,Concordia-Moorhead Cobbers,2022,espn,ncaafb,
2152,Concordia-Moorhead Cobbers,2023,espn,ncaafb,
2152,Concordia-Moorhead Cobbers,2024,espn,ncaafb,
2152,Concordia-Moorhead Cobbers,2025,espn,ncaafb,
2155,Cornell College (IA) Rams,2007,espn,ncaafb,
2155,Cornell College (IA) Rams,2008,espn,ncaafb,
2155,Cornell College (IA) Rams,2009,espn,ncaafb,
2155,Cornell College (IA) Rams,2010,espn,ncaafb,
2155,Cornell College (IA) Rams,2011,espn,ncaafb,
2155,Cornell College (IA) Rams,2012,espn,ncaafb,
2155,Cornell College (IA) Rams,2013,espn,ncaafb,
2155,Cornell College (IA) Rams,2014,espn,ncaafb,
2155,Cornell College (IA) Rams,2015,espn,ncaafb,
2155,Cornell College (IA) Rams,2016,espn,ncaafb,
2155,Cornell College (IA) Rams,2017,espn,ncaafb,
2155,Cornell College (IA) Rams,2018,espn,ncaafb,
2155,Cornell College (IA) Rams,2019,espn,ncaafb,
2155,Cornell College (IA) Rams,2020,espn,ncaafb,
2155,Cornell College (IA) Rams,2021,espn,ncaafb,
2155,Cornell College (IA) Rams,2022,espn,ncaafb,
2155,Cornell College (IA) Rams,2023,espn,ncaafb,
2155,Cornell College (IA) Rams,2024,espn,ncaafb,
2155,Cornell College (IA) Rams,2025,espn,ncaafb,
2161,Cumberland Bulldogs,2001,espn,ncaafb,
2161,Cumberland Bulldogs,2002,espn,ncaafb,
2161,Cumberland (TN) Bulldogs,2005,espn,ncaafb,
2161,Cumberland Bulldogs,2006,espn,ncaafb,
2161,Cumberland (TN) Bulldogs,2007,espn,ncaafb,
2161,Cumberland Bulldogs,2008,espn,ncaafb,
2161,Cumberland Bulldogs,2009,espn,ncaafb,
2161,Cumberland Bulldogs,2010,espn,ncaafb,
2161,Cumberland Bulldogs,2013,espn,ncaafb,
2161,Cumberland Bulldogs,2014,espn,ncaafb,
2161,Cumberland Bulldogs,2015,espn,ncaafb,
2161,Cumberland Bulldogs,2016,espn,ncaafb,
2161,Cumberland Bulldogs,2017,espn,ncaafb,
2161,Cumberland Bulldogs,2018,espn,ncaafb,
2161,Cumberland (TN) Bulldogs,2025,espn,ncaafb,
2166,Davidson Wildcats,2001,espn,ncaafb,
2166,Davidson Wildcats,2002,espn,ncaafb,
2166,Davidson Wildcats,2003,espn,ncaafb,
2166,Davidson Wildcats,2004,espn,ncaafb,
2166,Davidson Wildcats,2005,espn,ncaafb,
2166,Davidson Wildcats,2006,espn,ncaafb,
2166,Davidson Wildcats,2007,espn,ncaafb,
2166,Davidson Wildcats,2008,espn,ncaafb,
2166,Davidson Wildcats,2009,espn,ncaafb,
2166,Davidson Wildcats,2010,espn,ncaafb,
2166,Davidson Wildcats,2011,espn,ncaafb,
2166,Davidson Wildcats,2012,espn,ncaafb,
2166,Davidson Wildcats,2013,espn,ncaafb,
2166,Davidson Wildcats,2014,espn,ncaafb,
2166,Davidson Wildcats,2015,espn,ncaafb,
2166,Davidson Wildcats,2016,espn,ncaafb,
2166,Davidson Wildcats,2017,espn,ncaafb,
2166,Davidson Wildcats,2018,espn,ncaafb,
2166,Davidson Wildcats,2019,espn,ncaafb,
2166,Davidson Wildcats,2021,espn,ncaafb,
2166,Davidson Wildcats,2022,espn,ncaafb,
2166,Davidson Wildcats,2023,espn,ncaafb,
2166,Davidson Wildcats,2024,espn,ncaafb,
2166,Davidson Wildcats,2025,espn,ncaafb,
2168,Dayton Flyers,2001,espn,ncaafb,
2168,Dayton Flyers,2002,espn,ncaafb,
2168,Dayton Flyers,2003,espn,ncaafb,
2168,Dayton Flyers,2004,espn,ncaafb,
2168,Dayton Flyers,2005,espn,ncaafb,
2168,Dayton Flyers,2006,espn,ncaafb,
2168,Dayton Flyers,2007,espn,ncaafb,
2168,Dayton Flyers,2008,espn,ncaafb,
2168,Dayton Flyers,2009,espn,ncaafb,
2168,Dayton Flyers,2010,espn,ncaafb,
2168,Dayton Flyers,2011,espn,ncaafb,
2168,Dayton Flyers,2012,espn,ncaafb,
2168,Dayton Flyers,2013,espn,ncaafb,
2168,Dayton Flyers,2014,espn,ncaafb,
2168,Dayton Flyers,2015,espn,ncaafb,
2168,Dayton Flyers,2016,espn,ncaafb,
2168,Dayton Flyers,2017,espn,ncaafb,
2168,Dayton Flyers,2018,espn,ncaafb,
2168,Dayton Flyers,2019,espn,ncaafb,
2168,Dayton Flyers,2021,espn,ncaafb,
2168,Dayton Flyers,2022,espn,ncaafb,
2168,Dayton Flyers,2023,espn,ncaafb,
2168,Dayton Flyers,2024,espn,ncaafb,
2168,Dayton Flyers,2025,espn,ncaafb,
2169,Delaware State Hornets,2001,espn,ncaafb,
2169,Delaware State Hornets,2002,espn,ncaafb,
2169,Delaware State Hornets,2003,espn,ncaafb,
2169,Delaware State Hornets,2004,espn,ncaafb,
2169,Delaware State Hornets,2005,espn,ncaafb,
2169,Delaware State Hornets,2006,espn,ncaafb,
2169,Delaware State Hornets,2007,espn,ncaafb,
2169,Delaware State Hornets,2008,espn,ncaafb,
2169,Delaware State Hornets,2009,espn,ncaafb,
2169,Delaware State Hornets,2010,espn,ncaafb,
2169,Delaware State Hornets,2011,espn,ncaafb,
2169,Delaware State Hornets,2012,espn,ncaafb,
2169,Delaware State Hornets,2013,espn,ncaafb,
2169,Delaware State Hornets,2014,espn,ncaafb,
2169,Delaware State Hornets,2015,espn,ncaafb,
2169,Delaware State Hornets,2016,espn,ncaafb,
2169,Delaware State Hornets,2017,espn,ncaafb,
2169,Delaware State Hornets,2018,espn,ncaafb,
2169,Delaware State Hornets,2019,espn,ncaafb,
2169,Delaware State Hornets,2020,espn,ncaafb,
2169,Delaware State Hornets,2021,espn,ncaafb,
2169,Delaware State Hornets,2022,espn,ncaafb,
2169,Delaware State Hornets,2023,espn,ncaafb,
2169,Delaware State Hornets,2024,espn,ncaafb,
2169,Delaware State Hornets,2025,espn,ncaafb,
2170,Delta State Statesmen,2001,espn,ncaafb,
2170,Delta State Statesmen,2002,espn,ncaafb,
2170,Delta State Statesmen,2003,espn,ncaafb,
2170,Delta State Statesmen,2005,espn,ncaafb,
2170,Delta State Statesmen,2006,espn,ncaafb,
2170,Delta State Statesmen,2007,espn,ncaafb,
2170,Delta State Statesmen,2008,espn,ncaafb,
2170,Delta State Statesmen,2009,espn,ncaafb,
2170,Delta State Statesmen,2010,espn,ncaafb,
2170,Delta State Statesmen,2011,espn,ncaafb,
2170,Delta State Statesmen,2012,espn,ncaafb,
2170,Delta State Statesmen,2013,espn,ncaafb,
2170,Delta State Statesmen,2014,espn,ncaafb,
2170,Delta State Statesmen,2015,espn,ncaafb,
2170,Delta State Statesmen,2016,espn,ncaafb,
2170,Delta State Statesmen,2017,espn,ncaafb,
2170,Delta State Statesmen,2018,espn,ncaafb,
2170,Delta State Statesmen,2019,espn,ncaafb,
2170,Delta State Statesmen,2021,espn,ncaafb,
2170,Delta State Statesmen,2022,espn,ncaafb,
2170,Delta State Statesmen,2023,espn,ncaafb,
2170,Delta State Statesmen,2024,espn,ncaafb,
2170,Delta State Statesmen,2025,espn,ncaafb,
2171,Denison Big Red,2007,espn,ncaafb,
2171,Denison Big Red,2008,espn,ncaafb,
2171,Denison Big Red,2009,espn,ncaafb,
2171,Denison Big Red,2010,espn,ncaafb,
2171,Denison Big Red,2011,espn,ncaafb,
2171,Denison Big Red,2012,espn,ncaafb,
2171,Denison Big Red,2013,espn,ncaafb,
2171,Denison Big Red,2014,espn,ncaafb,
2171,Denison Big Red,2015,espn,ncaafb,
2171,Denison Big Red,2016,espn,ncaafb,
2171,Denison Big Red,2017,espn,ncaafb,
2171,Denison Big Red,2018,espn,ncaafb,
2171,Denison Big Red,2019,espn,ncaafb,
2171,Denison Big Red,2021,espn,ncaafb,
2171,Denison Big Red,2022,espn,ncaafb,
2171,Denison Big Red,2023,espn,ncaafb,
2171,Denison Big Red,2024,espn,ncaafb,
2171,Denison Big Red,2025,espn,ncaafb,
2175,Dickinson Red Devils,2007,espn,ncaafb,
2175,Dickinson Red Devils,2008,espn,ncaafb,
2175,Dickinson Red Devils,2009,espn,ncaafb,
2175,Dickinson Red Devils,2010,espn,ncaafb,
2175,Dickinson Red Devils,2011,espn,ncaafb,
2175,Dickinson Red Devils,2012,espn,ncaafb,
2175,Dickinson Red Devils,2013,espn,ncaafb,
2175,Dickinson Red Devils,2014,espn,ncaafb,
2175,Dickinson Red Devils,2015,espn,ncaafb,
2175,Dickinson Red Devils,2016,espn,ncaafb,
2175,Dickinson Red Devils,2017,espn,ncaafb,
2175,Dickinson Red Devils,2018,espn,ncaafb,
2175,Dickinson Red Devils,2019,espn,ncaafb,
2175,Dickinson Red Devils,2020,espn,ncaafb,
2175,Dickinson Red Devils,2021,espn,ncaafb,
2175,Dickinson Red Devils,2022,espn,ncaafb,
2175,Dickinson (PA) Red Devils,2023,espn,ncaafb,
2175,Dickinson (PA) Red Devils,2024,espn,ncaafb,
2175,Dickinson (PA) Red Devils,2025,espn,ncaafb,
2181,Drake Bulldogs,2001,espn,ncaafb,
2181,Drake Bulldogs,2002,espn,ncaafb,
2181,Drake Bulldogs,2003,espn,ncaafb,
2181,Drake Bulldogs,2004,espn,ncaafb,
2181,Drake Bulldogs,2005,espn,ncaafb,
2181,Drake Bulldogs,2006,espn,ncaafb,
2181,Drake Bulldogs,2007,espn,ncaafb,
2181,Drake Bulldogs,2008,espn,ncaafb,
2181,Drake Bulldogs,2009,espn,ncaafb,
2181,Drake Bulldogs,2010,espn,ncaafb,
2181,Drake Bulldogs,2011,espn,ncaafb,
2181,Drake Bulldogs,2012,espn,ncaafb,
2181,Drake Bulldogs,2013,espn,ncaafb,
2181,Drake Bulldogs,2014,espn,ncaafb,
2181,Drake Bulldogs,2015,espn,ncaafb,
2181,Drake Bulldogs,2016,espn,ncaafb,
2181,Drake Bulldogs,2017,espn,ncaafb,
2181,Drake Bulldogs,2018,espn,ncaafb,
2181,Drake Bulldogs,2019,espn,ncaafb,
2181,Drake Bulldogs,2021,espn,ncaafb,
2181,Drake Bulldogs,2022,espn,ncaafb,
2181,Drake Bulldogs,2023,espn,ncaafb,
2181,Drake Bulldogs,2024,espn,ncaafb,
2181,Drake Bulldogs,2025,espn,ncaafb,
2184,Duquesne Dukes,2001,espn,ncaafb,
2184,Duquesne Dukes,2002,espn,ncaafb,
2184,Duquesne Dukes,2003,espn,ncaafb,
2184,Duquesne Dukes,2004,espn,ncaafb,
2184,Duquesne Dukes,2005,espn,ncaafb,
2184,Duquesne Dukes,2006,espn,ncaafb,
2184,Duquesne Dukes,2007,espn,ncaafb,
2184,Duquesne Dukes,2008,espn,ncaafb,
2184,Duquesne Dukes,2009,espn,ncaafb,
2184,Duquesne Dukes,2010,espn,ncaafb,
2184,Duquesne Dukes,2011,espn,ncaafb,
2184,Duquesne Dukes,2012,espn,ncaafb,
2184,Duquesne Dukes,2013,espn,ncaafb,
2184,Duquesne Dukes,2014,espn,ncaafb,
2184,Duquesne Dukes,2015,espn,ncaafb,
2184,Duquesne Dukes,2016,espn,ncaafb,
2184,Duquesne Dukes,2017,espn,ncaafb,
2184,Duquesne Dukes,2018,espn,ncaafb,
2184,Duquesne Dukes,2019,espn,ncaafb,
2184,Duquesne Dukes,2020,espn,ncaafb,
2184,Duquesne Dukes,2021,espn,ncaafb,
2184,Duquesne Dukes,2022,espn,ncaafb,
2184,Duquesne Dukes,2023,espn,ncaafb,
2184,Duquesne Dukes,2024,espn,ncaafb,
2184,Duquesne Dukes,2025,espn,ncaafb,
2188,East Stroudsburg Warriors,2007,espn,ncaafb,
2188,East Stroudsburg Warriors,2008,espn,ncaafb,
2188,East Stroudsburg Warriors,2009,espn,ncaafb,
2188,East Stroudsburg Warriors,2010,espn,ncaafb,
2188,East Stroudsburg Warriors,2011,espn,ncaafb,
2188,East Stroudsburg Warriors,2012,espn,ncaafb,
2188,East Stroudsburg Warriors,2013,espn,ncaafb,
2188,East Stroudsburg Warriors,2014,espn,ncaafb,
2188,East Stroudsburg Warriors,2015,espn,ncaafb,
2188,East Stroudsburg Warriors,2016,espn,ncaafb,
2188,East Stroudsburg Warriors,2017,espn,ncaafb,
2188,East Stroudsburg Warriors,2018,espn,ncaafb,
2188,East Stroudsburg Warriors,2019,espn,ncaafb,
2188,East Stroudsburg Warriors,2020,espn,ncaafb,
2188,East Stroudsburg Warriors,2021,espn,ncaafb,
2188,East Stroudsburg Warriors,2022,espn,ncaafb,
2188,East Stroudsburg Warriors,2023,espn,ncaafb,
2188,East Stroudsburg Warriors,2024,espn,ncaafb,
2188,East Stroudsburg Warriors,2025,espn,ncaafb,
2189,Earlham Quakers,2007,espn,ncaafb,
2189,Earlham Quakers,2008,espn,ncaafb,
2189,Earlham Quakers,2009,espn,ncaafb,
2189,Earlham Quakers,2010,espn,ncaafb,
2189,Earlham Quakers,2011,espn,ncaafb,
2189,Earlham Quakers,2012,espn,ncaafb,
2189,Earlham Quakers,2013,espn,ncaafb,
2189,Earlham Quakers,2014,espn,ncaafb,
2189,Earlham Quakers,2015,espn,ncaafb,
2189,Earlham Quakers,2016,espn,ncaafb,
2189,Earlham Quakers,2017,espn,ncaafb,
2189,Earlham Quakers,2018,espn,ncaafb,
2191,East Central Tigers,2002,espn,ncaafb,
2191,East Central Tigers,2003,espn,ncaafb,
2191,East Central Tigers,2007,espn,ncaafb,
2191,East Central Tigers,2008,espn,ncaafb,
2191,East Central Tigers,2009,espn,ncaafb,
2191,East Central Tigers,2010,espn,ncaafb,
2191,East Central Tigers,2011,espn,ncaafb,
2191,East Central Tigers,2012,espn,ncaafb,
2191,East Central Tigers,2013,espn,ncaafb,
2191,East Central Tigers,2014,espn,ncaafb,
2191,East Central Tigers,2015,espn,ncaafb,
2191,East Central Tigers,2016,espn,ncaafb,
2191,East Central Tigers,2017,espn,ncaafb,
2191,East Central Tigers,2018,espn,ncaafb,
2191,East Central Tigers,2019,espn,ncaafb,
2191,East Central Tigers,2021,espn,ncaafb,
2191,East Central Tigers,2022,espn,ncaafb,
2191,East Central Tigers,2023,espn,ncaafb,
2191,East Central (OK) Tigers,2024,espn,ncaafb,
2191,East Central (OK) Tigers,2025,espn,ncaafb,
2193,East Tenn. St. Buccaneers,2001,espn,ncaafb,
2193,East Tennessee State Buccaneers,2002,espn,ncaafb,
2193,East Tennessee State Buccaneers,2003,espn,ncaafb,
2193,East Tennessee State Buccaneers,2015,espn,ncaafb,
2193,East Tennessee St. Buccaneers,2016,espn,ncaafb,
2193,East Tennessee State Buccaneers,2017,espn,ncaafb,
2193,East Tennessee State Buccaneers,2018,espn,ncaafb,
2193,East Tennessee State Buccaneers,2019,espn,ncaafb,
2193,East Tennessee State Buccaneers,2021,espn,ncaafb,
2193,East Tennessee State Buccaneers,2022,espn,ncaafb,
2193,East Tennessee State Buccaneers,2023,espn,ncaafb,
2193,East Tennessee State Buccaneers,2024,espn,ncaafb,
2193,East Tennessee State Buccaneers,2025,espn,ncaafb,
2194,East Texas Baptist Tigers,2007,espn,ncaafb,
2194,East Texas Baptist Tigers,2008,espn,ncaafb,
2194,East Texas Baptist Tigers,2009,espn,ncaafb,
2194,East Texas Baptist Tigers,2010,espn,ncaafb,
2194,East Texas Baptist Tigers,2011,espn,ncaafb,
2194,East Texas Baptist Tigers,2012,espn,ncaafb,
2194,East Texas Baptist Tigers,2013,espn,ncaafb,
2194,East Texas Baptist Tigers,2014,espn,ncaafb,
2194,East Texas Baptist Tigers,2015,espn,ncaafb,
2194,East Texas Baptist Tigers,2016,espn,ncaafb,
2194,East Texas Baptist Tigers,2017,espn,ncaafb,
2194,East Texas Baptist Tigers,2018,espn,ncaafb,
2194,East Texas Baptist Tigers,2019,espn,ncaafb,
2194,East Texas Baptist Tigers,2021,espn,ncaafb,
2194,East Texas Baptist Tigers,2022,espn,ncaafb,
2194,East Texas Baptist Tigers,2023,espn,ncaafb,
2194,East Texas Baptist Tigers,2024,espn,ncaafb,
2194,East Texas Baptist Tigers,2025,espn,ncaafb,
2197,Eastern Illinois Panthers,2001,espn,ncaafb,
2197,Eastern Illinois Panthers,2002,espn,ncaafb,
2197,Eastern Illinois Panthers,2003,espn,ncaafb,
2197,Eastern Illinois Panthers,2004,espn,ncaafb,
2197,Eastern Illinois Panthers,2005,espn,ncaafb,
2197,Eastern Illinois Panthers,2006,espn,ncaafb,
2197,Eastern Illinois Panthers,2007,espn,ncaafb,
2197,Eastern Illinois Panthers,2008,espn,ncaafb,
2197,Eastern Illinois Panthers,2009,espn,ncaafb,
2197,Eastern Illinois Panthers,2010,espn,ncaafb,
2197,Eastern Illinois Panthers,2011,espn,ncaafb,
2197,Eastern Illinois Panthers,2012,espn,ncaafb,
2197,Eastern Illinois Panthers,2013,espn,ncaafb,
2197,Eastern Illinois Panthers,2014,espn,ncaafb,
2197,Eastern Illinois Panthers,2015,espn,ncaafb,
2197,Eastern Illinois Panthers,2016,espn,ncaafb,
2197,Eastern Illinois Panthers,2017,espn,ncaafb,
2197,Eastern Illinois Panthers,2018,espn,ncaafb,
2197,Eastern Illinois Panthers,2019,espn,ncaafb,
2197,Eastern Illinois Panthers,2021,espn,ncaafb,
2197,Eastern Illinois Panthers,2022,espn,ncaafb,
2197,Eastern Illinois Panthers,2023,espn,ncaafb,
2197,Eastern Illinois Panthers,2024,espn,ncaafb,
2197,Eastern Illinois Panthers,2025,espn,ncaafb,
2198,Eastern Kentucky Colonels,2001,espn,ncaafb,
2198,Eastern Kentucky Colonels,2002,espn,ncaafb,
2198,Eastern Kentucky Colonels,2003,espn,ncaafb,
2198,Eastern Kentucky Colonels,2004,espn,ncaafb,
2198,Eastern Kentucky Colonels,2005,espn,ncaafb,
2198,Eastern Kentucky Colonels,2006,espn,ncaafb,
2198,Eastern Kentucky Colonels,2007,espn,ncaafb,
2198,Eastern Kentucky Colonels,2008,espn,ncaafb,
2198,Eastern Kentucky Colonels,2009,espn,ncaafb,
2198,Eastern Kentucky Colonels,2010,espn,ncaafb,
2198,Eastern Kentucky Colonels,2011,espn,ncaafb,
2198,Eastern Kentucky Colonels,2012,espn,ncaafb,
2198,Eastern Kentucky Colonels,2013,espn,ncaafb,
2198,Eastern Kentucky Colonels,2014,espn,ncaafb,
2198,Eastern Kentucky Colonels,2015,espn,ncaafb,
2198,Eastern Kentucky Colonels,2016,espn,ncaafb,
2198,Eastern Kentucky Colonels,2017,espn,ncaafb,
2198,Eastern Kentucky Colonels,2018,espn,ncaafb,
2198,Eastern Kentucky Colonels,2019,espn,ncaafb,
2198,Eastern Kentucky Colonels,2020,espn,ncaafb,
2198,Eastern Kentucky Colonels,2021,espn,ncaafb,
2198,Eastern Kentucky Colonels,2022,espn,ncaafb,
2198,Eastern Kentucky Colonels,2023,espn,ncaafb,
2198,Eastern Kentucky Colonels,2024,espn,ncaafb,
2198,Eastern Kentucky Colonels,2025,espn,ncaafb,
2199,Eastern Michigan Eagles,2001,espn,ncaafb,
2199,Eastern Michigan Eagles,2002,espn,ncaafb,
2199,Eastern Michigan Eagles,2003,espn,ncaafb,
2199,Eastern Michigan Eagles,2004,espn,ncaafb,
2199,Eastern Michigan Eagles,2005,espn,ncaafb,
2199,Eastern Michigan Eagles,2006,espn,ncaafb,
2199,Eastern Michigan Eagles,2007,espn,ncaafb,
2199,Eastern Michigan Eagles,2008,espn,ncaafb,
2199,Eastern Michigan Eagles,2009,espn,ncaafb,
2199,Eastern Michigan Eagles,2010,espn,ncaafb,
2199,Eastern Michigan Eagles,2011,espn,ncaafb,
2199,Eastern Michigan Eagles,2012,espn,ncaafb,
2199,Eastern Michigan Eagles,2013,espn,ncaafb,
2199,Eastern Michigan Eagles,2014,espn,ncaafb,
2199,Eastern Michigan Eagles,2015,espn,ncaafb,
2199,Eastern Michigan Eagles,2016,espn,ncaafb,
2199,Eastern Michigan Eagles,2017,espn,ncaafb,
2199,Eastern Michigan Eagles,2018,espn,ncaafb,
2199,Eastern Michigan Eagles,2019,espn,ncaafb,
2199,Eastern Michigan Eagles,2020,espn,ncaafb,
2199,Eastern Michigan Eagles,2021,espn,ncaafb,
2199,Eastern Michigan Eagles,2022,espn,ncaafb,
2199,Eastern Michigan Eagles,2023,espn,ncaafb,
2199,Eastern Michigan Eagles,2024,espn,ncaafb,
2199,Eastern Michigan Eagles,2025,espn,ncaafb,
2201,Eastern New Mexico Greyhounds,2007,espn,ncaafb,
2201,Eastern New Mexico Greyhounds,2008,espn,ncaafb,
2201,Eastern New Mexico Greyhounds,2009,espn,ncaafb,
2201,Eastern New Mexico Greyhounds,2010,espn,ncaafb,
2201,Eastern New Mexico Greyhounds,2011,espn,ncaafb,
2201,Eastern New Mexico Greyhounds,2012,espn,ncaafb,
2201,Eastern New Mexico Greyhounds,2013,espn,ncaafb,
2201,Eastern New Mexico Greyhounds,2014,espn,ncaafb,
2201,Eastern New Mexico Greyhounds,2015,espn,ncaafb,
2201,Eastern New Mexico Greyhounds,2016,espn,ncaafb,
2201,Eastern New Mexico Greyhounds,2017,espn,ncaafb,
2201,Eastern New Mexico Greyhounds,2018,espn,ncaafb,
2201,Eastern New Mexico Greyhounds,2019,espn,ncaafb,
2201,Eastern New Mexico Greyhounds,2021,espn,ncaafb,
2201,Eastern New Mexico Greyhounds,2022,espn,ncaafb,
2201,Eastern New Mexico Greyhounds,2023,espn,ncaafb,
2201,Eastern New Mexico Greyhounds,2024,espn,ncaafb,
2201,Eastern New Mexico Greyhounds,2025,espn,ncaafb,
2202,Eastern Oregon Mountaineers,2001,espn,ncaafb,
2202,Eastern Oregon Mountaineers,2002,espn,ncaafb,
2202,Eastern Oregon Mountaineers,2003,espn,ncaafb,
2202,Eastern Oregon Mountaineers,2004,espn,ncaafb,
2202,Eastern Oregon Mountaineers,2013,espn,ncaafb,
2202,Eastern Oregon Mountaineers,2015,espn,ncaafb,
2202,Eastern Oregon,2019,espn,ncaafb,
2202,Eastern Oregon,2022,espn,ncaafb,
2202,Eastern Oregon,2023,espn,ncaafb,
2202,Eastern Oregon,2024,espn,ncaafb,
2202,Eastern Oregon,2025,espn,ncaafb,
2205,Edinboro Fighting Scots,2003,espn,ncaafb,
2205,Edinboro Fighting Scots,2007,espn,ncaafb,
2205,Edinboro Fighting Scots,2008,espn,ncaafb,
2205,Edinboro Fighting Scots,2009,espn,ncaafb,
2205,Edinboro Fighting Scots,2010,espn,ncaafb,
2205,Edinboro Fighting Scots,2011,espn,ncaafb,
2205,Edinboro Fighting Scots,2012,espn,ncaafb,
2205,Edinboro Fighting Scots,2013,espn,ncaafb,
2205,Edinboro Fighting Scots,2014,espn,ncaafb,
2205,Edinboro Fighting Scots,2015,espn,ncaafb,
2205,Edinboro Fighting Scots,2016,espn,ncaafb,
2205,Edinboro Fighting Scots,2017,espn,ncaafb,
2205,Edinboro Fighting Scots,2018,espn,ncaafb,
2205,Edinboro Fighting Scots,2019,espn,ncaafb,
2205,Edinboro Fighting Scots,2020,espn,ncaafb,
2205,Edinboro Fighting Scots,2021,espn,ncaafb,
2205,Edinboro Fighting Scots,2022,espn,ncaafb,
2205,Edinboro Fighting Scots,2023,espn,ncaafb,
2205,Edinboro Fighting Scots,2024,espn,ncaafb,
2205,Edinboro Fighting Scots,2025,espn,ncaafb,
2206,Edward Waters Tigers,2002,espn,ncaafb,
2206,Edward Waters Tigers,2003,espn,ncaafb,
2206,Edward Waters Tigers,2004,espn,ncaafb,
2206,Edward Waters Tigers,2005,espn,ncaafb,
2206,Edward Waters Tigers,2006,espn,ncaafb,
2206,Edward Waters Tigers,2007,espn,ncaafb,
2206,Edward Waters Tigers,2008,espn,ncaafb,
2206,Edward Waters Tigers,2009,espn,ncaafb,
2206,Edward Waters Tigers,2010,espn,ncaafb,
2206,Edward Waters Tigers,2011,espn,ncaafb,
2206,Edward Waters Tigers,2012,espn,ncaafb,
2206,Edward Waters Tigers,2013,espn,ncaafb,
2206,Edward Waters Tigers,2014,espn,ncaafb,
2206,Edward Waters Tigers,2015,espn,ncaafb,
2206,Edward Waters Tigers,2016,espn,ncaafb,
2206,Edward Waters Tigers,2017,espn,ncaafb,
2206,Edward Waters Tigers,2018,espn,ncaafb,
2206,Edward Waters Tigers,2019,espn,ncaafb,
2206,Edward Waters Tigers,2021,espn,ncaafb,
2206,Edward Waters Tigers,2022,espn,ncaafb,
2206,Edward Waters Tigers,2023,espn,ncaafb,
2206,Edward Waters Tigers,2024,espn,ncaafb,
2206,Edward Waters Tigers,2025,espn,ncaafb,
2207,Elizabeth City State Vikings,2005,espn,ncaafb,
2207,Elizabeth City State Vikings,2007,espn,ncaafb,
2207,Elizabeth City State Vikings,2008,espn,ncaafb,
2207,Elizabeth City State Vikings,2009,espn,ncaafb,
2207,Elizabeth City State Vikings,2010,espn,ncaafb,
2207,Elizabeth City State Vikings,2011,espn,ncaafb,
2207,Elizabeth City State Vikings,2012,espn,ncaafb,
2207,Elizabeth City State Vikings,2013,espn,ncaafb,
2207,Elizabeth City State Vikings,2014,espn,ncaafb,
2207,Elizabeth City State Vikings,2015,espn,ncaafb,
2207,Elizabeth City State Vikings,2016,espn,ncaafb,
2207,Elizabeth City State Vikings,2017,espn,ncaafb,
2207,Elizabeth City State Vikings,2018,espn,ncaafb,
2207,Elizabeth City State Vikings,2019,espn,ncaafb,
2207,Elizabeth City State Vikings,2021,espn,ncaafb,
2207,Elizabeth City State Vikings,2022,espn,ncaafb,
2207,Elizabeth City State Vikings,2023,espn,ncaafb,
2207,Elizabeth City State Vikings,2024,espn,ncaafb,
2207,Elizabeth City State Vikings,2025,espn,ncaafb,
2210,Elon Phoenix,2001,espn,ncaafb,
2210,Elon Phoenix,2002,espn,ncaafb,
2210,Elon Phoenix,2003,espn,ncaafb,
2210,Elon Phoenix,2004,espn,ncaafb,
2210,Elon Phoenix,2005,espn,ncaafb,
2210,Elon Phoenix,2006,espn,ncaafb,
2210,Elon Phoenix,2007,espn,ncaafb,
2210,Elon Phoenix,2008,espn,ncaafb,
2210,Elon Phoenix,2009,espn,ncaafb,
2210,Elon Phoenix,2010,espn,ncaafb,
2210,Elon Phoenix,2011,espn,ncaafb,
2210,Elon Phoenix,2012,espn,ncaafb,
2210,Elon Phoenix,2013,espn,ncaafb,
2210,Elon Phoenix,2014,espn,ncaafb,
2210,Elon Phoenix,2015,espn,ncaafb,
2210,Elon Phoenix,2016,espn,ncaafb,
2210,Elon Phoenix,2017,espn,ncaafb,
2210,Elon Phoenix,2018,espn,ncaafb,
2210,Elon Phoenix,2019,espn,ncaafb,
2210,Elon Phoenix,2021,espn,ncaafb,
2210,Elon Phoenix,2022,espn,ncaafb,
2210,Elon Phoenix,2023,espn,ncaafb,
2210,Elon Phoenix,2024,espn,ncaafb,
2210,Elon Phoenix,2025,espn,ncaafb,
2213,Emory & Henry Wasps,2001,espn,ncaafb,
2213,Emory & Henry Wasps,2002,espn,ncaafb,
2213,Emory & Henry Wasps,2003,espn,ncaafb,
2213,Emory & Henry Wasps,2007,espn,ncaafb,
2213,Emory & Henry Wasps,2008,espn,ncaafb,
2213,Emory & Henry Wasps,2009,espn,ncaafb,
2213,Emory & Henry Wasps,2010,espn,ncaafb,
2213,Emory & Henry Wasps,2011,espn,ncaafb,
2213,Emory & Henry Wasps,2012,espn,ncaafb,
2213,Emory & Henry Wasps,2013,espn,ncaafb,
2213,Emory & Henry Wasps,2014,espn,ncaafb,
2213,Emory & Henry Wasps,2015,espn,ncaafb,
2213,Emory & Henry Wasps,2016,espn,ncaafb,
2213,Emory & Henry Wasps,2017,espn,ncaafb,
2213,Emory & Henry Wasps,2018,espn,ncaafb,
2213,Emory & Henry Wasps,2019,espn,ncaafb,
2213,Emory & Henry Wasps,2020,espn,ncaafb,
2213,Emory & Henry Wasps,2021,espn,ncaafb,
2213,Emory & Henry Wasps,2022,espn,ncaafb,
2213,Emory & Henry College Wasps,2023,espn,ncaafb,
2213,Emory & Henry College Wasps,2024,espn,ncaafb,
2213,Emory & Henry College Wasps,2025,espn,ncaafb,
2214,Emporia State Hornets,2004,espn,ncaafb,
2214,Emporia State Hornets,2007,espn,ncaafb,
2214,Emporia State Hornets,2008,espn,ncaafb,
2214,Emporia State Hornets,2009,espn,ncaafb,
2214,Emporia State Hornets,2010,espn,ncaafb,
2214,Emporia State Hornets,2011,espn,ncaafb,
2214,Emporia State Hornets,2012,espn,ncaafb,
2214,Emporia State Hornets,2013,espn,ncaafb,
2214,Emporia State Hornets,2014,espn,ncaafb,
2214,Emporia State Hornets,2015,espn,ncaafb,
2214,Emporia State Hornets,2016,espn,ncaafb,
2214,Emporia State Hornets,2017,espn,ncaafb,
2214,Emporia State Hornets,2018,espn,ncaafb,
2214,Emporia State Hornets,2019,espn,ncaafb,
2214,Emporia State Hornets,2021,espn,ncaafb,
2214,Emporia State Hornets,2022,espn,ncaafb,
2214,Emporia State Hornets,2023,espn,ncaafb,
2214,Emporia State Hornets,2024,espn,ncaafb,
2214,Emporia State Hornets,2025,espn,ncaafb,
2217,Fairfield Stags,2001,espn,ncaafb,
2217,Fairfield Stags,2002,espn,ncaafb,
2219,Faulkner University Eagles,2007,espn,ncaafb,
2219,Faulkner Eagles,2008,espn,ncaafb,
2219,Faulkner Eagles,2009,espn,ncaafb,
2219,Faulkner Eagles,2010,espn,ncaafb,
2219,Faulkner Eagles,2011,espn,ncaafb,
2219,Faulkner Eagles,2022,espn,ncaafb,
2220,Fayetteville State Broncos,2001,espn,ncaafb,
2220,Fayetteville State Broncos,2007,espn,ncaafb,
2220,Fayetteville State Broncos,2008,espn,ncaafb,
2220,Fayetteville State Broncos,2009,espn,ncaafb,
2220,Fayetteville State Broncos,2010,espn,ncaafb,
2220,Fayetteville State Broncos,2011,espn,ncaafb,
2220,Fayetteville State Broncos,2012,espn,ncaafb,
2220,Fayetteville State Broncos,2013,espn,ncaafb,
2220,Fayetteville State Broncos,2014,espn,ncaafb,
2220,Fayetteville State Broncos,2015,espn,ncaafb,
2220,Fayetteville State Broncos,2016,espn,ncaafb,
2220,Fayetteville State Broncos,2017,espn,ncaafb,
2220,Fayetteville State Broncos,2018,espn,ncaafb,
2220,Fayetteville State Broncos,2019,espn,ncaafb,
2220,Fayetteville State Broncos,2020,espn,ncaafb,
2220,Fayetteville State Broncos,2021,espn,ncaafb,
2220,Fayetteville State Broncos,2022,espn,ncaafb,
2220,Fayetteville State Broncos,2023,espn,ncaafb,
2220,Fayetteville State Broncos,2024,espn,ncaafb,
2220,Fayetteville State Broncos,2025,espn,ncaafb,
2221,FDU-Florham Devils,2007,espn,ncaafb,
2221,FDU-Florham Devils,2008,espn,ncaafb,
2221,FDU-Florham Devils,2009,espn,ncaafb,
2221,FDU-Florham Devils,2010,espn,ncaafb,
2221,FDU-Florham Devils,2011,espn,ncaafb,
2221,FDU-Florham Devils,2012,espn,ncaafb,
2221,FDU-Florham Devils,2013,espn,ncaafb,
2221,FDU-Florham Devils,2014,espn,ncaafb,
2221,FDU-Florham Devils,2015,espn,ncaafb,
2221,FDU-Florham Devils,2016,espn,ncaafb,
2221,FDU-Florham Devils,2017,espn,ncaafb,
2221,FDU-Florham Devils,2018,espn,ncaafb,
2221,FDU-Florham Devils,2019,espn,ncaafb,
2221,FDU-Florham Devils,2020,espn,ncaafb,
2221,FDU-Florham Devils,2021,espn,ncaafb,
2221,FDU-Florham Devils,2022,espn,ncaafb,
2221,FDU-Florham Devils,2023,espn,ncaafb,
2221,FDU-Florham Devils,2024,espn,ncaafb,
2221,FDU-Florham Devils,2025,espn,ncaafb,
2222,Ferris State Bulldogs,2007,espn,ncaafb,
2222,Ferris State Bulldogs,2008,espn,ncaafb,
2222,Ferris State Bulldogs,2009,espn,ncaafb,
2222,Ferris State Bulldogs,2010,espn,ncaafb,
2222,Ferris State Bulldogs,2011,espn,ncaafb,
2222,Ferris State Bulldogs,2012,espn,ncaafb,
2222,Ferris State Bulldogs,2013,espn,ncaafb,
2222,Ferris State Bulldogs,2014,espn,ncaafb,
2222,Ferris State Bulldogs,2015,espn,ncaafb,
2222,Ferris State Bulldogs,2016,espn,ncaafb,
2222,Ferris State Bulldogs,2017,espn,ncaafb,
2222,Ferris State Bulldogs,2018,espn,ncaafb,
2222,Ferris State Bulldogs,2019,espn,ncaafb,
2222,Ferris State Bulldogs,2021,espn,ncaafb,
2222,Ferris State Bulldogs,2022,espn,ncaafb,
2222,Ferris State Bulldogs,2023,espn,ncaafb,
2222,Ferris State Bulldogs,2024,espn,ncaafb,
2222,Ferris State Bulldogs,2025,espn,ncaafb,
2224,Findlay Oilers,2007,espn,ncaafb,
2224,Findlay Oilers,2008,espn,ncaafb,
2224,Findlay Oilers,2009,espn,ncaafb,
2224,Findlay Oilers,2010,espn,ncaafb,
2224,Findlay Oilers,2011,espn,ncaafb,
2224,Findlay Oilers,2012,espn,ncaafb,
2224,Findlay Oilers,2013,espn,ncaafb,
2224,Findlay Oilers,2014,espn,ncaafb,
2224,Findlay Oilers,2015,espn,ncaafb,
2224,Findlay Oilers,2016,espn,ncaafb,
2224,Findlay Oilers,2017,espn,ncaafb,
2224,Findlay Oilers,2018,espn,ncaafb,
2224,Findlay Oilers,2019,espn,ncaafb,
2224,Findlay Oilers,2021,espn,ncaafb,
2224,Findlay Oilers,2022,espn,ncaafb,
2224,Findlay Oilers,2023,espn,ncaafb,
2224,Findlay Oilers,2024,espn,ncaafb,
2224,Findlay Oilers,2025,espn,ncaafb,
2226,Florida Atlantic Owls,2001,espn,ncaafb,
2226,Florida Atlantic Owls,2002,espn,ncaafb,
2226,Florida Atlantic Owls,2003,espn,ncaafb,
2226,Florida Atlantic Owls,2004,espn,ncaafb,
2226,Florida Atlantic Owls,2005,espn,ncaafb,
2226,Florida Atlantic Owls,2006,espn,ncaafb,
2226,Florida Atlantic Owls,2007,espn,ncaafb,
2226,Florida Atlantic Owls,2008,espn,ncaafb,
2226,Florida Atlantic Owls,2009,espn,ncaafb,
2226,Florida Atlantic Owls,2010,espn,ncaafb,
2226,Florida Atlantic Owls,2011,espn,ncaafb,
2226,Florida Atlantic Owls,2012,espn,ncaafb,
2226,Florida Atlantic Owls,2013,espn,ncaafb,
2226,Florida Atlantic Owls,2014,espn,ncaafb,
2226,Florida Atlantic Owls,2015,espn,ncaafb,
2226,Florida Atlantic Owls,2016,espn,ncaafb,
2226,Florida Atlantic Owls,2017,espn,ncaafb,
2226,Florida Atlantic Owls,2018,espn,ncaafb,
2226,Florida Atlantic Owls,2019,espn,ncaafb,
2226,Florida Atlantic Owls,2020,espn,ncaafb,
2226,Florida Atlantic Owls,2021,espn,ncaafb,
2226,Florida Atlantic Owls,2022,espn,ncaafb,
2226,Florida Atlantic Owls,2023,espn,ncaafb,
2226,Florida Atlantic Owls,2024,espn,ncaafb,
2226,Florida Atlantic Owls,2025,espn,ncaafb,
2229,Florida Intl Golden Panthers,2002,espn,ncaafb,
2229,Florida Intl Golden Panthers,2003,espn,ncaafb,
2229,Florida Intl Golden Panthers,2004,espn,ncaafb,
2229,Florida Intl Golden Panthers,2005,espn,ncaafb,
2229,Florida Intl Golden Panthers,2006,espn,ncaafb,
2229,Florida Intl Golden Panthers,2007,espn,ncaafb,
2229,Florida Intl Golden Panthers,2008,espn,ncaafb,
2229,Florida Intl Golden Panthers,2009,espn,ncaafb,
2229,Florida Intl Golden Panthers,2010,espn,ncaafb,
2229,Florida Intl Golden Panthers,2011,espn,ncaafb,
2229,Florida Intl Golden Panthers,2012,espn,ncaafb,
2229,Florida Intl Golden Panthers,2013,espn,ncaafb,
2229,Florida Intl Golden Panthers,2014,espn,ncaafb,
2229,Florida Intl Golden Panthers,2015,espn,ncaafb,
2229,Florida Intl Golden Panthers,2016,espn,ncaafb,
2229,Florida Intl Golden Panthers,2017,espn,ncaafb,
2229,Florida International Panthers,2018,espn,ncaafb,
2229,Florida International Panthers,2019,espn,ncaafb,
2229,Florida International Panthers,2020,espn,ncaafb,
2229,Florida International Panthers,2021,espn,ncaafb,
2229,Florida International Panthers,2022,espn,ncaafb,
2229,Florida International Panthers,2023,espn,ncaafb,
2229,Florida International Panthers,2024,espn,ncaafb,
2229,Florida International Panthers,2025,espn,ncaafb,
2230,Fordham Rams,2001,espn,ncaafb,
2230,Fordham Rams,2002,espn,ncaafb,
2230,Fordham Rams,2003,espn,ncaafb,
2230,Fordham Rams,2004,espn,ncaafb,
2230,Fordham Rams,2005,espn,ncaafb,
2230,Fordham Rams,2006,espn,ncaafb,
2230,Fordham Rams,2007,espn,ncaafb,
2230,Fordham Rams,2008,espn,ncaafb,
2230,Fordham Rams,2009,espn,ncaafb,
2230,Fordham Rams,2010,espn,ncaafb,
2230,Fordham Rams,2011,espn,ncaafb,
2230,Fordham Rams,2012,espn,ncaafb,
2230,Fordham Rams,2013,espn,ncaafb,
2230,Fordham Rams,2014,espn,ncaafb,
2230,Fordham Rams,2015,espn,ncaafb,
2230,Fordham Rams,2016,espn,ncaafb,
2230,Fordham Rams,2017,espn,ncaafb,
2230,Fordham Rams,2018,espn,ncaafb,
2230,Fordham Rams,2019,espn,ncaafb,
2230,Fordham Rams,2020,espn,ncaafb,
2230,Fordham Rams,2021,espn,ncaafb,
2230,Fordham Rams,2022,espn,ncaafb,
2230,Fordham Rams,2023,espn,ncaafb,
2230,Fordham Rams,2024,espn,ncaafb,
2230,Fordham Rams,2025,espn,ncaafb,
2231,Fort Hays State Tigers,2007,espn,ncaafb,
2231,Fort Hays State Tigers,2008,espn,ncaafb,
2231,Fort Hays State Tigers,2009,espn,ncaafb,
2231,Fort Hays State Tigers,2010,espn,ncaafb,
2231,Fort Hays State Tigers,2011,espn,ncaafb,
2231,Fort Hays State Tigers,2012,espn,ncaafb,
2231,Fort Hays State Tigers,2013,espn,ncaafb,
2231,Fort Hays State Tigers,2014,espn,ncaafb,
2231,Fort Hays State Tigers,2015,espn,ncaafb,
2231,Fort Hays State Tigers,2016,espn,ncaafb,
2231,Fort Hays State Tigers,2017,espn,ncaafb,
2231,Fort Hays State Tigers,2018,espn,ncaafb,
2231,Fort Hays State Tigers,2019,espn,ncaafb,
2231,Fort Hays State Tigers,2021,espn,ncaafb,
2231,Fort Hays State Tigers,2022,espn,ncaafb,
2231,Fort Hays State Tigers,2023,espn,ncaafb,
2231,Fort Hays State Tigers,2024,espn,ncaafb,
2231,Fort Hays State Tigers,2025,espn,ncaafb,
2232,Fort Valley State Wildcats,2001,espn,ncaafb,
2232,Fort Valley State Wildcats,2002,espn,ncaafb,
2232,Fort Valley State Wildcats,2003,espn,ncaafb,
2232,Fort Valley State Wildcats,2006,espn,ncaafb,
2232,Fort Valley State Wildcats,2007,espn,ncaafb,
2232,Fort Valley State Wildcats,2008,espn,ncaafb,
2232,Fort Valley State Wildcats,2009,espn,ncaafb,
2232,Fort Valley State Wildcats,2010,espn,ncaafb,
2232,Fort Valley State Wildcats,2011,espn,ncaafb,
2232,Fort Valley State Wildcats,2012,espn,ncaafb,
2232,Fort Valley State Wildcats,2013,espn,ncaafb,
2232,Fort Valley State Wildcats,2014,espn,ncaafb,
2232,Fort Valley State Wildcats,2015,espn,ncaafb,
2232,Fort Valley State Wildcats,2016,espn,ncaafb,
2232,Fort Valley State Wildcats,2017,espn,ncaafb,
2232,Fort Valley State Wildcats,2018,espn,ncaafb,
2232,Fort Valley State Wildcats,2019,espn,ncaafb,
2232,Fort Valley State Wildcats,2020,espn,ncaafb,
2232,Fort Valley State Wildcats,2021,espn,ncaafb,
2232,Fort Valley State Wildcats,2022,espn,ncaafb,
2232,Fort Valley State Wildcats,2023,espn,ncaafb,
2232,Fort Valley State Wildcats,2024,espn,ncaafb,
2232,Fort Valley State Wildcats,2025,espn,ncaafb,
2233,Franklin Grizzlies,2007,espn,ncaafb,
2233,Franklin Grizzlies,2008,espn,ncaafb,
2233,Franklin Grizzlies,2009,espn,ncaafb,
2233,Franklin Grizzlies,2010,espn,ncaafb,
2233,Franklin Grizzlies,2011,espn,ncaafb,
2233,Franklin Grizzlies,2012,espn,ncaafb,
2233,Franklin Grizzlies,2013,espn,ncaafb,
2233,Franklin Grizzlies,2014,espn,ncaafb,
2233,Franklin Grizzlies,2015,espn,ncaafb,
2233,Franklin Grizzlies,2016,espn,ncaafb,
2233,Franklin Grizzlies,2017,espn,ncaafb,
2233,Franklin Grizzlies,2018,espn,ncaafb,
2233,Franklin Grizzlies,2019,espn,ncaafb,
2233,Franklin Grizzlies,2021,espn,ncaafb,
2233,Franklin Grizzlies,2022,espn,ncaafb,
2233,Franklin Grizzlies,2023,espn,ncaafb,
2233,Franklin Grizzlies,2024,espn,ncaafb,
2233,Franklin Grizzlies,2025,espn,ncaafb,
2234,Franklin & Marshall Diplomats,2007,espn,ncaafb,
2234,Franklin & Marshall Diplomats,2008,espn,ncaafb,
2234,Franklin & Marshall Diplomats,2009,espn,ncaafb,
2234,Franklin & Marshall Diplomats,2010,espn,ncaafb,
2234,Franklin & Marshall Diplomats,2011,espn,ncaafb,
2234,Franklin & Marshall Diplomats,2012,espn,ncaafb,
2234,Franklin & Marshall Diplomats,2013,espn,ncaafb,
2234,Franklin & Marshall Diplomats,2014,espn,ncaafb,
2234,Franklin & Marshall Diplomats,2015,espn,ncaafb,
2234,Franklin & Marshall Diplomats,2016,espn,ncaafb,
2234,Franklin & Marshall Diplomats,2017,espn,ncaafb,
2234,Franklin & Marshall Diplomats,2018,espn,ncaafb,
2234,Franklin & Marshall Diplomats,2019,espn,ncaafb,
2234,Franklin & Marshall Diplomats,2020,espn,ncaafb,
2234,Franklin & Marshall Diplomats,2021,espn,ncaafb,
2234,Franklin & Marshall Diplomats,2022,espn,ncaafb,
2234,Franklin & Marshall Diplomats,2023,espn,ncaafb,
2234,Franklin & Marshall Diplomats,2024,espn,ncaafb,
2234,Franklin & Marshall Diplomats,2025,espn,ncaafb,
2237,Fort Lewis Skyhawks,2005,espn,ncaafb,
2237,Fort Lewis Skyhawks,2006,espn,ncaafb,
2237,Fort Lewis Skyhawks,2007,espn,ncaafb,
2237,Fort Lewis Skyhawks,2008,espn,ncaafb,
2237,Fort Lewis Skyhawks,2009,espn,ncaafb,
2237,Fort Lewis Skyhawks,2010,espn,ncaafb,
2237,Fort Lewis Skyhawks,2011,espn,ncaafb,
2237,Fort Lewis Skyhawks,2012,espn,ncaafb,
2237,Fort Lewis Skyhawks,2013,espn,ncaafb,
2237,Fort Lewis Skyhawks,2014,espn,ncaafb,
2237,Fort Lewis Skyhawks,2015,espn,ncaafb,
2237,Fort Lewis Skyhawks,2016,espn,ncaafb,
2237,Fort Lewis Skyhawks,2017,espn,ncaafb,
2237,Fort Lewis Skyhawks,2018,espn,ncaafb,
2237,Fort Lewis Skyhawks,2019,espn,ncaafb,
2237,Fort Lewis Skyhawks,2021,espn,ncaafb,
2237,Fort Lewis Skyhawks,2022,espn,ncaafb,
2237,Fort Lewis Skyhawks,2023,espn,ncaafb,
2237,Fort Lewis Skyhawks,2024,espn,ncaafb,
2237,Fort Lewis Skyhawks,2025,espn,ncaafb,
2241,Gardner-Webb Runnin' Bulldogs,2001,espn,ncaafb,
2241,Gardner-Webb Bulldogs,2002,espn,ncaafb,
2241,Gardner-Webb Bulldogs,2003,espn,ncaafb,
2241,Gardner-Webb Bulldogs,2004,espn,ncaafb,
2241,Gardner-Webb Bulldogs,2005,espn,ncaafb,
2241,Gardner-Webb Bulldogs,2006,espn,ncaafb,
2241,Gardner-Webb Bulldogs,2007,espn,ncaafb,
2241,Gardner-Webb Bulldogs,2008,espn,ncaafb,
2241,Gardner-Webb Bulldogs,2009,espn,ncaafb,
2241,Gardner-Webb Bulldogs,2010,espn,ncaafb,
2241,Gardner-Webb Bulldogs,2011,espn,ncaafb,
2241,Gardner-Webb Bulldogs,2012,espn,ncaafb,
2241,Gardner-Webb Bulldogs,2013,espn,ncaafb,
2241,Gardner-Webb Bulldogs,2014,espn,ncaafb,
2241,Gardner-Webb Bulldogs,2015,espn,ncaafb,
2241,Gardner-Webb Bulldogs,2016,espn,ncaafb,
2241,Gardner-Webb Bulldogs,2017,espn,ncaafb,
2241,Gardner-Webb Bulldogs,2018,espn,ncaafb,
2241,Gardner-Webb Runnin' Bulldogs,2019,espn,ncaafb,
2241,Gardner-Webb Bulldogs,2020,espn,ncaafb,
2241,Gardner-Webb Runnin' Bulldogs,2021,espn,ncaafb,
2241,Gardner-Webb Runnin' Bulldogs,2022,espn,ncaafb,
2241,Gardner-Webb Runnin' Bulldogs,2023,espn,ncaafb,
2241,Gardner-Webb Runnin' Bulldogs,2024,espn,ncaafb,
2241,Gardner-Webb Runnin' Bulldogs,2025,espn,ncaafb,
2242,Geneva College Golden Tornadoes,2003,espn,ncaafb,
2242,Geneva Golden Tornadoes,2007,espn,ncaafb,
2242,Geneva College Golden Tornadoes,2008,espn,ncaafb,
2242,Geneva College Golden Tornadoes,2009,espn,ncaafb,
2242,Geneva College Golden Tornadoes,2010,espn,ncaafb,
2242,Geneva College Golden Tornadoes,2011,espn,ncaafb,
2242,Geneva College Golden Tornadoes,2012,espn,ncaafb,
2242,Geneva College Golden Tornadoes,2013,espn,ncaafb,
2242,Geneva College Golden Tornadoes,2014,espn,ncaafb,
2242,Geneva College Golden Tornadoes,2015,espn,ncaafb,
2242,Geneva College Golden Tornadoes,2016,espn,ncaafb,
2242,Geneva College Golden Tornadoes,2017,espn,ncaafb,
2242,Geneva College Golden Tornadoes,2018,espn,ncaafb,
2242,Geneva College Golden Tornadoes,2019,espn,ncaafb,
2242,Geneva College Golden Tornadoes,2021,espn,ncaafb,
2242,Geneva College Golden Tornadoes,2022,espn,ncaafb,
2242,Geneva College Golden Tornadoes,2023,espn,ncaafb,
2242,Geneva Golden Tornadoes,2024,espn,ncaafb,
2242,Geneva Golden Tornadoes,2025,espn,ncaafb,
2244,George Mason University Patriots,2006,espn,ncaafb,
2244,George Mason Patriots,2007,espn,ncaafb,
2244,George Mason Patriots,2008,espn,ncaafb,
2244,George Mason Patriots,2009,espn,ncaafb,
2244,George Mason Patriots,2010,espn,ncaafb,
2245,Georgetown College Kentucky Tigers,2005,espn,ncaafb,
2245,Georgetown College Kentucky Tigers,2007,espn,ncaafb,
2245,Georgetown College Kentucky Tigers,2013,espn,ncaafb,
2245,Georgetown College Kentucky Tigers,2015,espn,ncaafb,
2245,Georgetown College Kentucky Tigers,2016,espn,ncaafb,
2245,Georgetown (KY) Tigers,2024,espn,ncaafb,
2247,Georgia State Panthers,2010,espn,ncaafb,
2247,Georgia State Panthers,2011,espn,ncaafb,
2247,Georgia State Panthers,2012,espn,ncaafb,
2247,Georgia State Panthers,2013,espn,ncaafb,
2247,Georgia State Panthers,2014,espn,ncaafb,
2247,Georgia State Panthers,2015,espn,ncaafb,
2247,Georgia State Panthers,2016,espn,ncaafb,
2247,Georgia State Panthers,2017,espn,ncaafb,
2247,Georgia State Panthers,2018,espn,ncaafb,
2247,Georgia State Panthers,2019,espn,ncaafb,
2247,Georgia State Panthers,2020,espn,ncaafb,
2247,Georgia State Panthers,2021,espn,ncaafb,
2247,Georgia State Panthers,2022,espn,ncaafb,
2247,Georgia State Panthers,2023,espn,ncaafb,
2247,Georgia State Panthers,2024,espn,ncaafb,
2247,Georgia State Panthers,2025,espn,ncaafb,
2248,Gettysburg Bullets,2007,espn,ncaafb,
2248,Gettysburg Bullets,2008,espn,ncaafb,
2248,Gettysburg Bullets,2009,espn,ncaafb,
2248,Gettysburg Bullets,2010,espn,ncaafb,
2248,Gettysburg Bullets,2011,espn,ncaafb,
2248,Gettysburg Bullets,2012,espn,ncaafb,
2248,Gettysburg Bullets,2013,espn,ncaafb,
2248,Gettysburg Bullets,2014,espn,ncaafb,
2248,Gettysburg Bullets,2015,espn,ncaafb,
2248,Gettysburg Bullets,2016,espn,ncaafb,
2248,Gettysburg Bullets,2017,espn,ncaafb,
2248,Gettysburg Bullets,2018,espn,ncaafb,
2248,Gettysburg Bullets,2019,espn,ncaafb,
2248,Gettysburg Bullets,2020,espn,ncaafb,
2248,Gettysburg Bullets,2021,espn,ncaafb,
2248,Gettysburg Bullets,2022,espn,ncaafb,
2248,Gettysburg Bullets,2023,espn,ncaafb,
2248,Gettysburg Bullets,2024,espn,ncaafb,
2248,Gettysburg Bullets,2025,espn,ncaafb,
2249,Glenville State Pioneers,2001,espn,ncaafb,
2249,Glenville State Pioneers,2002,espn,ncaafb,
2249,Glenville State Pioneers,2004,espn,ncaafb,
2249,Glenville State Pioneers,2006,espn,ncaafb,
2249,Glenville State Pioneers,2007,espn,ncaafb,
2249,Glenville State Pioneers,2008,espn,ncaafb,
2249,Glenville State Pioneers,2009,espn,ncaafb,
2249,Glenville State Pioneers,2010,espn,ncaafb,
2249,Glenville State Pioneers,2011,espn,ncaafb,
2249,Glenville State Pioneers,2012,espn,ncaafb,
2249,Glenville State Pioneers,2013,espn,ncaafb,
2249,Glenville State Pioneers,2014,espn,ncaafb,
2249,Glenville State Pioneers,2015,espn,ncaafb,
2249,Glenville State Pioneers,2016,espn,ncaafb,
2249,Glenville State Pioneers,2017,espn,ncaafb,
2249,Glenville State Pioneers,2018,espn,ncaafb,
2249,Glenville State Pioneers,2019,espn,ncaafb,
2249,Glenville State Pioneers,2021,espn,ncaafb,
2249,Glenville State Pioneers,2022,espn,ncaafb,
2249,Glenville State Pioneers,2023,espn,ncaafb,
2249,Glenville State Pioneers,2024,espn,ncaafb,
2249,Glenville State Pioneers,2025,espn,ncaafb,
2254,Grand View Vikings,2008,espn,ncaafb,
2254,Grand View Vikings,2009,espn,ncaafb,
2254,Grand View Vikings,2011,espn,ncaafb,
2254,Des Moines Vikings,2012,espn,ncaafb,
2254,Grand View Vikings,2013,espn,ncaafb,
2254,Des Moines Vikings,2014,espn,ncaafb,
2256,Greensboro Pride,2005,espn,ncaafb,
2256,Greensboro Pride,2006,espn,ncaafb,
2256,Greensboro Pride,2007,espn,ncaafb,
2256,Greensboro Pride,2008,espn,ncaafb,
2256,Greensboro Pride,2009,espn,ncaafb,
2256,Greensboro Pride,2010,espn,ncaafb,
2256,Greensboro Pride,2011,espn,ncaafb,
2256,Greensboro Pride,2012,espn,ncaafb,
2256,Greensboro Pride,2013,espn,ncaafb,
2256,Greensboro Pride,2014,espn,ncaafb,
2256,Greensboro Pride,2015,espn,ncaafb,
2256,Greensboro Pride,2016,espn,ncaafb,
2256,Greensboro Pride,2017,espn,ncaafb,
2256,Greensboro Pride,2018,espn,ncaafb,
2256,Greensboro College Pride,2019,espn,ncaafb,
2256,Greensboro College Pride,2021,espn,ncaafb,
2256,Greensboro College Pride,2022,espn,ncaafb,
2256,Greensboro College Pride,2023,espn,ncaafb,
2256,Greensboro College Pride,2024,espn,ncaafb,
2256,Greensboro College Pride,2025,espn,ncaafb,
2257,Greenville Panthers,2007,espn,ncaafb,
2257,Greenville Panthers,2008,espn,ncaafb,
2257,Greenville Panthers,2009,espn,ncaafb,
2257,Greenville Panthers,2010,espn,ncaafb,
2257,Greenville Panthers,2011,espn,ncaafb,
2257,Greenville Panthers,2012,espn,ncaafb,
2257,Greenville Panthers,2013,espn,ncaafb,
2257,Greenville Panthers,2014,espn,ncaafb,
2257,Greenville Panthers,2015,espn,ncaafb,
2257,Greenville Panthers,2016,espn,ncaafb,
2257,Greenville Panthers,2017,espn,ncaafb,
2257,Greenville Panthers,2018,espn,ncaafb,
2257,Greenville Panthers,2019,espn,ncaafb,
2257,Greenville Panthers,2021,espn,ncaafb,
2257,Greenville Panthers,2022,espn,ncaafb,
2257,Greenville Panthers,2023,espn,ncaafb,
2257,Greenville Panthers,2024,espn,ncaafb,
2257,Greenville Panthers,2025,espn,ncaafb,
2258,Guilford Quakers,2007,espn,ncaafb,
2258,Guilford Quakers,2008,espn,ncaafb,
2258,Guilford Quakers,2009,espn,ncaafb,
2258,Guilford Quakers,2010,espn,ncaafb,
2258,Guilford Quakers,2011,espn,ncaafb,
2258,Guilford Quakers,2012,espn,ncaafb,
2258,Guilford Quakers,2013,espn,ncaafb,
2258,Guilford Quakers,2014,espn,ncaafb,
2258,Guilford Quakers,2015,espn,ncaafb,
2258,Guilford Quakers,2016,espn,ncaafb,
2258,Guilford Quakers,2017,espn,ncaafb,
2258,Guilford Quakers,2018,espn,ncaafb,
2258,Guilford Quakers,2019,espn,ncaafb,
2258,Guilford Quakers,2020,espn,ncaafb,
2258,Guilford Quakers,2021,espn,ncaafb,
2258,Guilford Quakers,2022,espn,ncaafb,
2258,Guilford Quakers,2023,espn,ncaafb,
2258,Guilford Quakers,2024,espn,ncaafb,
2258,Guilford Quakers,2025,espn,ncaafb,
2261,Hampton Pirates,2001,espn,ncaafb,
2261,Hampton Pirates,2002,espn,ncaafb,
2261,Hampton Pirates,2003,espn,ncaafb,
2261,Hampton Pirates,2004,espn,ncaafb,
2261,Hampton Pirates,2005,espn,ncaafb,
2261,Hampton Pirates,2006,espn,ncaafb,
2261,Hampton Pirates,2007,espn,ncaafb,
2261,Hampton Pirates,2008,espn,ncaafb,
2261,Hampton Pirates,2009,espn,ncaafb,
2261,Hampton Pirates,2010,espn,ncaafb,
2261,Hampton Pirates,2011,espn,ncaafb,
2261,Hampton Pirates,2012,espn,ncaafb,
2261,Hampton Pirates,2013,espn,ncaafb,
2261,Hampton Pirates,2014,espn,ncaafb,
2261,Hampton Pirates,2015,espn,ncaafb,
2261,Hampton Pirates,2016,espn,ncaafb,
2261,Hampton Pirates,2017,espn,ncaafb,
2261,Hampton Pirates,2018,espn,ncaafb,
2261,Hampton Pirates,2019,espn,ncaafb,
2261,Hampton Pirates,2021,espn,ncaafb,
2261,Hampton Pirates,2022,espn,ncaafb,
2261,Hampton Pirates,2023,espn,ncaafb,
2261,Hampton Pirates,2024,espn,ncaafb,
2261,Hampton Pirates,2025,espn,ncaafb,
2262,Hanover Panthers,2006,espn,ncaafb,
2262,Hanover Panthers,2007,espn,ncaafb,
2262,Hanover Panthers,2008,espn,ncaafb,
2262,Hanover Panthers,2009,espn,ncaafb,
2262,Hanover Panthers,2010,espn,ncaafb,
2262,Hanover Panthers,2011,espn,ncaafb,
2262,Hanover Panthers,2012,espn,ncaafb,
2262,Hanover Panthers,2013,espn,ncaafb,
2262,Hanover Panthers,2014,espn,ncaafb,
2262,Hanover Panthers,2015,espn,ncaafb,
2262,Hanover Panthers,2016,espn,ncaafb,
2262,Hanover Panthers,2017,espn,ncaafb,
2262,Hanover Panthers,2018,espn,ncaafb,
2262,Hanover Panthers,2019,espn,ncaafb,
2262,Hanover Panthers,2021,espn,ncaafb,
2262,Hanover Panthers,2022,espn,ncaafb,
2262,Hanover Panthers,2023,espn,ncaafb,
2262,Hanover Panthers,2024,espn,ncaafb,
2262,Hanover Panthers,2025,espn,ncaafb,
2264,Harding Bison,2007,espn,ncaafb,
2264,Harding Bison,2008,espn,ncaafb,
2264,Harding Bison,2009,espn,ncaafb,
2264,Harding Bison,2010,espn,ncaafb,
2264,Harding Bison,2011,espn,ncaafb,
2264,Harding Bison,2012,espn,ncaafb,
2264,Harding Bison,2013,espn,ncaafb,
2264,Harding Bison,2014,espn,ncaafb,
2264,Harding Bison,2015,espn,ncaafb,
2264,Harding Bison,2016,espn,ncaafb,
2264,Harding Bison,2017,espn,ncaafb,
2264,Harding University Bisons,2018,espn,ncaafb,
2264,Harding University Bisons,2019,espn,ncaafb,
2264,Harding University Bisons,2021,espn,ncaafb,
2264,Harding University Bisons,2022,espn,ncaafb,
2264,Harding University Bisons,2023,espn,ncaafb,
2264,Harding University Bisons,2024,espn,ncaafb,
2264,Harding University Bisons,2025,espn,ncaafb,
2271,Henderson State Reddies,2001,espn,ncaafb,
2271,Henderson State Reddies,2002,espn,ncaafb,
2271,Henderson State Reddies,2003,espn,ncaafb,
2271,Henderson State Reddies,2004,espn,ncaafb,
2271,Henderson State Reddies,2005,espn,ncaafb,
2271,Henderson State Reddies,2006,espn,ncaafb,
2271,Henderson State Reddies,2007,espn,ncaafb,
2271,Henderson State Reddies,2008,espn,ncaafb,
2271,Henderson State Reddies,2009,espn,ncaafb,
2271,Henderson State Reddies,2010,espn,ncaafb,
2271,Henderson State Reddies,2011,espn,ncaafb,
2271,Henderson State Reddies,2012,espn,ncaafb,
2271,Henderson State Reddies,2013,espn,ncaafb,
2271,Henderson State Reddies,2014,espn,ncaafb,
2271,Henderson State Reddies,2015,espn,ncaafb,
2271,Henderson State Reddies,2016,espn,ncaafb,
2271,Henderson State Reddies,2017,espn,ncaafb,
2271,Henderson State Reddies,2018,espn,ncaafb,
2271,Henderson State Reddies,2019,espn,ncaafb,
2271,Henderson State Reddies,2021,espn,ncaafb,
2271,Henderson State Reddies,2022,espn,ncaafb,
2271,Henderson State Reddies,2023,espn,ncaafb,
2271,Henderson State Reddies,2024,espn,ncaafb,
2271,Henderson State Reddies,2025,espn,ncaafb,
2273,Hillsdale Chargers,2007,espn,ncaafb,
2273,Hillsdale Chargers,2008,espn,ncaafb,
2273,Hillsdale Chargers,2009,espn,ncaafb,
2273,Hillsdale Chargers,2010,espn,ncaafb,
2273,Hillsdale Chargers,2011,espn,ncaafb,
2273,Hillsdale Chargers,2012,espn,ncaafb,
2273,Hillsdale Chargers,2013,espn,ncaafb,
2273,Hillsdale Chargers,2014,espn,ncaafb,
2273,Hillsdale Chargers,2015,espn,ncaafb,
2273,Hillsdale Chargers,2016,espn,ncaafb,
2273,Hillsdale Chargers,2017,espn,ncaafb,
2273,Hillsdale Chargers,2018,espn,ncaafb,
2273,Hillsdale Chargers,2019,espn,ncaafb,
2273,Hillsdale Chargers,2021,espn,ncaafb,
2273,Hillsdale Chargers,2022,espn,ncaafb,
2273,Hillsdale Chargers,2023,espn,ncaafb,
2273,Hillsdale Chargers,2024,espn,ncaafb,
2273,Hillsdale Chargers,2025,espn,ncaafb,
2274,Hiram Terriers,2007,espn,ncaafb,
2274,Hiram Terriers,2008,espn,ncaafb,
2274,Hiram Terriers,2009,espn,ncaafb,
2274,Hiram Terriers,2010,espn,ncaafb,
2274,Hiram Terriers,2011,espn,ncaafb,
2274,Hiram Terriers,2012,espn,ncaafb,
2274,Hiram Terriers,2013,espn,ncaafb,
2274,Hiram Terriers,2014,espn,ncaafb,
2274,Hiram Terriers,2015,espn,ncaafb,
2274,Hiram Terriers,2016,espn,ncaafb,
2274,Hiram Terriers,2017,espn,ncaafb,
2274,Hiram College Terriers,2018,espn,ncaafb,
2274,Hiram College Terriers,2019,espn,ncaafb,
2274,Hiram College Terriers,2021,espn,ncaafb,
2274,Hiram College Terriers,2022,espn,ncaafb,
2274,Hiram College Terriers,2023,espn,ncaafb,
2274,Hiram College Terriers,2024,espn,ncaafb,
2274,Hiram College Terriers,2025,espn,ncaafb,
2275,Hofstra Pride,2001,espn,ncaafb,
2275,Hofstra Pride,2002,espn,ncaafb,
2275,Hofstra Pride,2003,espn,ncaafb,
2275,Hofstra Pride,2004,espn,ncaafb,
2275,Hofstra Pride,2005,espn,ncaafb,
2275,Hofstra Pride,2006,espn,ncaafb,
2275,Hofstra Pride,2007,espn,ncaafb,
2275,Hofstra Pride,2008,espn,ncaafb,
2275,Hofstra Pride,2009,espn,ncaafb,
2277,Houston Baptist Huskies,2013,espn,ncaafb,
2277,Houston Baptist Huskies,2014,espn,ncaafb,
2277,Houston Baptist Huskies,2015,espn,ncaafb,
2277,Houston Baptist Huskies,2016,espn,ncaafb,
2277,Houston Baptist Huskies,2017,espn,ncaafb,
2277,Houston Baptist Huskies,2018,espn,ncaafb,
2277,Houston Baptist Huskies,2019,espn,ncaafb,
2277,Houston Baptist Huskies,2020,espn,ncaafb,
2277,Houston Baptist Huskies,2021,espn,ncaafb,
2277,Houston Christian Huskies,2022,espn,ncaafb,
2277,Houston Christian Huskies,2023,espn,ncaafb,
2277,Houston Christian Huskies,2024,espn,ncaafb,
2277,Houston Christian Huskies,2025,espn,ncaafb,
2278,Humboldt State Lumberjacks,2001,espn,ncaafb,
2278,Humboldt State Lumberjacks,2002,espn,ncaafb,
2278,Humboldt State Lumberjacks,2003,espn,ncaafb,
2278,Humboldt State Lumberjacks,2004,espn,ncaafb,
2278,Humboldt State Lumberjacks,2006,espn,ncaafb,
2278,Humboldt State Lumberjacks,2007,espn,ncaafb,
2278,Humboldt State Lumberjacks,2008,espn,ncaafb,
2278,Humboldt State Lumberjacks,2009,espn,ncaafb,
2278,Humboldt State Lumberjacks,2010,espn,ncaafb,
2278,Humboldt State Lumberjacks,2011,espn,ncaafb,
2278,Humboldt State Lumberjacks,2012,espn,ncaafb,
2278,Humboldt State Lumberjacks,2013,espn,ncaafb,
2278,Humboldt State Lumberjacks,2014,espn,ncaafb,
2278,Humboldt State Lumberjacks,2015,espn,ncaafb,
2278,Humboldt State Lumberjacks,2016,espn,ncaafb,
2278,Humboldt State Lumberjacks,2017,espn,ncaafb,
2278,Humboldt State Lumberjacks,2018,espn,ncaafb,
2280,Husson Eagles,2006,espn,ncaafb,
2280,Husson Eagles,2007,espn,ncaafb,
2280,Husson Eagles,2008,espn,ncaafb,
2280,Husson Eagles,2009,espn,ncaafb,
2280,Husson Eagles,2010,espn,ncaafb,
2280,Husson Eagles,2011,espn,ncaafb,
2280,Husson Eagles,2012,espn,ncaafb,
2280,Husson Eagles,2013,espn,ncaafb,
2280,Husson Eagles,2014,espn,ncaafb,
2280,Husson Eagles,2015,espn,ncaafb,
2280,Husson Eagles,2016,espn,ncaafb,
2280,Husson Eagles,2017,espn,ncaafb,
2280,Husson Eagles,2018,espn,ncaafb,
2280,Husson Eagles,2019,espn,ncaafb,
2280,Husson Eagles,2020,espn,ncaafb,
2280,Husson Eagles,2021,espn,ncaafb,
2280,Husson Eagles,2022,espn,ncaafb,
2280,Husson Eagles,2023,espn,ncaafb,
2280,Husson Eagles,2024,espn,ncaafb,
2280,Husson Eagles,2025,espn,ncaafb,
2283,Benedictine (IL) Eagles,2007,espn,ncaafb,
2283,Benedictine (IL) Eagles,2008,espn,ncaafb,
2283,Benedictine (IL) Eagles,2009,espn,ncaafb,
2283,Benedictine (IL) Eagles,2010,espn,ncaafb,
2283,Benedictine (IL) Eagles,2011,espn,ncaafb,
2283,Benedictine (IL) Eagles,2012,espn,ncaafb,
2283,Benedictine (IL) Eagles,2013,espn,ncaafb,
2283,Benedictine (IL) Eagles,2014,espn,ncaafb,
2283,Benedictine (IL) Eagles,2015,espn,ncaafb,
2283,Benedictine (IL) Eagles,2016,espn,ncaafb,
2283,Benedictine (IL) Eagles,2017,espn,ncaafb,
2283,Benedictine (IL) Eagles,2018,espn,ncaafb,
2283,Benedictine University (IL) Eagles,2019,espn,ncaafb,
2283,Benedictine University (IL) Eagles,2020,espn,ncaafb,
2283,Benedictine University (IL) Eagles,2021,espn,ncaafb,
2283,Benedictine University (IL) Eagles,2022,espn,ncaafb,
2283,Benedictine University (IL) Eagles,2023,espn,ncaafb,
2283,Benedictine University (IL) Eagles,2024,espn,ncaafb,
2283,Benedictine University (IL) Eagles,2025,espn,ncaafb,
2286,Illinois College Blueboys,2007,espn,ncaafb,
2286,Illinois College Blueboys,2008,espn,ncaafb,
2286,Illinois College Blueboys,2009,espn,ncaafb,
2286,Illinois College Blueboys,2010,espn,ncaafb,
2286,Illinois College Blueboys,2011,espn,ncaafb,
2286,Illinois College Blueboys,2012,espn,ncaafb,
2286,Illinois College Blueboys,2013,espn,ncaafb,
2286,Illinois College Blueboys,2014,espn,ncaafb,
2286,Illinois College Blueboys,2015,espn,ncaafb,
2286,Illinois College Blueboys,2016,espn,ncaafb,
2286,Illinois College Blueboys,2017,espn,ncaafb,
2286,Illinois College Blueboys,2018,espn,ncaafb,
2286,Illinois College Blueboys,2019,espn,ncaafb,
2286,Illinois College Blueboys,2020,espn,ncaafb,
2286,Illinois College Blueboys,2021,espn,ncaafb,
2286,Illinois College Blueboys,2022,espn,ncaafb,
2286,Illinois College Blueboys,2023,espn,ncaafb,
2286,Illinois College Blueboys,2024,espn,ncaafb,
2286,Illinois College Blueboys,2025,espn,ncaafb,
2287,Illinois State Redbirds,2001,espn,ncaafb,
2287,Illinois State Redbirds,2002,espn,ncaafb,
2287,Illinois State Redbirds,2003,espn,ncaafb,
2287,Illinois State Redbirds,2004,espn,ncaafb,
2287,Illinois State Redbirds,2005,espn,ncaafb,
2287,Illinois State Redbirds,2006,espn,ncaafb,
2287,Illinois State Redbirds,2007,espn,ncaafb,
2287,Illinois State Redbirds,2008,espn,ncaafb,
2287,Illinois State Redbirds,2009,espn,ncaafb,
2287,Illinois State Redbirds,2010,espn,ncaafb,
2287,Illinois State Redbirds,2011,espn,ncaafb,
2287,Illinois State Redbirds,2012,espn,ncaafb,
2287,Illinois State Redbirds,2013,espn,ncaafb,
2287,Illinois State Redbirds,2014,espn,ncaafb,
2287,Illinois State Redbirds,2015,espn,ncaafb,
2287,Illinois State Redbirds,2016,espn,ncaafb,
2287,Illinois State Redbirds,2017,espn,ncaafb,
2287,Illinois State Redbirds,2018,espn,ncaafb,
2287,Illinois State Redbirds,2019,espn,ncaafb,
2287,Illinois State Redbirds,2021,espn,ncaafb,
2287,Illinois State Redbirds,2022,espn,ncaafb,
2287,Illinois State Redbirds,2023,espn,ncaafb,
2287,Illinois State Redbirds,2024,espn,ncaafb,
2287,Illinois State Redbirds,2025,espn,ncaafb,
2291,Indiana (PA) Crimson Hawks,2007,espn,ncaafb,
2291,Indiana (PA) Crimson Hawks,2008,espn,ncaafb,
2291,Indiana (PA) Crimson Hawks,2009,espn,ncaafb,
2291,Indiana (PA) Crimson Hawks,2010,espn,ncaafb,
2291,Indiana (PA) Crimson Hawks,2011,espn,ncaafb,
2291,Indiana (PA) Crimson Hawks,2012,espn,ncaafb,
2291,Indiana (PA) Crimson Hawks,2013,espn,ncaafb,
2291,Indiana (PA) Crimson Hawks,2014,espn,ncaafb,
2291,Indiana (PA) Crimson Hawks,2015,espn,ncaafb,
2291,Indiana (PA) Crimson Hawks,2016,espn,ncaafb,
2291,Indiana (PA) Crimson Hawks,2017,espn,ncaafb,
2291,Indiana (PA) Crimson Hawks,2018,espn,ncaafb,
2291,Indiana (PA) Crimson Hawks,2019,espn,ncaafb,
2291,Indiana (PA) Crimson Hawks,2020,espn,ncaafb,
2291,Indiana (PA) Crimson Hawks,2021,espn,ncaafb,
2291,Indiana (PA) Crimson Hawks,2022,espn,ncaafb,
2291,Indiana-Pennsylvania Crimson Hawks,2023,espn,ncaafb,
2291,Indiana-Pennsylvania Crimson Hawks,2024,espn,ncaafb,
2291,Indiana-Pennsylvania Crimson Hawks,2025,espn,ncaafb,
2292,Indianapolis Greyhounds,2007,espn,ncaafb,
2292,Indianapolis Greyhounds,2008,espn,ncaafb,
2292,Indianapolis Greyhounds,2009,espn,ncaafb,
2292,Indianapolis Greyhounds,2010,espn,ncaafb,
2292,Indianapolis Greyhounds,2011,espn,ncaafb,
2292,Indianapolis Greyhounds,2012,espn,ncaafb,
2292,Indianapolis Greyhounds,2013,espn,ncaafb,
2292,Indianapolis Greyhounds,2014,espn,ncaafb,
2292,Indianapolis Greyhounds,2015,espn,ncaafb,
2292,Indianapolis Greyhounds,2016,espn,ncaafb,
2292,Indianapolis Greyhounds,2017,espn,ncaafb,
2292,Indianapolis Greyhounds,2018,espn,ncaafb,
2292,Indianapolis Greyhounds,2019,espn,ncaafb,
2292,Indianapolis Greyhounds,2021,espn,ncaafb,
2292,Indianapolis Greyhounds,2022,espn,ncaafb,
2292,Indianapolis Greyhounds,2023,espn,ncaafb,
2292,Indianapolis Greyhounds,2024,espn,ncaafb,
2292,Indianapolis Greyhounds,2025,espn,ncaafb,
2294,Iowa Hawkeyes,2001,espn,ncaafb,
2294,Iowa Hawkeyes,2002,espn,ncaafb,
2294,Iowa Hawkeyes,2003,espn,ncaafb,
2294,Iowa Hawkeyes,2004,espn,ncaafb,
2294,Iowa Hawkeyes,2005,espn,ncaafb,
2294,Iowa Hawkeyes,2006,espn,ncaafb,
2294,Iowa Hawkeyes,2007,espn,ncaafb,
2294,Iowa Hawkeyes,2008,espn,ncaafb,
2294,Iowa Hawkeyes,2009,espn,ncaafb,
2294,Iowa Hawkeyes,2010,espn,ncaafb,
2294,Iowa Hawkeyes,2011,espn,ncaafb,
2294,Iowa Hawkeyes,2012,espn,ncaafb,
2294,Iowa Hawkeyes,2013,espn,ncaafb,
2294,Iowa Hawkeyes,2014,espn,ncaafb,
2294,Iowa Hawkeyes,2015,espn,ncaafb,
2294,Iowa Hawkeyes,2016,espn,ncaafb,
2294,Iowa Hawkeyes,2017,espn,ncaafb,
2294,Iowa Hawkeyes,2018,espn,ncaafb,
2294,Iowa Hawkeyes,2019,espn,ncaafb,
2294,Iowa Hawkeyes,2020,espn,ncaafb,
2294,Iowa Hawkeyes,2021,espn,ncaafb,
2294,Iowa Hawkeyes,2022,espn,ncaafb,
2294,Iowa Hawkeyes,2023,espn,ncaafb,
2294,Iowa Hawkeyes,2024,espn,ncaafb,
2294,Iowa Hawkeyes,2025,espn,ncaafb,
2295,Iowa Wesleyan Tigers,2005,espn,ncaafb,
2295,Iowa Wesleyan Tigers,2007,espn,ncaafb,
2295,Iowa Wesleyan Tigers,2008,espn,ncaafb,
2295,Iowa Wesleyan Tigers,2009,espn,ncaafb,
2295,Iowa Wesleyan Tigers,2010,espn,ncaafb,
2295,Iowa Wesleyan Tigers,2013,espn,ncaafb,
2295,Iowa Wesleyan Tigers,2014,espn,ncaafb,
2295,Iowa Wesleyan Tigers,2015,espn,ncaafb,
2295,Iowa Wesleyan Tigers,2016,espn,ncaafb,
2295,Iowa Wesleyan Tigers,2017,espn,ncaafb,
2295,Iowa Wesleyan Tigers,2018,espn,ncaafb,
2295,Iowa Wesleyan Tigers,2019,espn,ncaafb,
2295,Iowa Wesleyan Tigers,2021,espn,ncaafb,
2295,Iowa Wesleyan Tigers,2022,espn,ncaafb,
2296,Jackson State Tigers,2001,espn,ncaafb,
2296,Jackson State Tigers,2002,espn,ncaafb,
2296,Jackson State Tigers,2003,espn,ncaafb,
2296,Jackson State Tigers,2004,espn,ncaafb,
2296,Jackson State Tigers,2005,espn,ncaafb,
2296,Jackson State Tigers,2006,espn,ncaafb,
2296,Jackson State Tigers,2007,espn,ncaafb,
2296,Jackson State Tigers,2008,espn,ncaafb,
2296,Jackson State Tigers,2009,espn,ncaafb,
2296,Jackson State Tigers,2010,espn,ncaafb,
2296,Jackson State Tigers,2011,espn,ncaafb,
2296,Jackson State Tigers,2012,espn,ncaafb,
2296,Jackson State Tigers,2013,espn,ncaafb,
2296,Jackson State Tigers,2014,espn,ncaafb,
2296,Jackson State Tigers,2015,espn,ncaafb,
2296,Jackson State Tigers,2016,espn,ncaafb,
2296,Jackson State Tigers,2017,espn,ncaafb,
2296,Jackson State Tigers,2018,espn,ncaafb,
2296,Jackson State Tigers,2019,espn,ncaafb,
2296,Jackson State Tigers,2020,espn,ncaafb,
2296,Jackson State Tigers,2021,espn,ncaafb,
2296,Jackson State Tigers,2022,espn,ncaafb,
2296,Jackson State Tigers,2023,espn,ncaafb,
2296,Jackson State Tigers,2024,espn,ncaafb,
2296,Jackson State Tigers,2025,espn,ncaafb,
2302,John Carroll Blue Streaks,2007,espn,ncaafb,
2302,John Carroll Blue Streaks,2008,espn,ncaafb,
2302,John Carroll Blue Streaks,2009,espn,ncaafb,
2302,John Carroll Blue Streaks,2010,espn,ncaafb,
2302,John Carroll Blue Streaks,2011,espn,ncaafb,
2302,John Carroll Blue Streaks,2012,espn,ncaafb,
2302,John Carroll Blue Streaks,2013,espn,ncaafb,
2302,John Carroll Blue Streaks,2014,espn,ncaafb,
2302,John Carroll Blue Streaks,2015,espn,ncaafb,
2302,John Carroll Blue Streaks,2016,espn,ncaafb,
2302,John Carroll Blue Streaks,2017,espn,ncaafb,
2302,John Carroll Blue Streaks,2018,espn,ncaafb,
2302,John Carroll Blue Streaks,2019,espn,ncaafb,
2302,John Carroll Blue Streaks,2021,espn,ncaafb,
2302,John Carroll Blue Streaks,2022,espn,ncaafb,
2302,John Carroll Blue Streaks,2023,espn,ncaafb,
2302,John Carroll Blue Streaks,2024,espn,ncaafb,
2302,John Carroll Blue Streaks,2025,espn,ncaafb,
2304,Johnson Smith Golden Bulls,2001,espn,ncaafb,
2304,Johnson C Smith Golden Bulls,2002,espn,ncaafb,
2304,Johnson C Smith Golden Bulls,2003,espn,ncaafb,
2304,Johnson C Smith Golden Bulls,2004,espn,ncaafb,
2304,Johnson C Smith Golden Bulls,2006,espn,ncaafb,
2304,Johnson C Smith Golden Bulls,2007,espn,ncaafb,
2304,Johnson C Smith Golden Bulls,2008,espn,ncaafb,
2304,Johnson C Smith Golden Bulls,2009,espn,ncaafb,
2304,Johnson C Smith Golden Bulls,2010,espn,ncaafb,
2304,Johnson C Smith Golden Bulls,2011,espn,ncaafb,
2304,Johnson C Smith Golden Bulls,2012,espn,ncaafb,
2304,Johnson C Smith Golden Bulls,2013,espn,ncaafb,
2304,Johnson C Smith Golden Bulls,2014,espn,ncaafb,
2304,Johnson C Smith Golden Bulls,2015,espn,ncaafb,
2304,Johnson C Smith Golden Bulls,2016,espn,ncaafb,
2304,Johnson C Smith Golden Bulls,2017,espn,ncaafb,
2304,Johnson C Smith Golden Bulls,2018,espn,ncaafb,
2304,Johnson C Smith Golden Bulls,2019,espn,ncaafb,
2304,Johnson C Smith Golden Bulls,2021,espn,ncaafb,
2304,Johnson C Smith Golden Bulls,2022,espn,ncaafb,
2304,Johnson C Smith Golden Bulls,2023,espn,ncaafb,
2304,Johnson C Smith Golden Bulls,2024,espn,ncaafb,
2304,Johnson C Smith Golden Bulls,2025,espn,ncaafb,
2305,Kansas Jayhawks,2001,espn,ncaafb,
2305,Kansas Jayhawks,2002,espn,ncaafb,
2305,Kansas Jayhawks,2003,espn,ncaafb,
2305,Kansas Jayhawks,2004,espn,ncaafb,
2305,Kansas Jayhawks,2005,espn,ncaafb,
2305,Kansas Jayhawks,2006,espn,ncaafb,
2305,Kansas Jayhawks,2007,espn,ncaafb,
2305,Kansas Jayhawks,2008,espn,ncaafb,
2305,Kansas Jayhawks,2009,espn,ncaafb,
2305,Kansas Jayhawks,2010,espn,ncaafb,
2305,Kansas Jayhawks,2011,espn,ncaafb,
2305,Kansas Jayhawks,2012,espn,ncaafb,
2305,Kansas Jayhawks,2013,espn,ncaafb,
2305,Kansas Jayhawks,2014,espn,ncaafb,
2305,Kansas Jayhawks,2015,espn,ncaafb,
2305,Kansas Jayhawks,2016,espn,ncaafb,
2305,Kansas Jayhawks,2017,espn,ncaafb,
2305,Kansas Jayhawks,2018,espn,ncaafb,
2305,Kansas Jayhawks,2019,espn,ncaafb,
2305,Kansas Jayhawks,2020,espn,ncaafb,
2305,Kansas Jayhawks,2021,espn,ncaafb,
2305,Kansas Jayhawks,2022,espn,ncaafb,
2305,Kansas Jayhawks,2023,espn,ncaafb,
2305,Kansas Jayhawks,2024,espn,ncaafb,
2305,Kansas Jayhawks,2025,espn,ncaafb,
2306,Kansas State Wildcats,2001,espn,ncaafb,
2306,Kansas State Wildcats,2002,espn,ncaafb,
2306,Kansas State Wildcats,2003,espn,ncaafb,
2306,Kansas State Wildcats,2004,espn,ncaafb,
2306,Kansas State Wildcats,2005,espn,ncaafb,
2306,Kansas State Wildcats,2006,espn,ncaafb,
2306,Kansas State Wildcats,2007,espn,ncaafb,
2306,Kansas State Wildcats,2008,espn,ncaafb,
2306,Kansas State Wildcats,2009,espn,ncaafb,
2306,Kansas State Wildcats,2010,espn,ncaafb,
2306,Kansas State Wildcats,2011,espn,ncaafb,
2306,Kansas State Wildcats,2012,espn,ncaafb,
2306,Kansas State Wildcats,2013,espn,ncaafb,
2306,Kansas State Wildcats,2014,espn,ncaafb,
2306,Kansas State Wildcats,2015,espn,ncaafb,
2306,Kansas State Wildcats,2016,espn,ncaafb,
2306,Kansas State Wildcats,2017,espn,ncaafb,
2306,Kansas State Wildcats,2018,espn,ncaafb,
2306,Kansas State Wildcats,2019,espn,ncaafb,
2306,Kansas State Wildcats,2020,espn,ncaafb,
2306,Kansas State Wildcats,2021,espn,ncaafb,
2306,Kansas State Wildcats,2022,espn,ncaafb,
2306,Kansas State Wildcats,2023,espn,ncaafb,
2306,Kansas State Wildcats,2024,espn,ncaafb,
2306,Kansas State Wildcats,2025,espn,ncaafb,
2309,Kent State Golden Flashes,2001,espn,ncaafb,
2309,Kent State Golden Flashes,2002,espn,ncaafb,
2309,Kent State Golden Flashes,2003,espn,ncaafb,
2309,Kent State Golden Flashes,2004,espn,ncaafb,
2309,Kent State Golden Flashes,2005,espn,ncaafb,
2309,Kent State Golden Flashes,2006,espn,ncaafb,
2309,Kent State Golden Flashes,2007,espn,ncaafb,
2309,Kent State Golden Flashes,2008,espn,ncaafb,
2309,Kent State Golden Flashes,2009,espn,ncaafb,
2309,Kent State Golden Flashes,2010,espn,ncaafb,
2309,Kent State Golden Flashes,2011,espn,ncaafb,
2309,Kent State Golden Flashes,2012,espn,ncaafb,
2309,Kent State Golden Flashes,2013,espn,ncaafb,
2309,Kent State Golden Flashes,2014,espn,ncaafb,
2309,Kent State Golden Flashes,2015,espn,ncaafb,
2309,Kent State Golden Flashes,2016,espn,ncaafb,
2309,Kent State Golden Flashes,2017,espn,ncaafb,
2309,Kent State Golden Flashes,2018,espn,ncaafb,
2309,Kent State Golden Flashes,2019,espn,ncaafb,
2309,Kent State Golden Flashes,2020,espn,ncaafb,
2309,Kent State Golden Flashes,2021,espn,ncaafb,
2309,Kent State Golden Flashes,2022,espn,ncaafb,
2309,Kent State Golden Flashes,2023,espn,ncaafb,
2309,Kent State Golden Flashes,2024,espn,ncaafb,
2309,Kent State Golden Flashes,2025,espn,ncaafb,
2310,Kentucky State Thorobreds,2001,espn,ncaafb,
2310,Kentucky State Thorobreds,2002,espn,ncaafb,
2310,Kentucky State Thorobreds,2003,espn,ncaafb,
2310,Kentucky State Thorobreds,2006,espn,ncaafb,
2310,Kentucky State Thorobreds,2007,espn,ncaafb,
2310,Kentucky State Thorobreds,2008,espn,ncaafb,
2310,Kentucky State Thorobreds,2009,espn,ncaafb,
2310,Kentucky State Thorobreds,2010,espn,ncaafb,
2310,Kentucky State Thorobreds,2011,espn,ncaafb,
2310,Kentucky State Thorobreds,2012,espn,ncaafb,
2310,Kentucky State Thorobreds,2013,espn,ncaafb,
2310,Kentucky State Thorobreds,2014,espn,ncaafb,
2310,Kentucky State Thorobreds,2015,espn,ncaafb,
2310,Kentucky State Thorobreds,2016,espn,ncaafb,
2310,Kentucky State Thorobreds,2017,espn,ncaafb,
2310,Kentucky State Thorobreds,2018,espn,ncaafb,
2310,Kentucky State Thorobreds,2019,espn,ncaafb,
2310,Kentucky State Thorobreds,2020,espn,ncaafb,
2310,Kentucky State Thorobreds,2021,espn,ncaafb,
2310,Kentucky State Thorobreds,2022,espn,ncaafb,
2310,Kentucky State Thorobreds,2023,espn,ncaafb,
2310,Kentucky State Thorobreds,2024,espn,ncaafb,
2310,Kentucky State Thorobreds,2025,espn,ncaafb,
2315,Kutztown Golden Bears,2007,espn,ncaafb,
2315,Kutztown Golden Bears,2008,espn,ncaafb,
2315,Kutztown Golden Bears,2009,espn,ncaafb,
2315,Kutztown Golden Bears,2010,espn,ncaafb,
2315,Kutztown Golden Bears,2011,espn,ncaafb,
2315,Kutztown Golden Bears,2012,espn,ncaafb,
2315,Kutztown Golden Bears,2013,espn,ncaafb,
2315,Kutztown Golden Bears,2014,espn,ncaafb,
2315,Kutztown Golden Bears,2015,espn,ncaafb,
2315,Kutztown Golden Bears,2016,espn,ncaafb,
2315,Kutztown Golden Bears,2017,espn,ncaafb,
2315,Kutztown Golden Bears,2018,espn,ncaafb,
2315,Kutztown Golden Bears,2019,espn,ncaafb,
2315,Kutztown Golden Bears,2020,espn,ncaafb,
2315,Kutztown Golden Bears,2021,espn,ncaafb,
2315,Kutztown Golden Bears,2022,espn,ncaafb,
2315,Kutztown Golden Bears,2023,espn,ncaafb,
2315,Kutztown Golden Bears,2024,espn,ncaafb,
2315,Kutztown Golden Bears,2025,espn,ncaafb,
2316,Kentucky Wesleyan Panthers,2001,espn,ncaafb,
2316,Kentucky Wesleyan Panthers,2002,espn,ncaafb,
2316,Kentucky Wesleyan Panthers,2003,espn,ncaafb,
2316,Kentucky Wesleyan Panthers,2006,espn,ncaafb,
2316,Kentucky Wesleyan Panthers,2007,espn,ncaafb,
2316,Kentucky Wesleyan Panthers,2008,espn,ncaafb,
2316,Kentucky Wesleyan Panthers,2009,espn,ncaafb,
2316,Kentucky Wesleyan Panthers,2010,espn,ncaafb,
2316,Kentucky Wesleyan Panthers,2011,espn,ncaafb,
2316,Kentucky Wesleyan Panthers,2012,espn,ncaafb,
2316,Kentucky Wesleyan Panthers,2013,espn,ncaafb,
2316,Kentucky Wesleyan Panthers,2014,espn,ncaafb,
2316,Kentucky Wesleyan Panthers,2015,espn,ncaafb,
2316,Kentucky Wesleyan Panthers,2016,espn,ncaafb,
2316,Kentucky Wesleyan Panthers,2017,espn,ncaafb,
2316,Kentucky Wesleyan Panthers,2018,espn,ncaafb,
2316,Kentucky Wesleyan Panthers,2019,espn,ncaafb,
2316,Kentucky Wesleyan Panthers,2021,espn,ncaafb,
2316,Kentucky Wesleyan Panthers,2022,espn,ncaafb,
2316,Kentucky Wesleyan Panthers,2023,espn,ncaafb,
2316,Kentucky Wesleyan Panthers,2024,espn,ncaafb,
2316,Kentucky Wesleyan Panthers,2025,espn,ncaafb,
2318,La Verne Leopards,2002,espn,ncaafb,
2318,La Verne Leopards,2003,espn,ncaafb,
2318,La Verne Leopards,2007,espn,ncaafb,
2318,La Verne Leopards,2008,espn,ncaafb,
2318,La Verne Leopards,2009,espn,ncaafb,
2318,La Verne Leopards,2010,espn,ncaafb,
2318,La Verne Leopards,2011,espn,ncaafb,
2318,La Verne Leopards,2012,espn,ncaafb,
2318,La Verne Leopards,2013,espn,ncaafb,
2318,La Verne Leopards,2014,espn,ncaafb,
2318,La Verne Leopards,2015,espn,ncaafb,
2318,La Verne Leopards,2016,espn,ncaafb,
2318,La Verne Leopards,2017,espn,ncaafb,
2318,La Verne Leopards,2018,espn,ncaafb,
2318,La Verne Leopards,2019,espn,ncaafb,
2318,La Verne Leopards,2021,espn,ncaafb,
2318,La Verne Leopards,2022,espn,ncaafb,
2318,La Verne Leopards,2023,espn,ncaafb,
2318,La Verne Leopards,2024,espn,ncaafb,
2318,La Verne Leopards,2025,espn,ncaafb,
2320,Lamar Cardinals,2010,espn,ncaafb,
2320,Lamar Cardinals,2011,espn,ncaafb,
2320,Lamar Cardinals,2012,espn,ncaafb,
2320,Lamar Cardinals,2013,espn,ncaafb,
2320,Lamar Cardinals,2014,espn,ncaafb,
2320,Lamar Cardinals,2015,espn,ncaafb,
2320,Lamar Cardinals,2016,espn,ncaafb,
2320,Lamar Cardinals,2017,espn,ncaafb,
2320,Lamar Cardinals,2018,espn,ncaafb,
2320,Lamar Cardinals,2019,espn,ncaafb,
2320,Lamar Cardinals,2021,espn,ncaafb,
2320,Lamar Cardinals,2022,espn,ncaafb,
2320,Lamar Cardinals,2023,espn,ncaafb,
2320,Lamar Cardinals,2024,espn,ncaafb,
2320,Lamar Cardinals,2025,espn,ncaafb,
2321,Lambuth Eagles,2003,espn,ncaafb,
2321,Lambuth Eagles,2005,espn,ncaafb,
2321,Lambuth Eagles,2007,espn,ncaafb,
2321,Lambuth Eagles,2008,espn,ncaafb,
2321,Lambuth Eagles,2009,espn,ncaafb,
2321,Lambuth Eagles,2010,espn,ncaafb,
2323,Lane Dragons,2001,espn,ncaafb,
2323,Lane Dragons,2002,espn,ncaafb,
2323,Lane Dragons,2004,espn,ncaafb,
2323,Lane Dragons,2006,espn,ncaafb,
2323,Lane Dragons,2007,espn,ncaafb,
2323,Lane Dragons,2008,espn,ncaafb,
2323,Lane Dragons,2009,espn,ncaafb,
2323,Lane Dragons,2010,espn,ncaafb,
2323,Lane Dragons,2011,espn,ncaafb,
2323,Lane Dragons,2012,espn,ncaafb,
2323,Lane Dragons,2013,espn,ncaafb,
2323,Lane Dragons,2014,espn,ncaafb,
2323,Lane Dragons,2015,espn,ncaafb,
2323,Lane Dragons,2016,espn,ncaafb,
2323,Lane Dragons,2017,espn,ncaafb,
2323,Lane College Dragons,2018,espn,ncaafb,
2323,Lane Dragons,2019,espn,ncaafb,
2323,Lane Dragons,2020,espn,ncaafb,
2323,Lane Dragons,2021,espn,ncaafb,
2323,Lane Dragons,2022,espn,ncaafb,
2323,Lane Dragons,2023,espn,ncaafb,
2323,Lane Dragons,2024,espn,ncaafb,
2323,Lane Dragons,2025,espn,ncaafb,
2324,Langston Lions,2001,espn,ncaafb,
2324,Langston Lions,2002,espn,ncaafb,
2324,Langston Lions,2005,espn,ncaafb,
2324,Langston Lions,2006,espn,ncaafb,
2324,Langston Lions,2007,espn,ncaafb,
2324,Langston Lions,2008,espn,ncaafb,
2324,Langston Lions,2009,espn,ncaafb,
2324,Langston Lions,2010,espn,ncaafb,
2324,Langston Lions,2011,espn,ncaafb,
2324,Langston Lions,2012,espn,ncaafb,
2324,Langston Lions,2013,espn,ncaafb,
2324,Langston Lions,2014,espn,ncaafb,
2324,Langston Lions,2015,espn,ncaafb,
2324,Langston Lions,2016,espn,ncaafb,
2324,Langston Lions,2017,espn,ncaafb,
2324,Langston Lions,2018,espn,ncaafb,
2324,Langston Lions,2019,espn,ncaafb,
2324,Langston Lions,2024,espn,ncaafb,
2324,Langston Lions,2025,espn,ncaafb,
2325,La Salle Explorers,2001,espn,ncaafb,
2325,La Salle Explorers,2002,espn,ncaafb,
2325,La Salle Explorers,2003,espn,ncaafb,
2325,La Salle Explorers,2004,espn,ncaafb,
2325,La Salle Explorers,2005,espn,ncaafb,
2325,La Salle Explorers,2006,espn,ncaafb,
2325,La Salle Explorers,2007,espn,ncaafb,
2329,Lehigh Mountain Hawks,2001,espn,ncaafb,
2329,Lehigh Mountain Hawks,2002,espn,ncaafb,
2329,Lehigh Mountain Hawks,2003,espn,ncaafb,
2329,Lehigh Mountain Hawks,2004,espn,ncaafb,
2329,Lehigh Mountain Hawks,2005,espn,ncaafb,
2329,Lehigh Mountain Hawks,2006,espn,ncaafb,
2329,Lehigh Mountain Hawks,2007,espn,ncaafb,
2329,Lehigh Mountain Hawks,2008,espn,ncaafb,
2329,Lehigh Mountain Hawks,2009,espn,ncaafb,
2329,Lehigh Mountain Hawks,2010,espn,ncaafb,
2329,Lehigh Mountain Hawks,2011,espn,ncaafb,
2329,Lehigh Mountain Hawks,2012,espn,ncaafb,
2329,Lehigh Mountain Hawks,2013,espn,ncaafb,
2329,Lehigh Mountain Hawks,2014,espn,ncaafb,
2329,Lehigh Mountain Hawks,2015,espn,ncaafb,
2329,Lehigh Mountain Hawks,2016,espn,ncaafb,
2329,Lehigh Mountain Hawks,2017,espn,ncaafb,
2329,Lehigh Mountain Hawks,2018,espn,ncaafb,
2329,Lehigh Mountain Hawks,2019,espn,ncaafb,
2329,Lehigh Mountain Hawks,2020,espn,ncaafb,
2329,Lehigh Mountain Hawks,2021,espn,ncaafb,
2329,Lehigh Mountain Hawks,2022,espn,ncaafb,
2329,Lehigh Mountain Hawks,2023,espn,ncaafb,
2329,Lehigh Mountain Hawks,2024,espn,ncaafb,
2329,Lehigh Mountain Hawks,2025,espn,ncaafb,
2331,Lenoir-Rhyne Bears,2001,espn,ncaafb,
2331,Lenoir-Rhyne Bears,2002,espn,ncaafb,
2331,Lenoir-Rhyne Bears,2003,espn,ncaafb,
2331,Lenoir-Rhyne Bears,2004,espn,ncaafb,
2331,Lenoir Rhyne Bears,2005,espn,ncaafb,
2331,Lenoir-Rhyne Bears,2006,espn,ncaafb,
2331,Lenoir-Rhyne Bears,2007,espn,ncaafb,
2331,Lenoir-Rhyne Bears,2008,espn,ncaafb,
2331,Lenoir-Rhyne Bears,2009,espn,ncaafb,
2331,Lenoir-Rhyne Bears,2010,espn,ncaafb,
2331,Lenoir-Rhyne Bears,2011,espn,ncaafb,
2331,Lenoir-Rhyne Bears,2012,espn,ncaafb,
2331,Lenoir-Rhyne Bears,2013,espn,ncaafb,
2331,Lenoir-Rhyne Bears,2014,espn,ncaafb,
2331,Lenoir-Rhyne Bears,2015,espn,ncaafb,
2331,Lenoir-Rhyne Bears,2016,espn,ncaafb,
2331,Lenoir-Rhyne Bears,2017,espn,ncaafb,
2331,Lenoir-Rhyne Bears,2018,espn,ncaafb,
2331,Lenoir-Rhyne Bears,2019,espn,ncaafb,
2331,Lenoir-Rhyne Bears,2021,espn,ncaafb,
2331,Lenoir-Rhyne Bears,2022,espn,ncaafb,
2331,Lenoir-Rhyne Bears,2023,espn,ncaafb,
2331,Lenoir-Rhyne Bears,2024,espn,ncaafb,
2331,Lenoir-Rhyne Bears,2025,espn,ncaafb,
2333,Lewis & Clark Pioneers,2007,espn,ncaafb,
2333,Lewis & Clark Pioneers,2008,espn,ncaafb,
2333,Lewis & Clark Pioneers,2009,espn,ncaafb,
2333,Lewis & Clark Pioneers,2010,espn,ncaafb,
2333,Lewis & Clark Pioneers,2011,espn,ncaafb,
2333,Lewis & Clark Pioneers,2012,espn,ncaafb,
2333,Lewis & Clark Pioneers,2013,espn,ncaafb,
2333,Lewis & Clark Pioneers,2014,espn,ncaafb,
2333,Lewis & Clark Pioneers,2015,espn,ncaafb,
2333,Lewis & Clark Pioneers,2016,espn,ncaafb,
2333,Lewis & Clark Pioneers,2017,espn,ncaafb,
2333,Lewis & Clark Pioneers,2018,espn,ncaafb,
2333,Lewis & Clark River Otters,2019,espn,ncaafb,
2333,Lewis & Clark River Otters,2021,espn,ncaafb,
2333,Lewis & Clark River Otters,2022,espn,ncaafb,
2333,Lewis & Clark River Otters,2023,espn,ncaafb,
2333,Lewis & Clark River Otters,2024,espn,ncaafb,
2333,Lewis & Clark Pioneers,2025,espn,ncaafb,
2335,Liberty Flames,2001,espn,ncaafb,
2335,Liberty Flames,2002,espn,ncaafb,
2335,Liberty Flames,2003,espn,ncaafb,
2335,Liberty Flames,2004,espn,ncaafb,
2335,Liberty Flames,2005,espn,ncaafb,
2335,Liberty Flames,2006,espn,ncaafb,
2335,Liberty Flames,2007,espn,ncaafb,
2335,Liberty Flames,2008,espn,ncaafb,
2335,Liberty Flames,2009,espn,ncaafb,
2335,Liberty Flames,2010,espn,ncaafb,
2335,Liberty Flames,2011,espn,ncaafb,
2335,Liberty Flames,2012,espn,ncaafb,
2335,Liberty Flames,2013,espn,ncaafb,
2335,Liberty Flames,2014,espn,ncaafb,
2335,Liberty Flames,2015,espn,ncaafb,
2335,Liberty Flames,2016,espn,ncaafb,
2335,Liberty Flames,2017,espn,ncaafb,
2335,Liberty Flames,2018,espn,ncaafb,
2335,Liberty Flames,2019,espn,ncaafb,
2335,Liberty Flames,2020,espn,ncaafb,
2335,Liberty Flames,2021,espn,ncaafb,
2335,Liberty Flames,2022,espn,ncaafb,
2335,Liberty Flames,2023,espn,ncaafb,
2335,Liberty Flames,2024,espn,ncaafb,
2335,Liberty Flames,2025,espn,ncaafb,
2336,Limestone Saints,2014,espn,ncaafb,
2336,Limestone Saints,2015,espn,ncaafb,
2336,Limestone Saints,2016,espn,ncaafb,
2336,Limestone Saints,2017,espn,ncaafb,
2336,Limestone Saints,2018,espn,ncaafb,
2336,Limestone Saints,2019,espn,ncaafb,
2336,Limestone Saints,2021,espn,ncaafb,
2336,Limestone Saints,2022,espn,ncaafb,
2336,Limestone Saints,2023,espn,ncaafb,
2336,Limestone Saints,2024,espn,ncaafb,
2339,Lincoln (PA) Lions,2008,espn,ncaafb,
2339,Lincoln (PA) Lions,2009,espn,ncaafb,
2339,Lincoln (PA) Lions,2010,espn,ncaafb,
2339,Lincoln (PA) Lions,2011,espn,ncaafb,
2339,Lincoln (PA) Lions,2012,espn,ncaafb,
2339,Lincoln (PA) Lions,2013,espn,ncaafb,
2339,Lincoln (PA) Lions,2014,espn,ncaafb,
2339,Lincoln (PA) Lions,2015,espn,ncaafb,
2339,Lincoln (PA) Lions,2016,espn,ncaafb,
2339,Lincoln (PA) Lions,2017,espn,ncaafb,
2339,Lincoln (PA) Lions,2018,espn,ncaafb,
2339,Lincoln (PA) Lions,2019,espn,ncaafb,
2339,Lincoln (PA) Lions,2020,espn,ncaafb,
2339,Lincoln (PA) Lions,2021,espn,ncaafb,
2339,Lincoln (PA) Lions,2022,espn,ncaafb,
2339,Lincoln (PA) Lions,2023,espn,ncaafb,
2339,Lincoln (PA) Lions,2024,espn,ncaafb,
2339,Lincoln (PA) Lions,2025,espn,ncaafb,
2341,Long Island University Sharks,2019,espn,ncaafb,
2341,Long Island University Sharks,2020,espn,ncaafb,
2341,Long Island University Sharks,2021,espn,ncaafb,
2341,Long Island University Sharks,2022,espn,ncaafb,
2341,Long Island University Sharks,2023,espn,ncaafb,
2341,Long Island University Sharks,2024,espn,ncaafb,
2341,Long Island University Sharks,2025,espn,ncaafb,
2347,Louisiana College Wildcats,2007,espn,ncaafb,
2347,Louisiana College Wildcats,2008,espn,ncaafb,
2347,Louisiana College Wildcats,2009,espn,ncaafb,
2347,Louisiana College Wildcats,2010,espn,ncaafb,
2347,Louisiana College Wildcats,2011,espn,ncaafb,
2347,Louisiana College Wildcats,2012,espn,ncaafb,
2347,Louisiana College Wildcats,2013,espn,ncaafb,
2347,Louisiana College Wildcats,2014,espn,ncaafb,
2347,Louisiana College Wildcats,2015,espn,ncaafb,
2347,Louisiana College Wildcats,2016,espn,ncaafb,
2347,Louisiana College Wildcats,2017,espn,ncaafb,
2347,Louisiana College Wildcats,2018,espn,ncaafb,
2347,Louisiana College Wildcats,2019,espn,ncaafb,
2347,Louisiana College Wildcats,2021,espn,ncaafb,
2347,Louisiana Christian University Wildcats,2022,espn,ncaafb,
2347,Louisiana Christian University Wildcats,2023,espn,ncaafb,
2347,Louisiana Christian University Wildcats,2024,espn,ncaafb,
2347,Louisiana Christian University Wildcats,2025,espn,ncaafb,
2348,Louisiana Tech Bulldogs,2001,espn,ncaafb,
2348,Louisiana Tech Bulldogs,2002,espn,ncaafb,
2348,Louisiana Tech Bulldogs,2003,espn,ncaafb,
2348,Louisiana Tech Bulldogs,2004,espn,ncaafb,
2348,Louisiana Tech Bulldogs,2005,espn,ncaafb,
2348,Louisiana Tech Bulldogs,2006,espn,ncaafb,
2348,Louisiana Tech Bulldogs,2007,espn,ncaafb,
2348,Louisiana Tech Bulldogs,2008,espn,ncaafb,
2348,Louisiana Tech Bulldogs,2009,espn,ncaafb,
2348,Louisiana Tech Bulldogs,2010,espn,ncaafb,
2348,Louisiana Tech Bulldogs,2011,espn,ncaafb,
2348,Louisiana Tech Bulldogs,2012,espn,ncaafb,
2348,Louisiana Tech Bulldogs,2013,espn,ncaafb,
2348,Louisiana Tech Bulldogs,2014,espn,ncaafb,
2348,Louisiana Tech Bulldogs,2015,espn,ncaafb,
2348,Louisiana Tech Bulldogs,2016,espn,ncaafb,
2348,Louisiana Tech Bulldogs,2017,espn,ncaafb,
2348,Louisiana Tech Bulldogs,2018,espn,ncaafb,
2348,Louisiana Tech Bulldogs,2019,espn,ncaafb,
2348,Louisiana Tech Bulldogs,2020,espn,ncaafb,
2348,Louisiana Tech Bulldogs,2021,espn,ncaafb,
2348,Louisiana Tech Bulldogs,2022,espn,ncaafb,
2348,Louisiana Tech Bulldogs,2023,espn,ncaafb,
2348,Louisiana Tech Bulldogs,2024,espn,ncaafb,
2348,Louisiana Tech Bulldogs,2025,espn,ncaafb,
2354,Lycoming Warriors,2007,espn,ncaafb,
2354,Lycoming Warriors,2008,espn,ncaafb,
2354,Lycoming Warriors,2009,espn,ncaafb,
2354,Lycoming Warriors,2010,espn,ncaafb,
2354,Lycoming Warriors,2011,espn,ncaafb,
2354,Lycoming Warriors,2012,espn,ncaafb,
2354,Lycoming Warriors,2013,espn,ncaafb,
2354,Lycoming Warriors,2014,espn,ncaafb,
2354,Lycoming Warriors,2015,espn,ncaafb,
2354,Lycoming Warriors,2016,espn,ncaafb,
2354,Lycoming Warriors,2017,espn,ncaafb,
2354,Lycoming Warriors,2018,espn,ncaafb,
2354,Lycoming Warriors,2019,espn,ncaafb,
2354,Lycoming Warriors,2020,espn,ncaafb,
2354,Lycoming Warriors,2021,espn,ncaafb,
2354,Lycoming Warriors,2022,espn,ncaafb,
2354,Lycoming Warriors,2023,espn,ncaafb,
2354,Lycoming Warriors,2024,espn,ncaafb,
2354,Lycoming Warriors,2025,espn,ncaafb,
2355,Virginia Lynchburg Dragons,2011,espn,ncaafb,
2355,Virginia Lynchburg Dragons,2012,espn,ncaafb,
2355,Lynchburg Hornets,2013,espn,ncaafb,
2355,Virginia Lynchburg Dragons,2014,espn,ncaafb,
2355,Virginia Lynchburg Dragons,2015,espn,ncaafb,
2355,Virginia Lynchburg Dragons,2016,espn,ncaafb,
2355,Virginia Lynchburg Dragons,2017,espn,ncaafb,
2355,Virginia Lynchburg Dragons,2018,espn,ncaafb,
2355,Virginia Lynchburg Dragons,2019,espn,ncaafb,
2355,Virginia Lynchburg Dragons,2020,espn,ncaafb,
2355,Virginia Lynchburg Dragons,2021,espn,ncaafb,
2355,Virginia Lynchburg Dragons,2022,espn,ncaafb,
2355,Virginia Lynchburg Dragons,2023,espn,ncaafb,
2355,Virginia Lynchburg Dragons,2024,espn,ncaafb,
2355,Virginia Lynchburg Dragons,2025,espn,ncaafb,
2359,Macalester Scots,2007,espn,ncaafb,
2359,Macalester Scots,2008,espn,ncaafb,
2359,Macalester Scots,2009,espn,ncaafb,
2359,Macalester Scots,2010,espn,ncaafb,
2359,Macalester Scots,2011,espn,ncaafb,
2359,Macalester Scots,2012,espn,ncaafb,
2359,Macalester Scots,2013,espn,ncaafb,
2359,Macalester Scots,2014,espn,ncaafb,
2359,Macalester Scots,2015,espn,ncaafb,
2359,Macalester Scots,2016,espn,ncaafb,
2359,Macalester Scots,2017,espn,ncaafb,
2359,Macalester Scots,2018,espn,ncaafb,
2359,Macalester Scots,2019,espn,ncaafb,
2359,Macalester Scots,2020,espn,ncaafb,
2359,Macalester Scots,2021,espn,ncaafb,
2359,Macalester Scots,2022,espn,ncaafb,
2359,Macalester Scots,2023,espn,ncaafb,
2359,Macalester Scots,2024,espn,ncaafb,
2359,Macalester Scots,2025,espn,ncaafb,
2362,Manchester Spartans,2007,espn,ncaafb,
2362,Manchester Spartans,2008,espn,ncaafb,
2362,Manchester Spartans,2009,espn,ncaafb,
2362,Manchester Spartans,2010,espn,ncaafb,
2362,Manchester Spartans,2011,espn,ncaafb,
2362,Manchester Spartans,2012,espn,ncaafb,
2362,Manchester Spartans,2013,espn,ncaafb,
2362,Manchester Spartans,2014,espn,ncaafb,
2362,Manchester Spartans,2015,espn,ncaafb,
2362,Manchester Spartans,2016,espn,ncaafb,
2362,Manchester Spartans,2017,espn,ncaafb,
2362,Manchester Spartans,2018,espn,ncaafb,
2362,Manchester Spartans,2019,espn,ncaafb,
2362,Manchester Spartans,2020,espn,ncaafb,
2362,Manchester Spartans,2021,espn,ncaafb,
2362,Manchester Spartans,2022,espn,ncaafb,
2362,Manchester Spartans,2023,espn,ncaafb,
2362,Manchester Spartans,2024,espn,ncaafb,
2362,Manchester Spartans,2025,espn,ncaafb,
2364,Minnesota State Mavericks,2003,espn,ncaafb,
2364,Minnesota State Mavericks,2004,espn,ncaafb,
2364,Minnesota State Mavericks,2007,espn,ncaafb,
2364,Minnesota State Mavericks,2008,espn,ncaafb,
2364,Minnesota State Mavericks,2009,espn,ncaafb,
2364,Minnesota State Mavericks,2010,espn,ncaafb,
2364,Minnesota State Mavericks,2011,espn,ncaafb,
2364,Minnesota State Mavericks,2012,espn,ncaafb,
2364,Minnesota State Mavericks,2013,espn,ncaafb,
2364,Minnesota State Mavericks,2014,espn,ncaafb,
2364,Minnesota State Mavericks,2015,espn,ncaafb,
2364,Minnesota State Mavericks,2016,espn,ncaafb,
2364,Minnesota State Mavericks,2017,espn,ncaafb,
2364,Minnesota State Mavericks,2018,espn,ncaafb,
2364,Minnesota State Mavericks,2019,espn,ncaafb,
2364,Minnesota State Mavericks,2021,espn,ncaafb,
2364,Minnesota State Mavericks,2022,espn,ncaafb,
2364,Minnesota State Mavericks,2023,espn,ncaafb,
2364,Minnesota State Mankato Mavericks,2024,espn,ncaafb,
2364,Minnesota State Mankato Mavericks,2025,espn,ncaafb,
2365,Mansfield Mountaineers,2005,espn,ncaafb,
2366,Marian Knights,2007,espn,ncaafb,
2366,Marian Knights,2008,espn,ncaafb,
2366,Marian Knights,2009,espn,ncaafb,
2366,Marian Knights,2011,espn,ncaafb,
2366,Marian Knights,2013,espn,ncaafb,
2366,Marian Knights,2014,espn,ncaafb,
2366,Marian Knights,2015,espn,ncaafb,
2366,Marian Knights,2016,espn,ncaafb,
2366,Marian,2025,espn,ncaafb,
2368,Marist Red Foxes,2001,espn,ncaafb,
2368,Marist Red Foxes,2002,espn,ncaafb,
2368,Marist Red Foxes,2003,espn,ncaafb,
2368,Marist Red Foxes,2004,espn,ncaafb,
2368,Marist Red Foxes,2005,espn,ncaafb,
2368,Marist Red Foxes,2006,espn,ncaafb,
2368,Marist Red Foxes,2007,espn,ncaafb,
2368,Marist Red Foxes,2008,espn,ncaafb,
2368,Marist Red Foxes,2009,espn,ncaafb,
2368,Marist Red Foxes,2010,espn,ncaafb,
2368,Marist Red Foxes,2011,espn,ncaafb,
2368,Marist Red Foxes,2012,espn,ncaafb,
2368,Marist Red Foxes,2013,espn,ncaafb,
2368,Marist Red Foxes,2014,espn,ncaafb,
2368,Marist Red Foxes,2015,espn,ncaafb,
2368,Marist Red Foxes,2016,espn,ncaafb,
2368,Marist Red Foxes,2017,espn,ncaafb,
2368,Marist Red Foxes,2018,espn,ncaafb,
2368,Marist Red Foxes,2019,espn,ncaafb,
2368,Marist Red Foxes,2021,espn,ncaafb,
2368,Marist Red Foxes,2022,espn,ncaafb,
2368,Marist Red Foxes,2023,espn,ncaafb,
2368,Marist Red Foxes,2024,espn,ncaafb,
2368,Marist Red Foxes,2025,espn,ncaafb,
2369,Mars Hill Lions,2001,espn,ncaafb,
2369,Mars Hill Lions,2002,espn,ncaafb,
2369,Mars Hill Lions,2005,espn,ncaafb,
2369,Mars Hill Lions,2006,espn,ncaafb,
2369,Mars Hill Lions,2007,espn,ncaafb,
2369,Mars Hill Lions,2008,espn,ncaafb,
2369,Mars Hill Lions,2009,espn,ncaafb,
2369,Mars Hill Lions,2010,espn,ncaafb,
2369,Mars Hill Lions,2011,espn,ncaafb,
2369,Mars Hill Lions,2012,espn,ncaafb,
2369,Mars Hill Lions,2013,espn,ncaafb,
2369,Mars Hill Lions,2014,espn,ncaafb,
2369,Mars Hill Lions,2015,espn,ncaafb,
2369,Mars Hill Lions,2016,espn,ncaafb,
2369,Mars Hill Lions,2017,espn,ncaafb,
2369,Mars Hill Lions,2018,espn,ncaafb,
2369,Mars Hill Mountain Lions,2019,espn,ncaafb,
2369,Mars Hill Lions,2021,espn,ncaafb,
2369,Mars Hill Lions,2022,espn,ncaafb,
2369,Mars Hill Lions,2023,espn,ncaafb,
2369,Mars Hill Lions,2024,espn,ncaafb,
2369,Mars Hill Lions,2025,espn,ncaafb,
2371,Mary Hardin-Baylor Crusaders,2007,espn,ncaafb,
2371,Mary Hardin-Baylor Crusaders,2008,espn,ncaafb,
2371,Mary Hardin-Baylor Crusaders,2009,espn,ncaafb,
2371,Mary Hardin-Baylor Crusaders,2010,espn,ncaafb,
2371,Mary Hardin-Baylor Crusaders,2011,espn,ncaafb,
2371,Mary Hardin-Baylor Crusaders,2012,espn,ncaafb,
2371,Mary Hardin-Baylor Crusaders,2013,espn,ncaafb,
2371,Mary Hardin-Baylor Crusaders,2014,espn,ncaafb,
2371,Mary Hardin-Baylor Crusaders,2015,espn,ncaafb,
2371,Mary Hardin-Baylor Crusaders,2016,espn,ncaafb,
2371,Mary Hardin-Baylor Crusaders,2017,espn,ncaafb,
2371,Mary Hardin-Baylor Crusaders,2018,espn,ncaafb,
2371,Mary Hardin-Baylor Crusaders,2019,espn,ncaafb,
2371,Mary Hardin-Baylor Crusaders,2021,espn,ncaafb,
2371,Mary Hardin-Baylor Crusaders,2022,espn,ncaafb,
2371,Mary Hardin-Baylor Crusaders,2023,espn,ncaafb,
2371,Mary Hardin-Baylor Crusaders,2024,espn,ncaafb,
2371,Mary Hardin-Baylor Crusaders,2025,espn,ncaafb,
2373,Maryville TN Fighting Scots,2007,espn,ncaafb,
2373,Maryville TN Fighting Scots,2008,espn,ncaafb,
2373,Maryville TN Fighting Scots,2009,espn,ncaafb,
2373,Maryville TN Fighting Scots,2010,espn,ncaafb,
2373,Maryville TN Fighting Scots,2011,espn,ncaafb,
2373,Maryville TN Fighting Scots,2012,espn,ncaafb,
2373,Maryville TN Fighting Scots,2013,espn,ncaafb,
2373,Maryville TN Fighting Scots,2014,espn,ncaafb,
2373,Maryville TN Fighting Scots,2015,espn,ncaafb,
2373,Maryville TN Fighting Scots,2016,espn,ncaafb,
2373,Maryville TN Fighting Scots,2017,espn,ncaafb,
2373,Maryville TN Fighting Scots,2018,espn,ncaafb,
2373,Maryville TN Scots,2019,espn,ncaafb,
2373,Maryville College Scots,2021,espn,ncaafb,
2373,Maryville College Scots,2022,espn,ncaafb,
2373,Maryville College (TN) Scots,2023,espn,ncaafb,
2373,Maryville College (TN) Scots,2024,espn,ncaafb,
2373,Maryville College (TN) Scots,2025,espn,ncaafb,
2377,McNeese State Cowboys,2001,espn,ncaafb,
2377,McNeese State Cowboys,2002,espn,ncaafb,
2377,McNeese State Cowboys,2003,espn,ncaafb,
2377,McNeese State Cowboys,2004,espn,ncaafb,
2377,McNeese State Cowboys,2005,espn,ncaafb,
2377,McNeese State Cowboys,2006,espn,ncaafb,
2377,McNeese State Cowboys,2007,espn,ncaafb,
2377,McNeese State Cowboys,2008,espn,ncaafb,
2377,McNeese State Cowboys,2009,espn,ncaafb,
2377,McNeese State Cowboys,2010,espn,ncaafb,
2377,McNeese State Cowboys,2011,espn,ncaafb,
2377,McNeese State Cowboys,2012,espn,ncaafb,
2377,McNeese State Cowboys,2013,espn,ncaafb,
2377,McNeese State Cowboys,2014,espn,ncaafb,
2377,McNeese State Cowboys,2015,espn,ncaafb,
2377,McNeese Cowboys,2016,espn,ncaafb,
2377,McNeese Cowboys,2017,espn,ncaafb,
2377,McNeese Cowboys,2018,espn,ncaafb,
2377,McNeese Cowboys,2019,espn,ncaafb,
2377,McNeese Cowboys,2021,espn,ncaafb,
2377,McNeese Cowboys,2022,espn,ncaafb,
2377,McNeese Cowboys,2023,espn,ncaafb,
2377,McNeese Cowboys,2024,espn,ncaafb,
2377,McNeese Cowboys,2025,espn,ncaafb,
2381,Menlo Oaks,2005,espn,ncaafb,
2381,Menlo Oaks,2006,espn,ncaafb,
2381,Menlo Oaks,2007,espn,ncaafb,
2381,Menlo Oaks,2008,espn,ncaafb,
2381,Menlo Oaks,2009,espn,ncaafb,
2381,Menlo Oaks,2010,espn,ncaafb,
2381,Menlo Oaks,2011,espn,ncaafb,
2381,Menlo Oaks,2012,espn,ncaafb,
2381,Menlo Oaks,2013,espn,ncaafb,
2381,Menlo Oaks,2014,espn,ncaafb,
2382,Mercer Bears,2013,espn,ncaafb,
2382,Mercer Bears,2014,espn,ncaafb,
2382,Mercer Bears,2015,espn,ncaafb,
2382,Mercer Bears,2016,espn,ncaafb,
2382,Mercer Bears,2017,espn,ncaafb,
2382,Mercer Bears,2018,espn,ncaafb,
2382,Mercer Bears,2019,espn,ncaafb,
2382,Mercer Bears,2020,espn,ncaafb,
2382,Mercer Bears,2021,espn,ncaafb,
2382,Mercer Bears,2022,espn,ncaafb,
2382,Mercer Bears,2023,espn,ncaafb,
2382,Mercer Bears,2024,espn,ncaafb,
2382,Mercer Bears,2025,espn,ncaafb,
2383,Merchant Marine Mariners,2007,espn,ncaafb,
2383,Merchant Marine Mariners,2008,espn,ncaafb,
2383,Merchant Marine Mariners,2009,espn,ncaafb,
2383,Merchant Marine Mariners,2010,espn,ncaafb,
2383,Merchant Marine Mariners,2011,espn,ncaafb,
2383,Merchant Marine Mariners,2012,espn,ncaafb,
2383,Merchant Marine Mariners,2013,espn,ncaafb,
2383,Merchant Marine Mariners,2014,espn,ncaafb,
2383,Merchant Marine Mariners,2015,espn,ncaafb,
2383,Merchant Marine Mariners,2016,espn,ncaafb,
2383,Merchant Marine Mariners,2017,espn,ncaafb,
2383,Merchant Marine Mariners,2018,espn,ncaafb,
2383,Merchant Marine Mariners,2019,espn,ncaafb,
2383,Merchant Marine Mariners,2020,espn,ncaafb,
2383,Merchant Marine Mariners,2021,espn,ncaafb,
2383,Merchant Marine Mariners,2022,espn,ncaafb,
2383,Merchant Marine Mariners,2023,espn,ncaafb,
2383,Merchant Marine Mariners,2024,espn,ncaafb,
2383,Merchant Marine Mariners,2025,espn,ncaafb,
2385,Mercyhurst Lakers,2004,espn,ncaafb,
2385,Mercyhurst Lakers,2007,espn,ncaafb,
2385,Mercyhurst Lakers,2008,espn,ncaafb,
2385,Mercyhurst Lakers,2009,espn,ncaafb,
2385,Mercyhurst Lakers,2010,espn,ncaafb,
2385,Mercyhurst Lakers,2011,espn,ncaafb,
2385,Mercyhurst Lakers,2012,espn,ncaafb,
2385,Mercyhurst Lakers,2013,espn,ncaafb,
2385,Mercyhurst Lakers,2014,espn,ncaafb,
2385,Mercyhurst Lakers,2015,espn,ncaafb,
2385,Mercyhurst Lakers,2016,espn,ncaafb,
2385,Mercyhurst Lakers,2017,espn,ncaafb,
2385,Mercyhurst Lakers,2018,espn,ncaafb,
2385,Mercyhurst Lakers,2019,espn,ncaafb,
2385,Mercyhurst Lakers,2020,espn,ncaafb,
2385,Mercyhurst Lakers,2021,espn,ncaafb,
2385,Mercyhurst Lakers,2022,espn,ncaafb,
2385,Mercyhurst Lakers,2023,espn,ncaafb,
2385,Mercyhurst Lakers,2024,espn,ncaafb,
2385,Mercyhurst Lakers,2025,espn,ncaafb,
2390,Miami Hurricanes,2001,espn,ncaafb,
2390,Miami Hurricanes,2002,espn,ncaafb,
2390,Miami Hurricanes,2003,espn,ncaafb,
2390,Miami Hurricanes,2004,espn,ncaafb,
2390,Miami Hurricanes,2005,espn,ncaafb,
2390,Miami Hurricanes,2006,espn,ncaafb,
2390,Miami Hurricanes,2007,espn,ncaafb,
2390,Miami Hurricanes,2008,espn,ncaafb,
2390,Miami Hurricanes,2009,espn,ncaafb,
2390,Miami Hurricanes,2010,espn,ncaafb,
2390,Miami Hurricanes,2011,espn,ncaafb,
2390,Miami Hurricanes,2012,espn,ncaafb,
2390,Miami Hurricanes,2013,espn,ncaafb,
2390,Miami Hurricanes,2014,espn,ncaafb,
2390,Miami Hurricanes,2015,espn,ncaafb,
2390,Miami Hurricanes,2016,espn,ncaafb,
2390,Miami Hurricanes,2017,espn,ncaafb,
2390,Miami Hurricanes,2018,espn,ncaafb,
2390,Miami Hurricanes,2019,espn,ncaafb,
2390,Miami Hurricanes,2020,espn,ncaafb,
2390,Miami Hurricanes,2021,espn,ncaafb,
2390,Miami Hurricanes,2022,espn,ncaafb,
2390,Miami Hurricanes,2023,espn,ncaafb,
2390,Miami Hurricanes,2024,espn,ncaafb,
2390,Miami Hurricanes,2025,espn,ncaafb,
2392,Michigan Tech Huskies,2007,espn,ncaafb,
2392,Michigan Tech Huskies,2008,espn,ncaafb,
2392,Michigan Tech Huskies,2009,espn,ncaafb,
2392,Michigan Tech Huskies,2010,espn,ncaafb,
2392,Michigan Tech Huskies,2011,espn,ncaafb,
2392,Michigan Tech Huskies,2012,espn,ncaafb,
2392,Michigan Tech Huskies,2013,espn,ncaafb,
2392,Michigan Tech Huskies,2014,espn,ncaafb,
2392,Michigan Tech Huskies,2015,espn,ncaafb,
2392,Michigan Tech Huskies,2016,espn,ncaafb,
2392,Michigan Tech Huskies,2017,espn,ncaafb,
2392,Michigan Tech Huskies,2018,espn,ncaafb,
2392,Michigan Tech Huskies,2019,espn,ncaafb,
2392,Michigan Tech Huskies,2021,espn,ncaafb,
2392,Michigan Tech Huskies,2022,espn,ncaafb,
2392,Michigan Tech Huskies,2023,espn,ncaafb,
2392,Michigan Tech Huskies,2024,espn,ncaafb,
2392,Michigan Tech Huskies,2025,espn,ncaafb,
2393,Middle Tennessee Blue Raiders,2001,espn,ncaafb,
2393,Middle Tennessee Blue Raiders,2002,espn,ncaafb,
2393,Middle Tennessee Blue Raiders,2003,espn,ncaafb,
2393,Middle Tennessee Blue Raiders,2004,espn,ncaafb,
2393,Middle Tennessee Blue Raiders,2005,espn,ncaafb,
2393,Middle Tennessee Blue Raiders,2006,espn,ncaafb,
2393,Middle Tennessee Blue Raiders,2007,espn,ncaafb,
2393,Middle Tennessee Blue Raiders,2008,espn,ncaafb,
2393,Middle Tennessee Blue Raiders,2009,espn,ncaafb,
2393,Middle Tennessee Blue Raiders,2010,espn,ncaafb,
2393,Middle Tennessee Blue Raiders,2011,espn,ncaafb,
2393,Middle Tennessee Blue Raiders,2012,espn,ncaafb,
2393,Middle Tennessee Blue Raiders,2013,espn,ncaafb,
2393,Middle Tennessee Blue Raiders,2014,espn,ncaafb,
2393,Middle Tennessee Blue Raiders,2015,espn,ncaafb,
2393,Middle Tennessee Blue Raiders,2016,espn,ncaafb,
2393,Middle Tennessee Blue Raiders,2017,espn,ncaafb,
2393,Middle Tennessee Blue Raiders,2018,espn,ncaafb,
2393,Middle Tennessee Blue Raiders,2019,espn,ncaafb,
2393,Middle Tennessee Blue Raiders,2020,espn,ncaafb,
2393,Middle Tennessee Blue Raiders,2021,espn,ncaafb,
2393,Middle Tennessee Blue Raiders,2022,espn,ncaafb,
2393,Middle Tennessee Blue Raiders,2023,espn,ncaafb,
2393,Middle Tennessee Blue Raiders,2024,espn,ncaafb,
2393,Middle Tennessee Blue Raiders,2025,espn,ncaafb,
2394,Middlebury Panthers,2007,espn,ncaafb,
2394,Middlebury Panthers,2008,espn,ncaafb,
2394,Middlebury Panthers,2009,espn,ncaafb,
2394,Middlebury Panthers,2010,espn,ncaafb,
2394,Middlebury Panthers,2011,espn,ncaafb,
2394,Middlebury Panthers,2012,espn,ncaafb,
2394,Middlebury Panthers,2013,espn,ncaafb,
2394,Middlebury Panthers,2014,espn,ncaafb,
2394,Middlebury Panthers,2015,espn,ncaafb,
2394,Middlebury Panthers,2016,espn,ncaafb,
2394,Middlebury Panthers,2017,espn,ncaafb,
2394,Middlebury Panthers,2018,espn,ncaafb,
2394,Middlebury Panthers,2019,espn,ncaafb,
2394,Middlebury Panthers,2021,espn,ncaafb,
2394,Middlebury Panthers,2022,espn,ncaafb,
2394,Middlebury Panthers,2023,espn,ncaafb,
2394,Middlebury Panthers,2024,espn,ncaafb,
2394,Middlebury Panthers,2025,espn,ncaafb,
2395,Midwestern State Mustangs,2001,espn,ncaafb,
2395,Midwestern State Mustangs,2002,espn,ncaafb,
2395,Midwestern State Mustangs,2003,espn,ncaafb,
2395,Midwestern State Mustangs,2006,espn,ncaafb,
2395,Midwestern State Mustangs,2007,espn,ncaafb,
2395,Midwestern State Mustangs,2008,espn,ncaafb,
2395,Midwestern State Mustangs,2009,espn,ncaafb,
2395,Midwestern State Mustangs,2010,espn,ncaafb,
2395,Midwestern State Mustangs,2011,espn,ncaafb,
2395,Midwestern State Mustangs,2012,espn,ncaafb,
2395,Midwestern State Mustangs,2013,espn,ncaafb,
2395,Midwestern State Mustangs,2014,espn,ncaafb,
2395,Midwestern State Mustangs,2015,espn,ncaafb,
2395,Midwestern State Mustangs,2016,espn,ncaafb,
2395,Midwestern State Mustangs,2017,espn,ncaafb,
2395,Midwestern State Mustangs,2018,espn,ncaafb,
2395,Midwestern State Mustangs,2019,espn,ncaafb,
2395,Midwestern State Mustangs,2021,espn,ncaafb,
2395,Midwestern State Mustangs,2022,espn,ncaafb,
2395,Midwestern State Mustangs,2023,espn,ncaafb,
2395,Midwestern State Mustangs,2024,espn,ncaafb,
2395,Midwestern State Mustangs,2025,espn,ncaafb,
2396,Miles Golden Bears,2001,espn,ncaafb,
2396,Miles Golden Bears,2002,espn,ncaafb,
2396,Miles Golden Bears,2006,espn,ncaafb,
2396,Miles Golden Bears,2007,espn,ncaafb,
2396,Miles Golden Bears,2008,espn,ncaafb,
2396,Miles Golden Bears,2009,espn,ncaafb,
2396,Miles Golden Bears,2010,espn,ncaafb,
2396,Miles Golden Bears,2011,espn,ncaafb,
2396,Miles Golden Bears,2012,espn,ncaafb,
2396,Miles Golden Bears,2013,espn,ncaafb,
2396,Miles Golden Bears,2014,espn,ncaafb,
2396,Miles Golden Bears,2015,espn,ncaafb,
2396,Miles Golden Bears,2016,espn,ncaafb,
2396,Miles Golden Bears,2017,espn,ncaafb,
2396,Miles College Golden Bears,2018,espn,ncaafb,
2396,Miles College Golden Bears,2019,espn,ncaafb,
2396,Miles College Golden Bears,2020,espn,ncaafb,
2396,Miles College Golden Bears,2021,espn,ncaafb,
2396,Miles College Golden Bears,2022,espn,ncaafb,
2396,Miles College Golden Bears,2023,espn,ncaafb,
2396,Miles College Golden Bears,2024,espn,ncaafb,
2396,Miles College Golden Bears,2025,espn,ncaafb,
2398,Millsaps Majors,2007,espn,ncaafb,
2398,Millsaps Majors,2008,espn,ncaafb,
2398,Millsaps Majors,2009,espn,ncaafb,
2398,Millsaps Majors,2010,espn,ncaafb,
2398,Millsaps Majors,2011,espn,ncaafb,
2398,Millsaps Majors,2012,espn,ncaafb,
2398,Millsaps Majors,2013,espn,ncaafb,
2398,Millsaps Majors,2014,espn,ncaafb,
2398,Millsaps Majors,2015,espn,ncaafb,
2398,Millsaps Majors,2016,espn,ncaafb,
2398,Millsaps Majors,2017,espn,ncaafb,
2398,Millsaps Majors,2018,espn,ncaafb,
2398,Millsaps Majors,2019,espn,ncaafb,
2398,Millsaps Majors,2020,espn,ncaafb,
2398,Millsaps Majors,2021,espn,ncaafb,
2398,Millsaps Majors,2022,espn,ncaafb,
2398,Millsaps Majors,2023,espn,ncaafb,
2398,Millsaps Majors,2024,espn,ncaafb,
2398,Millsaps Majors,2025,espn,ncaafb,
2399,Minnesota-Morris Cougars,2007,espn,ncaafb,
2399,Minnesota-Morris Cougars,2008,espn,ncaafb,
2399,Minnesota-Morris Cougars,2009,espn,ncaafb,
2399,Minnesota-Morris Cougars,2010,espn,ncaafb,
2399,Minnesota-Morris Cougars,2011,espn,ncaafb,
2399,Minnesota-Morris Cougars,2012,espn,ncaafb,
2399,Minnesota-Morris Cougars,2013,espn,ncaafb,
2399,Minnesota-Morris Cougars,2014,espn,ncaafb,
2399,Minnesota-Morris Cougars,2015,espn,ncaafb,
2399,Minnesota-Morris Cougars,2016,espn,ncaafb,
2399,Minnesota-Morris Cougars,2017,espn,ncaafb,
2399,Minnesota-Morris Cougars,2018,espn,ncaafb,
2399,Minnesota-Morris Cougars,2019,espn,ncaafb,
2399,Minnesota-Morris Cougars,2021,espn,ncaafb,
2399,Minnesota-Morris Cougars,2022,espn,ncaafb,
2399,Minnesota Morris Cougars,2023,espn,ncaafb,
2399,Minnesota Morris Cougars,2024,espn,ncaafb,
2399,Minnesota Morris Cougars,2025,espn,ncaafb,
2400,Mississippi Valley State Delta Devils,2001,espn,ncaafb,
2400,Mississippi Valley State Delta Devils,2002,espn,ncaafb,
2400,Mississippi Valley State Delta Devils,2003,espn,ncaafb,
2400,Mississippi Valley State Delta Devils,2004,espn,ncaafb,
2400,Mississippi Valley State Delta Devils,2005,espn,ncaafb,
2400,Mississippi Valley State Delta Devils,2006,espn,ncaafb,
2400,Mississippi Valley State Delta Devils,2007,espn,ncaafb,
2400,Mississippi Valley State Delta Devils,2008,espn,ncaafb,
2400,Mississippi Valley State Delta Devils,2009,espn,ncaafb,
2400,Mississippi Valley State Delta Devils,2010,espn,ncaafb,
2400,Mississippi Valley State Delta Devils,2011,espn,ncaafb,
2400,Mississippi Valley State Delta Devils,2012,espn,ncaafb,
2400,Mississippi Valley State Delta Devils,2013,espn,ncaafb,
2400,Mississippi Valley State Delta Devils,2014,espn,ncaafb,
2400,Mississippi Valley State Delta Devils,2015,espn,ncaafb,
2400,Mississippi Valley State Delta Devils,2016,espn,ncaafb,
2400,Mississippi Valley State Delta Devils,2017,espn,ncaafb,
2400,Mississippi Valley State Delta Devils,2018,espn,ncaafb,
2400,Mississippi Valley State Delta Devils,2019,espn,ncaafb,
2400,Mississippi Valley State Delta Devils,2020,espn,ncaafb,
2400,Mississippi Valley State Delta Devils,2021,espn,ncaafb,
2400,Mississippi Valley State Delta Devils,2022,espn,ncaafb,
2400,Mississippi Valley State Delta Devils,2023,espn,ncaafb,
2400,Mississippi Valley State Delta Devils,2024,espn,ncaafb,
2400,Mississippi Valley State Delta Devils,2025,espn,ncaafb,
2401,Mississippi College Choctaws,2007,espn,ncaafb,
2401,Mississippi College Choctaws,2008,espn,ncaafb,
2401,Mississippi College Choctaws,2009,espn,ncaafb,
2401,Mississippi College Choctaws,2010,espn,ncaafb,
2401,Mississippi College Choctaws,2011,espn,ncaafb,
2401,Mississippi College Choctaws,2012,espn,ncaafb,
2401,Mississippi College Choctaws,2013,espn,ncaafb,
2401,Mississippi College Choctaws,2014,espn,ncaafb,
2401,Mississippi College Choctaws,2015,espn,ncaafb,
2401,Mississippi College Choctaws,2016,espn,ncaafb,
2401,Mississippi College Choctaws,2017,espn,ncaafb,
2401,Mississippi College Choctaws,2018,espn,ncaafb,
2401,Mississippi College Choctaws,2019,espn,ncaafb,
2401,Mississippi College Choctaws,2021,espn,ncaafb,
2401,Mississippi College Choctaws,2022,espn,ncaafb,
2401,Mississippi College Choctaws,2023,espn,ncaafb,
2401,Mississippi College Choctaws,2024,espn,ncaafb,
2402,Missouri S&T Miners,2002,espn,ncaafb,
2402,Missouri S&T Miners,2003,espn,ncaafb,
2402,Missouri S&T Miners,2005,espn,ncaafb,
2402,Missouri S&T Miners,2006,espn,ncaafb,
2402,Missouri S&T Miners,2007,espn,ncaafb,
2402,Missouri S&T Miners,2008,espn,ncaafb,
2402,Missouri S&T Miners,2009,espn,ncaafb,
2402,Missouri S&T Miners,2010,espn,ncaafb,
2402,Missouri S&T Miners,2011,espn,ncaafb,
2402,Missouri S&T Miners,2012,espn,ncaafb,
2402,Missouri S&T Miners,2013,espn,ncaafb,
2402,Missouri S&T Miners,2014,espn,ncaafb,
2402,Missouri S&T Miners,2015,espn,ncaafb,
2402,Missouri S&T Miners,2016,espn,ncaafb,
2402,Missouri S&T Miners,2017,espn,ncaafb,
2402,Missouri S&T Miners,2018,espn,ncaafb,
2402,Missouri S&T Miners,2019,espn,ncaafb,
2402,Missouri S&T Miners,2021,espn,ncaafb,
2402,Missouri S&T Miners,2022,espn,ncaafb,
2402,Missouri S&T Miners,2023,espn,ncaafb,
2402,Missouri S&T Miners,2024,espn,ncaafb,
2402,Missouri S&T Miners,2025,espn,ncaafb,
2403,Missouri Southern State Lions,2007,espn,ncaafb,
2403,Missouri Southern State Lions,2008,espn,ncaafb,
2403,Missouri Southern State Lions,2009,espn,ncaafb,
2403,Missouri Southern State Lions,2010,espn,ncaafb,
2403,Missouri Southern State Lions,2011,espn,ncaafb,
2403,Missouri Southern State Lions,2012,espn,ncaafb,
2403,Missouri Southern State Lions,2013,espn,ncaafb,
2403,Missouri Southern State Lions,2014,espn,ncaafb,
2403,Missouri Southern State Lions,2015,espn,ncaafb,
2403,Missouri Southern State Lions,2016,espn,ncaafb,
2403,Missouri Southern State Lions,2017,espn,ncaafb,
2403,Missouri Southern State Lions,2018,espn,ncaafb,
2403,Missouri Southern State Lions,2019,espn,ncaafb,
2403,Missouri Southern State Lions,2021,espn,ncaafb,
2403,Missouri Southern State Lions,2022,espn,ncaafb,
2403,Missouri Southern State Lions,2023,espn,ncaafb,
2403,Missouri Southern State Lions,2024,espn,ncaafb,
2403,Missouri Southern State Lions,2025,espn,ncaafb,
2405,Monmouth Hawks,2001,espn,ncaafb,
2405,Monmouth Hawks,2002,espn,ncaafb,
2405,Monmouth Hawks,2003,espn,ncaafb,
2405,Monmouth Hawks,2004,espn,ncaafb,
2405,Monmouth Hawks,2005,espn,ncaafb,
2405,Monmouth Hawks,2006,espn,ncaafb,
2405,Monmouth Hawks,2007,espn,ncaafb,
2405,Monmouth Hawks,2008,espn,ncaafb,
2405,Monmouth Hawks,2009,espn,ncaafb,
2405,Monmouth Hawks,2010,espn,ncaafb,
2405,Monmouth Hawks,2011,espn,ncaafb,
2405,Monmouth Hawks,2012,espn,ncaafb,
2405,Monmouth Hawks,2013,espn,ncaafb,
2405,Monmouth Hawks,2014,espn,ncaafb,
2405,Monmouth Hawks,2015,espn,ncaafb,
2405,Monmouth Hawks,2016,espn,ncaafb,
2405,Monmouth Hawks,2017,espn,ncaafb,
2405,Monmouth Hawks,2018,espn,ncaafb,
2405,Monmouth Hawks,2019,espn,ncaafb,
2405,Monmouth Hawks,2021,espn,ncaafb,
2405,Monmouth Hawks,2022,espn,ncaafb,
2405,Monmouth Hawks,2023,espn,ncaafb,
2405,Monmouth Hawks,2024,espn,ncaafb,
2405,Monmouth Hawks,2025,espn,ncaafb,
2413,Morehead State Eagles,2001,espn,ncaafb,
2413,Morehead State Eagles,2002,espn,ncaafb,
2413,Morehead State Eagles,2003,espn,ncaafb,
2413,Morehead State Eagles,2004,espn,ncaafb,
2413,Morehead State Eagles,2005,espn,ncaafb,
2413,Morehead State Eagles,2006,espn,ncaafb,
2413,Morehead State Eagles,2007,espn,ncaafb,
2413,Morehead State Eagles,2008,espn,ncaafb,
2413,Morehead State Eagles,2009,espn,ncaafb,
2413,Morehead State Eagles,2010,espn,ncaafb,
2413,Morehead State Eagles,2011,espn,ncaafb,
2413,Morehead State Eagles,2012,espn,ncaafb,
2413,Morehead State Eagles,2013,espn,ncaafb,
2413,Morehead State Eagles,2014,espn,ncaafb,
2413,Morehead State Eagles,2015,espn,ncaafb,
2413,Morehead State Eagles,2016,espn,ncaafb,
2413,Morehead State Eagles,2017,espn,ncaafb,
2413,Morehead State Eagles,2018,espn,ncaafb,
2413,Morehead State Eagles,2019,espn,ncaafb,
2413,Morehead State Eagles,2021,espn,ncaafb,
2413,Morehead State Eagles,2022,espn,ncaafb,
2413,Morehead State Eagles,2023,espn,ncaafb,
2413,Morehead State Eagles,2024,espn,ncaafb,
2413,Morehead State Eagles,2025,espn,ncaafb,
2415,Morgan State Bears,2001,espn,ncaafb,
2415,Morgan State Bears,2002,espn,ncaafb,
2415,Morgan State Bears,2003,espn,ncaafb,
2415,Morgan State Bears,2004,espn,ncaafb,
2415,Morgan State Bears,2005,espn,ncaafb,
2415,Morgan State Bears,2006,espn,ncaafb,
2415,Morgan State Bears,2007,espn,ncaafb,
2415,Morgan State Bears,2008,espn,ncaafb,
2415,Morgan State Bears,2009,espn,ncaafb,
2415,Morgan State Bears,2010,espn,ncaafb,
2415,Morgan State Bears,2011,espn,ncaafb,
2415,Morgan State Bears,2012,espn,ncaafb,
2415,Morgan State Bears,2013,espn,ncaafb,
2415,Morgan State Bears,2014,espn,ncaafb,
2415,Morgan State Bears,2015,espn,ncaafb,
2415,Morgan State Bears,2016,espn,ncaafb,
2415,Morgan State Bears,2017,espn,ncaafb,
2415,Morgan State Bears,2018,espn,ncaafb,
2415,Morgan State Bears,2019,espn,ncaafb,
2415,Morgan State Bears,2020,espn,ncaafb,
2415,Morgan State Bears,2021,espn,ncaafb,
2415,Morgan State Bears,2022,espn,ncaafb,
2415,Morgan State Bears,2023,espn,ncaafb,
2415,Morgan State Bears,2024,espn,ncaafb,
2415,Morgan State Bears,2025,espn,ncaafb,
2416,Morningside Chiefs,2015,espn,ncaafb,
2416,Morningside Chiefs,2016,espn,ncaafb,
2416,Morningside Chiefs,2017,espn,ncaafb,
2416,Morningside Chiefs,2018,espn,ncaafb,
2417,Morris Brown Wolverines,2001,espn,ncaafb,
2417,Morris Brown Wolverines,2002,espn,ncaafb,
2419,Mount St. Joseph Lions,2007,espn,ncaafb,
2419,Mount St. Joseph Lions,2008,espn,ncaafb,
2419,Mount St. Joseph Lions,2009,espn,ncaafb,
2419,Mount St. Joseph Lions,2010,espn,ncaafb,
2419,Mount St. Joseph Lions,2011,espn,ncaafb,
2419,Mount St. Joseph Lions,2012,espn,ncaafb,
2419,Mount St. Joseph Lions,2013,espn,ncaafb,
2419,Mount St. Joseph Lions,2014,espn,ncaafb,
2419,Mount St. Joseph Lions,2015,espn,ncaafb,
2419,Mount St. Joseph Lions,2016,espn,ncaafb,
2419,Mount St. Joseph Lions,2017,espn,ncaafb,
2419,Mount St. Joseph Lions,2018,espn,ncaafb,
2419,Mount St. Joseph Lions,2019,espn,ncaafb,
2419,Mount St. Joseph Lions,2021,espn,ncaafb,
2419,Mount St. Joseph Lions,2022,espn,ncaafb,
2419,Mount St. Joseph Lions,2023,espn,ncaafb,
2419,Mount St. Joseph Lions,2024,espn,ncaafb,
2419,Mount St. Joseph Lions,2025,espn,ncaafb,
2422,Muhlenberg Mules,2007,espn,ncaafb,
2422,Muhlenberg Mules,2008,espn,ncaafb,
2422,Muhlenberg Mules,2009,espn,ncaafb,
2422,Muhlenberg Mules,2010,espn,ncaafb,
2422,Muhlenberg Mules,2011,espn,ncaafb,
2422,Muhlenberg Mules,2012,espn,ncaafb,
2422,Muhlenberg Mules,2013,espn,ncaafb,
2422,Muhlenberg Mules,2014,espn,ncaafb,
2422,Muhlenberg Mules,2015,espn,ncaafb,
2422,Muhlenberg Mules,2016,espn,ncaafb,
2422,Muhlenberg Mules,2017,espn,ncaafb,
2422,Muhlenberg Mules,2018,espn,ncaafb,
2422,Muhlenberg Mules,2019,espn,ncaafb,
2422,Muhlenberg Mules,2020,espn,ncaafb,
2422,Muhlenberg Mules,2021,espn,ncaafb,
2422,Muhlenberg Mules,2022,espn,ncaafb,
2422,Muhlenberg Mules,2023,espn,ncaafb,
2422,Muhlenberg Mules,2024,espn,ncaafb,
2422,Muhlenberg Mules,2025,espn,ncaafb,
2424,New Mexico Highlands Cowboys,2003,espn,ncaafb,
2424,New Mexico Highlands Cowboys,2006,espn,ncaafb,
2424,New Mexico Highlands Cowboys,2007,espn,ncaafb,
2424,New Mexico Highlands Cowboys,2008,espn,ncaafb,
2424,New Mexico Highlands Cowboys,2009,espn,ncaafb,
2424,New Mexico Highlands Cowboys,2010,espn,ncaafb,
2424,New Mexico Highlands Cowboys,2011,espn,ncaafb,
2424,New Mexico Highlands Cowboys,2012,espn,ncaafb,
2424,New Mexico Highlands Cowboys,2013,espn,ncaafb,
2424,New Mexico Highlands Cowboys,2014,espn,ncaafb,
2424,New Mexico Highlands Cowboys,2015,espn,ncaafb,
2424,New Mexico Highlands Cowboys,2016,espn,ncaafb,
2424,New Mexico Highlands Cowboys,2017,espn,ncaafb,
2424,New Mexico Highlands Cowboys,2018,espn,ncaafb,
2424,New Mexico Highlands Cowboys,2019,espn,ncaafb,
2424,New Mexico Highlands Cowboys,2021,espn,ncaafb,
2424,New Mexico Highlands Cowboys,2022,espn,ncaafb,
2424,New Mexico Highlands Cowboys,2023,espn,ncaafb,
2424,New Mexico Highlands Cowboys,2024,espn,ncaafb,
2424,New Mexico Highlands Cowboys,2025,espn,ncaafb,
2426,Navy Midshipmen,2001,espn,ncaafb,
2426,Navy Midshipmen,2002,espn,ncaafb,
2426,Navy Midshipmen,2003,espn,ncaafb,
2426,Navy Midshipmen,2004,espn,ncaafb,
2426,Navy Midshipmen,2005,espn,ncaafb,
2426,Navy Midshipmen,2006,espn,ncaafb,
2426,Navy Midshipmen,2007,espn,ncaafb,
2426,Navy Midshipmen,2008,espn,ncaafb,
2426,Navy Midshipmen,2009,espn,ncaafb,
2426,Navy Midshipmen,2010,espn,ncaafb,
2426,Navy Midshipmen,2011,espn,ncaafb,
2426,Navy Midshipmen,2012,espn,ncaafb,
2426,Navy Midshipmen,2013,espn,ncaafb,
2426,Navy Midshipmen,2014,espn,ncaafb,
2426,Navy Midshipmen,2015,espn,ncaafb,
2426,Navy Midshipmen,2016,espn,ncaafb,
2426,Navy Midshipmen,2017,espn,ncaafb,
2426,Navy Midshipmen,2018,espn,ncaafb,
2426,Navy Midshipmen,2019,espn,ncaafb,
2426,Navy Midshipmen,2020,espn,ncaafb,
2426,Navy Midshipmen,2021,espn,ncaafb,
2426,Navy Midshipmen,2022,espn,ncaafb,
2426,Navy Midshipmen,2023,espn,ncaafb,
2426,Navy Midshipmen,2024,espn,ncaafb,
2426,Navy Midshipmen,2025,espn,ncaafb,
2428,NC Central Eagles,2001,espn,ncaafb,
2428,North Carolina Central Eagles,2002,espn,ncaafb,
2428,North Carolina Central Eagles,2003,espn,ncaafb,
2428,North Carolina Central Eagles,2004,espn,ncaafb,
2428,North Carolina Central Eagles,2006,espn,ncaafb,
2428,North Carolina Central Eagles,2007,espn,ncaafb,
2428,North Carolina Central Eagles,2008,espn,ncaafb,
2428,North Carolina Central Eagles,2009,espn,ncaafb,
2428,North Carolina Central Eagles,2010,espn,ncaafb,
2428,North Carolina Central Eagles,2011,espn,ncaafb,
2428,North Carolina Central Eagles,2012,espn,ncaafb,
2428,North Carolina Central Eagles,2013,espn,ncaafb,
2428,North Carolina Central Eagles,2014,espn,ncaafb,
2428,North Carolina Central Eagles,2015,espn,ncaafb,
2428,North Carolina Central Eagles,2016,espn,ncaafb,
2428,North Carolina Central Eagles,2017,espn,ncaafb,
2428,North Carolina Central Eagles,2018,espn,ncaafb,
2428,North Carolina Central Eagles,2019,espn,ncaafb,
2428,North Carolina Central Eagles,2020,espn,ncaafb,
2428,North Carolina Central Eagles,2021,espn,ncaafb,
2428,North Carolina Central Eagles,2022,espn,ncaafb,
2428,North Carolina Central Eagles,2023,espn,ncaafb,
2428,North Carolina Central Eagles,2024,espn,ncaafb,
2428,North Carolina Central Eagles,2025,espn,ncaafb,
2429,Charlotte 49ers,2013,espn,ncaafb,
2429,Charlotte 49ers,2014,espn,ncaafb,
2429,Charlotte 49ers,2015,espn,ncaafb,
2429,Charlotte 49ers,2016,espn,ncaafb,
2429,Charlotte 49ers,2017,espn,ncaafb,
2429,Charlotte 49ers,2018,espn,ncaafb,
2429,Charlotte 49ers,2019,espn,ncaafb,
2429,Charlotte 49ers,2020,espn,ncaafb,
2429,Charlotte 49ers,2021,espn,ncaafb,
2429,Charlotte 49ers,2022,espn,ncaafb,
2429,Charlotte 49ers,2023,espn,ncaafb,
2429,Charlotte 49ers,2024,espn,ncaafb,
2429,Charlotte 49ers,2025,espn,ncaafb,
2433,Louisiana-Monroe Warhawks,2001,espn,ncaafb,
2433,Louisiana Monroe Warhawks,2002,espn,ncaafb,
2433,Louisiana Monroe Warhawks,2003,espn,ncaafb,
2433,Louisiana Monroe Warhawks,2004,espn,ncaafb,
2433,Louisiana Monroe Warhawks,2005,espn,ncaafb,
2433,Louisiana Monroe Warhawks,2006,espn,ncaafb,
2433,Louisiana Monroe Warhawks,2007,espn,ncaafb,
2433,Louisiana Monroe Warhawks,2008,espn,ncaafb,
2433,Louisiana Monroe Warhawks,2009,espn,ncaafb,
2433,Louisiana Monroe Warhawks,2010,espn,ncaafb,
2433,Louisiana Monroe Warhawks,2011,espn,ncaafb,
2433,Louisiana Monroe Warhawks,2012,espn,ncaafb,
2433,Louisiana Monroe Warhawks,2013,espn,ncaafb,
2433,Louisiana Monroe Warhawks,2014,espn,ncaafb,
2433,Louisiana Monroe Warhawks,2015,espn,ncaafb,
2433,Louisiana Monroe Warhawks,2016,espn,ncaafb,
2433,Louisiana Monroe Warhawks,2017,espn,ncaafb,
2433,UL Monroe Warhawks,2018,espn,ncaafb,
2433,UL Monroe Warhawks,2019,espn,ncaafb,
2433,UL Monroe Warhawks,2020,espn,ncaafb,
2433,UL Monroe Warhawks,2021,espn,ncaafb,
2433,UL Monroe Warhawks,2022,espn,ncaafb,
2433,UL Monroe Warhawks,2023,espn,ncaafb,
2433,UL Monroe Warhawks,2024,espn,ncaafb,
2433,UL Monroe Warhawks,2025,espn,ncaafb,
2437,Nebraska-Omaha Mavericks,2007,espn,ncaafb,
2437,Nebraska-Omaha Mavericks,2008,espn,ncaafb,
2437,Nebraska-Omaha Mavericks,2009,espn,ncaafb,
2437,Nebraska-Omaha Mavericks,2010,espn,ncaafb,
2438,Nebraska-Kearney Lopers,2007,espn,ncaafb,
2438,Nebraska-Kearney Lopers,2008,espn,ncaafb,
2438,Nebraska-Kearney Lopers,2009,espn,ncaafb,
2438,Nebraska-Kearney Lopers,2010,espn,ncaafb,
2438,Nebraska-Kearney Lopers,2011,espn,ncaafb,
2438,Nebraska-Kearney Lopers,2012,espn,ncaafb,
2438,Nebraska-Kearney Lopers,2013,espn,ncaafb,
2438,Nebraska-Kearney Lopers,2014,espn,ncaafb,
2438,Nebraska-Kearney Lopers,2015,espn,ncaafb,
2438,Nebraska-Kearney Lopers,2016,espn,ncaafb,
2438,Nebraska-Kearney Lopers,2017,espn,ncaafb,
2438,Nebraska-Kearney Lopers,2018,espn,ncaafb,
2438,Nebraska-Kearney Lopers,2019,espn,ncaafb,
2438,Nebraska-Kearney Lopers,2020,espn,ncaafb,
2438,Nebraska-Kearney Lopers,2021,espn,ncaafb,
2438,Nebraska-Kearney Lopers,2022,espn,ncaafb,
2438,Nebraska-Kearney Lopers,2023,espn,ncaafb,
2438,Nebraska-Kearney Lopers,2024,espn,ncaafb,
2438,Nebraska-Kearney Lopers,2025,espn,ncaafb,
2439,UNLV Rebels,2001,espn,ncaafb,
2439,UNLV Rebels,2002,espn,ncaafb,
2439,UNLV Rebels,2003,espn,ncaafb,
2439,UNLV Rebels,2004,espn,ncaafb,
2439,UNLV Rebels,2005,espn,ncaafb,
2439,UNLV Rebels,2006,espn,ncaafb,
2439,UNLV Rebels,2007,espn,ncaafb,
2439,UNLV Rebels,2008,espn,ncaafb,
2439,UNLV Rebels,2009,espn,ncaafb,
2439,UNLV Rebels,2010,espn,ncaafb,
2439,UNLV Rebels,2011,espn,ncaafb,
2439,UNLV Rebels,2012,espn,ncaafb,
2439,UNLV Rebels,2013,espn,ncaafb,
2439,UNLV Rebels,2014,espn,ncaafb,
2439,UNLV Rebels,2015,espn,ncaafb,
2439,UNLV Rebels,2016,espn,ncaafb,
2439,UNLV Rebels,2017,espn,ncaafb,
2439,UNLV Rebels,2018,espn,ncaafb,
2439,UNLV Rebels,2019,espn,ncaafb,
2439,UNLV Rebels,2020,espn,ncaafb,
2439,UNLV Rebels,2021,espn,ncaafb,
2439,UNLV Rebels,2022,espn,ncaafb,
2439,UNLV Rebels,2023,espn,ncaafb,
2439,UNLV Rebels,2024,espn,ncaafb,
2439,UNLV Rebels,2025,espn,ncaafb,
2440,Nevada Wolf Pack,2001,espn,ncaafb,
2440,Nevada Wolf Pack,2002,espn,ncaafb,
2440,Nevada Wolf Pack,2003,espn,ncaafb,
2440,Nevada Wolf Pack,2004,espn,ncaafb,
2440,Nevada Wolf Pack,2005,espn,ncaafb,
2440,Nevada Wolf Pack,2006,espn,ncaafb,
2440,Nevada Wolf Pack,2007,espn,ncaafb,
2440,Nevada Wolf Pack,2008,espn,ncaafb,
2440,Nevada Wolf Pack,2009,espn,ncaafb,
2440,Nevada Wolf Pack,2010,espn,ncaafb,
2440,Nevada Wolf Pack,2011,espn,ncaafb,
2440,Nevada Wolf Pack,2012,espn,ncaafb,
2440,Nevada Wolf Pack,2013,espn,ncaafb,
2440,Nevada Wolf Pack,2014,espn,ncaafb,
2440,Nevada Wolf Pack,2015,espn,ncaafb,
2440,Nevada Wolf Pack,2016,espn,ncaafb,
2440,Nevada Wolf Pack,2017,espn,ncaafb,
2440,Nevada Wolf Pack,2018,espn,ncaafb,
2440,Nevada Wolf Pack,2019,espn,ncaafb,
2440,Nevada Wolf Pack,2020,espn,ncaafb,
2440,Nevada Wolf Pack,2021,espn,ncaafb,
2440,Nevada Wolf Pack,2022,espn,ncaafb,
2440,Nevada Wolf Pack,2023,espn,ncaafb,
2440,Nevada Wolf Pack,2024,espn,ncaafb,
2440,Nevada Wolf Pack,2025,espn,ncaafb,
2441,New Haven Chargers,2001,espn,ncaafb,
2441,New Haven Chargers,2003,espn,ncaafb,
2441,New Haven Chargers,2009,espn,ncaafb,
2441,New Haven Chargers,2010,espn,ncaafb,
2441,New Haven Chargers,2011,espn,ncaafb,
2441,New Haven Chargers,2012,espn,ncaafb,
2441,New Haven Chargers,2013,espn,ncaafb,
2441,New Haven Chargers,2014,espn,ncaafb,
2441,New Haven Chargers,2015,espn,ncaafb,
2441,New Haven Chargers,2016,espn,ncaafb,
2441,New Haven Chargers,2017,espn,ncaafb,
2441,New Haven Chargers,2018,espn,ncaafb,
2441,New Haven Chargers,2019,espn,ncaafb,
2441,New Haven Chargers,2020,espn,ncaafb,
2441,New Haven Chargers,2021,espn,ncaafb,
2441,New Haven Chargers,2022,espn,ncaafb,
2441,New Haven Chargers,2023,espn,ncaafb,
2441,New Haven Chargers,2024,espn,ncaafb,
2441,New Haven Chargers,2025,espn,ncaafb,
2442,College of New Jersey Lions,2003,espn,ncaafb,
2442,College of New Jersey Lions,2004,espn,ncaafb,
2442,The College of New Jersey Lions,2005,espn,ncaafb,
2442,College of New Jersey Lions,2006,espn,ncaafb,
2442,College of New Jersey Lions,2007,espn,ncaafb,
2442,College of New Jersey Lions,2008,espn,ncaafb,
2442,College of New Jersey Lions,2009,espn,ncaafb,
2442,College of New Jersey Lions,2010,espn,ncaafb,
2442,College of New Jersey Lions,2011,espn,ncaafb,
2442,College of New Jersey Lions,2012,espn,ncaafb,
2442,College of New Jersey Lions,2013,espn,ncaafb,
2442,College of New Jersey Lions,2014,espn,ncaafb,
2442,College of New Jersey Lions,2015,espn,ncaafb,
2442,College of New Jersey Lions,2016,espn,ncaafb,
2442,College of New Jersey Lions,2017,espn,ncaafb,
2442,College of New Jersey Lions,2018,espn,ncaafb,
2442,College of New Jersey Lions,2019,espn,ncaafb,
2442,College of New Jersey Lions,2021,espn,ncaafb,
2442,The College of New Jersey Lions,2022,espn,ncaafb,
2442,The College of New Jersey Lions,2023,espn,ncaafb,
2442,The College of New Jersey Lions,2024,espn,ncaafb,
2442,The College of New Jersey Lions,2025,espn,ncaafb,
2444,Newberry Wolves,2002,espn,ncaafb,
2444,Newberry Wolves,2003,espn,ncaafb,
2444,Newberry Wolves,2004,espn,ncaafb,
2444,Newberry Wolves,2005,espn,ncaafb,
2444,Newberry Wolves,2006,espn,ncaafb,
2444,Newberry Wolves,2007,espn,ncaafb,
2444,Newberry Wolves,2008,espn,ncaafb,
2444,Newberry Wolves,2009,espn,ncaafb,
2444,Newberry Wolves,2010,espn,ncaafb,
2444,Newberry Wolves,2011,espn,ncaafb,
2444,Newberry Wolves,2012,espn,ncaafb,
2444,Newberry Wolves,2013,espn,ncaafb,
2444,Newberry Wolves,2014,espn,ncaafb,
2444,Newberry Wolves,2015,espn,ncaafb,
2444,Newberry Wolves,2016,espn,ncaafb,
2444,Newberry Wolves,2017,espn,ncaafb,
2444,Newberry Wolves,2018,espn,ncaafb,
2444,Newberry Wolves,2019,espn,ncaafb,
2444,Newberry Wolves,2021,espn,ncaafb,
2444,Newberry Wolves,2022,espn,ncaafb,
2444,Newberry Wolves,2023,espn,ncaafb,
2444,Newberry Wolves,2024,espn,ncaafb,
2444,Newberry Wolves,2025,espn,ncaafb,
2447,Nicholls State Colonels,2001,espn,ncaafb,
2447,Nicholls State Colonels,2002,espn,ncaafb,
2447,Nicholls State Colonels,2003,espn,ncaafb,
2447,Nicholls State Colonels,2004,espn,ncaafb,
2447,Nicholls State Colonels,2005,espn,ncaafb,
2447,Nicholls State Colonels,2006,espn,ncaafb,
2447,Nicholls State Colonels,2007,espn,ncaafb,
2447,Nicholls State Colonels,2008,espn,ncaafb,
2447,Nicholls State Colonels,2009,espn,ncaafb,
2447,Nicholls State Colonels,2010,espn,ncaafb,
2447,Nicholls State Colonels,2011,espn,ncaafb,
2447,Nicholls State Colonels,2012,espn,ncaafb,
2447,Nicholls State Colonels,2013,espn,ncaafb,
2447,Nicholls State Colonels,2014,espn,ncaafb,
2447,Nicholls State Colonels,2015,espn,ncaafb,
2447,Nicholls Colonels,2016,espn,ncaafb,
2447,Nicholls Colonels,2017,espn,ncaafb,
2447,Nicholls Colonels,2018,espn,ncaafb,
2447,Nicholls Colonels,2019,espn,ncaafb,
2447,Nicholls Colonels,2021,espn,ncaafb,
2447,Nicholls Colonels,2022,espn,ncaafb,
2447,Nicholls Colonels,2023,espn,ncaafb,
2447,Nicholls Colonels,2024,espn,ncaafb,
2447,Nicholls Colonels,2025,espn,ncaafb,
2448,North Carolina A&T Aggies,2001,espn,ncaafb,
2448,North Carolina A&T Aggies,2002,espn,ncaafb,
2448,North Carolina A&T Aggies,2003,espn,ncaafb,
2448,North Carolina A&T Aggies,2004,espn,ncaafb,
2448,North Carolina A&T Aggies,2005,espn,ncaafb,
2448,North Carolina A&T Aggies,2006,espn,ncaafb,
2448,North Carolina A&T Aggies,2007,espn,ncaafb,
2448,North Carolina A&T Aggies,2008,espn,ncaafb,
2448,North Carolina A&T Aggies,2009,espn,ncaafb,
2448,North Carolina A&T Aggies,2010,espn,ncaafb,
2448,North Carolina A&T Aggies,2011,espn,ncaafb,
2448,North Carolina A&T Aggies,2012,espn,ncaafb,
2448,North Carolina A&T Aggies,2013,espn,ncaafb,
2448,North Carolina A&T Aggies,2014,espn,ncaafb,
2448,North Carolina A&T Aggies,2015,espn,ncaafb,
2448,North Carolina A&T Aggies,2016,espn,ncaafb,
2448,North Carolina A&T Aggies,2017,espn,ncaafb,
2448,North Carolina A&T Aggies,2018,espn,ncaafb,
2448,North Carolina A&T Aggies,2019,espn,ncaafb,
2448,North Carolina A&T Aggies,2020,espn,ncaafb,
2448,North Carolina A&T Aggies,2021,espn,ncaafb,
2448,North Carolina A&T Aggies,2022,espn,ncaafb,
2448,North Carolina A&T Aggies,2023,espn,ncaafb,
2448,North Carolina A&T Aggies,2024,espn,ncaafb,
2448,North Carolina A&T Aggies,2025,espn,ncaafb,
2449,North Dakota State Bison,2001,espn,ncaafb,
2449,North Dakota State Bison,2003,espn,ncaafb,
2449,North Dakota State Bison,2004,espn,ncaafb,
2449,North Dakota State Bison,2005,espn,ncaafb,
2449,North Dakota State Bison,2006,espn,ncaafb,
2449,North Dakota State Bison,2007,espn,ncaafb,
2449,North Dakota State Bison,2008,espn,ncaafb,
2449,North Dakota State Bison,2009,espn,ncaafb,
2449,North Dakota State Bison,2010,espn,ncaafb,
2449,North Dakota State Bison,2011,espn,ncaafb,
2449,North Dakota State Bison,2012,espn,ncaafb,
2449,North Dakota State Bison,2013,espn,ncaafb,
2449,North Dakota State Bison,2014,espn,ncaafb,
2449,North Dakota State Bison,2015,espn,ncaafb,
2449,North Dakota State Bison,2016,espn,ncaafb,
2449,North Dakota State Bison,2017,espn,ncaafb,
2449,North Dakota State Bison,2018,espn,ncaafb,
2449,North Dakota State Bison,2019,espn,ncaafb,
2449,North Dakota State Bison,2020,espn,ncaafb,
2449,North Dakota State Bison,2021,espn,ncaafb,
2449,North Dakota State Bison,2022,espn,ncaafb,
2449,North Dakota State Bison,2023,espn,ncaafb,
2449,North Dakota State Bison,2024,espn,ncaafb,
2449,North Dakota State Bison,2025,espn,ncaafb,
2450,Norfolk State Spartans,2001,espn,ncaafb,
2450,Norfolk State Spartans,2002,espn,ncaafb,
2450,Norfolk State Spartans,2003,espn,ncaafb,
2450,Norfolk State Spartans,2004,espn,ncaafb,
2450,Norfolk State Spartans,2005,espn,ncaafb,
2450,Norfolk State Spartans,2006,espn,ncaafb,
2450,Norfolk State Spartans,2007,espn,ncaafb,
2450,Norfolk State Spartans,2008,espn,ncaafb,
2450,Norfolk State Spartans,2009,espn,ncaafb,
2450,Norfolk State Spartans,2010,espn,ncaafb,
2450,Norfolk State Spartans,2011,espn,ncaafb,
2450,Norfolk State Spartans,2012,espn,ncaafb,
2450,Norfolk State Spartans,2013,espn,ncaafb,
2450,Norfolk State Spartans,2014,espn,ncaafb,
2450,Norfolk State Spartans,2015,espn,ncaafb,
2450,Norfolk State Spartans,2016,espn,ncaafb,
2450,Norfolk State Spartans,2017,espn,ncaafb,
2450,Norfolk State Spartans,2018,espn,ncaafb,
2450,Norfolk State Spartans,2019,espn,ncaafb,
2450,Norfolk State Spartans,2020,espn,ncaafb,
2450,Norfolk State Spartans,2021,espn,ncaafb,
2450,Norfolk State Spartans,2022,espn,ncaafb,
2450,Norfolk State Spartans,2023,espn,ncaafb,
2450,Norfolk State Spartans,2024,espn,ncaafb,
2450,Norfolk State Spartans,2025,espn,ncaafb,
2453,North Alabama Lions,2001,espn,ncaafb,
2453,North Alabama Lions,2002,espn,ncaafb,
2453,North Alabama Lions,2003,espn,ncaafb,
2453,North Alabama Lions,2007,espn,ncaafb,
2453,North Alabama Lions,2008,espn,ncaafb,
2453,North Alabama Lions,2009,espn,ncaafb,
2453,North Alabama Lions,2010,espn,ncaafb,
2453,North Alabama Lions,2011,espn,ncaafb,
2453,North Alabama Lions,2012,espn,ncaafb,
2453,North Alabama Lions,2013,espn,ncaafb,
2453,North Alabama Lions,2014,espn,ncaafb,
2453,North Alabama Lions,2015,espn,ncaafb,
2453,North Alabama Lions,2016,espn,ncaafb,
2453,North Alabama Lions,2017,espn,ncaafb,
2453,North Alabama Lions,2018,espn,ncaafb,
2453,North Alabama Lions,2019,espn,ncaafb,
2453,North Alabama Lions,2020,espn,ncaafb,
2453,North Alabama Lions,2021,espn,ncaafb,
2453,North Alabama Lions,2022,espn,ncaafb,
2453,North Alabama Lions,2023,espn,ncaafb,
2453,North Alabama Lions,2024,espn,ncaafb,
2453,North Alabama Lions,2025,espn,ncaafb,
2458,Northern Colorado Bears,2002,espn,ncaafb,
2458,Northern Colorado Bears,2003,espn,ncaafb,
2458,Northern Colorado Bears,2004,espn,ncaafb,
2458,Northern Colorado Bears,2005,espn,ncaafb,
2458,Northern Colorado Bears,2006,espn,ncaafb,
2458,Northern Colorado Bears,2007,espn,ncaafb,
2458,Northern Colorado Bears,2008,espn,ncaafb,
2458,Northern Colorado Bears,2009,espn,ncaafb,
2458,Northern Colorado Bears,2010,espn,ncaafb,
2458,Northern Colorado Bears,2011,espn,ncaafb,
2458,Northern Colorado Bears,2012,espn,ncaafb,
2458,Northern Colorado Bears,2013,espn,ncaafb,
2458,Northern Colorado Bears,2014,espn,ncaafb,
2458,Northern Colorado Bears,2015,espn,ncaafb,
2458,Northern Colorado Bears,2016,espn,ncaafb,
2458,Northern Colorado Bears,2017,espn,ncaafb,
2458,Northern Colorado Bears,2018,espn,ncaafb,
2458,Northern Colorado Bears,2019,espn,ncaafb,
2458,Northern Colorado Bears,2021,espn,ncaafb,
2458,Northern Colorado Bears,2022,espn,ncaafb,
2458,Northern Colorado Bears,2023,espn,ncaafb,
2458,Northern Colorado Bears,2024,espn,ncaafb,
2458,Northern Colorado Bears,2025,espn,ncaafb,
2459,Northern Illinois Huskies,2001,espn,ncaafb,
2459,Northern Illinois Huskies,2002,espn,ncaafb,
2459,Northern Illinois Huskies,2003,espn,ncaafb,
2459,Northern Illinois Huskies,2004,espn,ncaafb,
2459,Northern Illinois Huskies,2005,espn,ncaafb,
2459,Northern Illinois Huskies,2006,espn,ncaafb,
2459,Northern Illinois Huskies,2007,espn,ncaafb,
2459,Northern Illinois Huskies,2008,espn,ncaafb,
2459,Northern Illinois Huskies,2009,espn,ncaafb,
2459,Northern Illinois Huskies,2010,espn,ncaafb,
2459,Northern Illinois Huskies,2011,espn,ncaafb,
2459,Northern Illinois Huskies,2012,espn,ncaafb,
2459,Northern Illinois Huskies,2013,espn,ncaafb,
2459,Northern Illinois Huskies,2014,espn,ncaafb,
2459,Northern Illinois Huskies,2015,espn,ncaafb,
2459,Northern Illinois Huskies,2016,espn,ncaafb,
2459,Northern Illinois Huskies,2017,espn,ncaafb,
2459,Northern Illinois Huskies,2018,espn,ncaafb,
2459,Northern Illinois Huskies,2019,espn,ncaafb,
2459,Northern Illinois Huskies,2020,espn,ncaafb,
2459,Northern Illinois Huskies,2021,espn,ncaafb,
2459,Northern Illinois Huskies,2022,espn,ncaafb,
2459,Northern Illinois Huskies,2023,espn,ncaafb,
2459,Northern Illinois Huskies,2024,espn,ncaafb,
2459,Northern Illinois Huskies,2025,espn,ncaafb,
2460,Northern Iowa Panthers,2001,espn,ncaafb,
2460,Northern Iowa Panthers,2002,espn,ncaafb,
2460,Northern Iowa Panthers,2003,espn,ncaafb,
2460,Northern Iowa Panthers,2004,espn,ncaafb,
2460,Northern Iowa Panthers,2005,espn,ncaafb,
2460,Northern Iowa Panthers,2006,espn,ncaafb,
2460,Northern Iowa Panthers,2007,espn,ncaafb,
2460,Northern Iowa Panthers,2008,espn,ncaafb,
2460,Northern Iowa Panthers,2009,espn,ncaafb,
2460,Northern Iowa Panthers,2010,espn,ncaafb,
2460,Northern Iowa Panthers,2011,espn,ncaafb,
2460,Northern Iowa Panthers,2012,espn,ncaafb,
2460,Northern Iowa Panthers,2013,espn,ncaafb,
2460,Northern Iowa Panthers,2014,espn,ncaafb,
2460,Northern Iowa Panthers,2015,espn,ncaafb,
2460,Northern Iowa Panthers,2016,espn,ncaafb,
2460,Northern Iowa Panthers,2017,espn,ncaafb,
2460,Northern Iowa Panthers,2018,espn,ncaafb,
2460,Northern Iowa Panthers,2019,espn,ncaafb,
2460,Northern Iowa Panthers,2021,espn,ncaafb,
2460,Northern Iowa Panthers,2022,espn,ncaafb,
2460,Northern Iowa Panthers,2023,espn,ncaafb,
2460,Northern Iowa Panthers,2024,espn,ncaafb,
2460,Northern Iowa Panthers,2025,espn,ncaafb,
2463,CS-Northridge Matadors,2001,espn,ncaafb,
2464,Northern Arizona Lumberjacks,2001,espn,ncaafb,
2464,Northern Arizona Lumberjacks,2002,espn,ncaafb,
2464,Northern Arizona Lumberjacks,2003,espn,ncaafb,
2464,Northern Arizona Lumberjacks,2004,espn,ncaafb,
2464,Northern Arizona Lumberjacks,2005,espn,ncaafb,
2464,Northern Arizona Lumberjacks,2006,espn,ncaafb,
2464,Northern Arizona Lumberjacks,2007,espn,ncaafb,
2464,Northern Arizona Lumberjacks,2008,espn,ncaafb,
2464,Northern Arizona Lumberjacks,2009,espn,ncaafb,
2464,Northern Arizona Lumberjacks,2010,espn,ncaafb,
2464,Northern Arizona Lumberjacks,2011,espn,ncaafb,
2464,Northern Arizona Lumberjacks,2012,espn,ncaafb,
2464,Northern Arizona Lumberjacks,2013,espn,ncaafb,
2464,Northern Arizona Lumberjacks,2014,espn,ncaafb,
2464,Northern Arizona Lumberjacks,2015,espn,ncaafb,
2464,Northern Arizona Lumberjacks,2016,espn,ncaafb,
2464,Northern Arizona Lumberjacks,2017,espn,ncaafb,
2464,Northern Arizona Lumberjacks,2018,espn,ncaafb,
2464,Northern Arizona Lumberjacks,2019,espn,ncaafb,
2464,Northern Arizona Lumberjacks,2021,espn,ncaafb,
2464,Northern Arizona Lumberjacks,2022,espn,ncaafb,
2464,Northern Arizona Lumberjacks,2023,espn,ncaafb,
2464,Northern Arizona Lumberjacks,2024,espn,ncaafb,
2464,Northern Arizona Lumberjacks,2025,espn,ncaafb,
2466,Northwestern State Demons,2001,espn,ncaafb,
2466,Northwestern State Demons,2002,espn,ncaafb,
2466,Northwestern State Demons,2003,espn,ncaafb,
2466,Northwestern State Demons,2004,espn,ncaafb,
2466,Northwestern State Demons,2005,espn,ncaafb,
2466,Northwestern State Demons,2006,espn,ncaafb,
2466,Northwestern State Demons,2007,espn,ncaafb,
2466,Northwestern State Demons,2008,espn,ncaafb,
2466,Northwestern State Demons,2009,espn,ncaafb,
2466,Northwestern State Demons,2010,espn,ncaafb,
2466,Northwestern State Demons,2011,espn,ncaafb,
2466,Northwestern State Demons,2012,espn,ncaafb,
2466,Northwestern State Demons,2013,espn,ncaafb,
2466,Northwestern State Demons,2014,espn,ncaafb,
2466,Northwestern State Demons,2015,espn,ncaafb,
2466,Northwestern State Demons,2016,espn,ncaafb,
2466,Northwestern State Demons,2017,espn,ncaafb,
2466,Northwestern State Demons,2018,espn,ncaafb,
2466,Northwestern State Demons,2019,espn,ncaafb,
2466,Northwestern State Demons,2021,espn,ncaafb,
2466,Northwestern State Demons,2022,espn,ncaafb,
2466,Northwestern State Demons,2023,espn,ncaafb,
2466,Northwestern State Demons,2024,espn,ncaafb,
2466,Northwestern State Demons,2025,espn,ncaafb,
2467,Norwich Cadets,2007,espn,ncaafb,
2467,Norwich Cadets,2008,espn,ncaafb,
2467,Norwich Cadets,2009,espn,ncaafb,
2467,Norwich Cadets,2010,espn,ncaafb,
2467,Norwich Cadets,2011,espn,ncaafb,
2467,Norwich Cadets,2012,espn,ncaafb,
2467,Norwich Cadets,2013,espn,ncaafb,
2467,Norwich Cadets,2014,espn,ncaafb,
2467,Norwich Cadets,2015,espn,ncaafb,
2467,Norwich Cadets,2016,espn,ncaafb,
2467,Norwich Cadets,2017,espn,ncaafb,
2467,Norwich Cadets,2018,espn,ncaafb,
2467,Norwich Cadets,2019,espn,ncaafb,
2467,Norwich Cadets,2020,espn,ncaafb,
2467,Norwich Cadets,2021,espn,ncaafb,
2467,Norwich Cadets,2022,espn,ncaafb,
2467,Norwich Cadets,2023,espn,ncaafb,
2467,Norwich Cadets,2024,espn,ncaafb,
2467,Norwich Cadets,2025,espn,ncaafb,
2471,Northwestern (IA) Red Raiders,2023,espn,ncaafb,
2475,Occidental Tigers,2007,espn,ncaafb,
2475,Occidental Tigers,2008,espn,ncaafb,
2475,Occidental Tigers,2009,espn,ncaafb,
2475,Occidental Tigers,2010,espn,ncaafb,
2475,Occidental Tigers,2011,espn,ncaafb,
2475,Occidental Tigers,2012,espn,ncaafb,
2475,Occidental Tigers,2013,espn,ncaafb,
2475,Occidental Tigers,2014,espn,ncaafb,
2475,Occidental Tigers,2015,espn,ncaafb,
2475,Occidental Tigers,2016,espn,ncaafb,
2475,Occidental Tigers,2017,espn,ncaafb,
2475,Occidental Tigers,2018,espn,ncaafb,
2475,Occidental Tigers,2019,espn,ncaafb,
2477,Ohio Dominican Panthers,2007,espn,ncaafb,
2477,Ohio Dominican Panthers,2008,espn,ncaafb,
2477,Ohio Dominican Panthers,2009,espn,ncaafb,
2477,Ohio Dominican Panthers,2010,espn,ncaafb,
2477,Ohio Dominican Panthers,2011,espn,ncaafb,
2477,Ohio Dominican Panthers,2012,espn,ncaafb,
2477,Ohio Dominican Panthers,2013,espn,ncaafb,
2477,Ohio Dominican Panthers,2014,espn,ncaafb,
2477,Ohio Dominican Panthers,2015,espn,ncaafb,
2477,Ohio Dominican Panthers,2016,espn,ncaafb,
2477,Ohio Dominican Panthers,2018,espn,ncaafb,
2477,Ohio Dominican Panthers,2019,espn,ncaafb,
2477,Ohio Dominican Panthers,2021,espn,ncaafb,
2477,Ohio Dominican Panthers,2022,espn,ncaafb,
2477,Ohio Dominican Panthers,2023,espn,ncaafb,
2477,Ohio Dominican Panthers,2024,espn,ncaafb,
2477,Ohio Dominican Panthers,2025,espn,ncaafb,
2483,Oregon Ducks,2001,espn,ncaafb,
2483,Oregon Ducks,2002,espn,ncaafb,
2483,Oregon Ducks,2003,espn,ncaafb,
2483,Oregon Ducks,2004,espn,ncaafb,
2483,Oregon Ducks,2005,espn,ncaafb,
2483,Oregon Ducks,2006,espn,ncaafb,
2483,Oregon Ducks,2007,espn,ncaafb,
2483,Oregon Ducks,2008,espn,ncaafb,
2483,Oregon Ducks,2009,espn,ncaafb,
2483,Oregon Ducks,2010,espn,ncaafb,
2483,Oregon Ducks,2011,espn,ncaafb,
2483,Oregon Ducks,2012,espn,ncaafb,
2483,Oregon Ducks,2013,espn,ncaafb,
2483,Oregon Ducks,2014,espn,ncaafb,
2483,Oregon Ducks,2015,espn,ncaafb,
2483,Oregon Ducks,2016,espn,ncaafb,
2483,Oregon Ducks,2017,espn,ncaafb,
2483,Oregon Ducks,2018,espn,ncaafb,
2483,Oregon Ducks,2019,espn,ncaafb,
2483,Oregon Ducks,2020,espn,ncaafb,
2483,Oregon Ducks,2021,espn,ncaafb,
2483,Oregon Ducks,2022,espn,ncaafb,
2483,Oregon Ducks,2023,espn,ncaafb,
2483,Oregon Ducks,2024,espn,ncaafb,
2483,Oregon Ducks,2025,espn,ncaafb,
2486,Pacific Lutheran Lutes,2007,espn,ncaafb,
2486,Pacific Lutheran Lutes,2008,espn,ncaafb,
2486,Pacific Lutheran Lutes,2009,espn,ncaafb,
2486,Pacific Lutheran Lutes,2010,espn,ncaafb,
2486,Pacific Lutheran Lutes,2011,espn,ncaafb,
2486,Pacific Lutheran Lutes,2012,espn,ncaafb,
2486,Pacific Lutheran Lutes,2013,espn,ncaafb,
2486,Pacific Lutheran Lutes,2014,espn,ncaafb,
2486,Pacific Lutheran Lutes,2015,espn,ncaafb,
2486,Pacific Lutheran Lutes,2016,espn,ncaafb,
2486,Pacific Lutheran Lutes,2017,espn,ncaafb,
2486,Pacific Lutheran Lutes,2018,espn,ncaafb,
2486,Pacific Lutheran Lutes,2019,espn,ncaafb,
2486,Pacific Lutheran Lutes,2021,espn,ncaafb,
2486,Pacific Lutheran Lutes,2022,espn,ncaafb,
2486,Pacific Lutheran Lutes,2023,espn,ncaafb,
2486,Pacific Lutheran Lutes,2024,espn,ncaafb,
2486,Pacific Lutheran Lutes,2025,espn,ncaafb,
2487,Pace Setters,2003,espn,ncaafb,
2487,Pace Setters,2004,espn,ncaafb,
2487,Pace Setters,2005,espn,ncaafb,
2487,Pace Setters,2007,espn,ncaafb,
2487,Pace Setters,2008,espn,ncaafb,
2487,Pace Setters,2009,espn,ncaafb,
2487,Pace Setters,2010,espn,ncaafb,
2487,Pace Setters,2011,espn,ncaafb,
2487,Pace Setters,2012,espn,ncaafb,
2487,Pace Setters,2013,espn,ncaafb,
2487,Pace Setters,2014,espn,ncaafb,
2487,Pace Setters,2015,espn,ncaafb,
2487,Pace Setters,2016,espn,ncaafb,
2487,Pace Setters,2017,espn,ncaafb,
2487,Pace Setters,2018,espn,ncaafb,
2487,Pace University Setters,2019,espn,ncaafb,
2487,Pace University Setters,2020,espn,ncaafb,
2487,Pace University Setters,2021,espn,ncaafb,
2487,Pace University Setters,2022,espn,ncaafb,
2487,Pace University Setters,2023,espn,ncaafb,
2487,Pace Setters,2024,espn,ncaafb,
2487,Pace Setters,2025,espn,ncaafb,
2488,Paine Lions,2014,espn,ncaafb,
2491,Paul Quinn Tigers,2001,espn,ncaafb,
2491,Paul Quinn Tigers,2002,espn,ncaafb,
2491,Paul Quinn Tigers,2003,espn,ncaafb,
2491,Paul Quinn Tigers,2004,espn,ncaafb,
2491,Paul Quinn Tigers,2005,espn,ncaafb,
2491,Paul Quinn Tigers,2006,espn,ncaafb,
2502,Portland State Vikings,2001,espn,ncaafb,
2502,Portland State Vikings,2002,espn,ncaafb,
2502,Portland State Vikings,2003,espn,ncaafb,
2502,Portland State Vikings,2004,espn,ncaafb,
2502,Portland State Vikings,2005,espn,ncaafb,
2502,Portland State Vikings,2006,espn,ncaafb,
2502,Portland State Vikings,2007,espn,ncaafb,
2502,Portland State Vikings,2008,espn,ncaafb,
2502,Portland State Vikings,2009,espn,ncaafb,
2502,Portland State Vikings,2010,espn,ncaafb,
2502,Portland State Vikings,2011,espn,ncaafb,
2502,Portland State Vikings,2012,espn,ncaafb,
2502,Portland State Vikings,2013,espn,ncaafb,
2502,Portland State Vikings,2014,espn,ncaafb,
2502,Portland State Vikings,2015,espn,ncaafb,
2502,Portland State Vikings,2016,espn,ncaafb,
2502,Portland State Vikings,2017,espn,ncaafb,
2502,Portland State Vikings,2018,espn,ncaafb,
2502,Portland State Vikings,2019,espn,ncaafb,
2502,Portland State Vikings,2021,espn,ncaafb,
2502,Portland State Vikings,2022,espn,ncaafb,
2502,Portland State Vikings,2023,espn,ncaafb,
2502,Portland State Vikings,2024,espn,ncaafb,
2502,Portland State Vikings,2025,espn,ncaafb,
2504,Prairie View A&M Panthers,2001,espn,ncaafb,
2504,Prairie View A&M Panthers,2002,espn,ncaafb,
2504,Prairie View A&M Panthers,2003,espn,ncaafb,
2504,Prairie View A&M Panthers,2004,espn,ncaafb,
2504,Prairie View A&M Panthers,2005,espn,ncaafb,
2504,Prairie View A&M Panthers,2006,espn,ncaafb,
2504,Prairie View A&M Panthers,2007,espn,ncaafb,
2504,Prairie View A&M Panthers,2008,espn,ncaafb,
2504,Prairie View A&M Panthers,2009,espn,ncaafb,
2504,Prairie View A&M Panthers,2010,espn,ncaafb,
2504,Prairie View A&M Panthers,2011,espn,ncaafb,
2504,Prairie View A&M Panthers,2012,espn,ncaafb,
2504,Prairie View A&M Panthers,2013,espn,ncaafb,
2504,Prairie View A&M Panthers,2014,espn,ncaafb,
2504,Prairie View A&M Panthers,2015,espn,ncaafb,
2504,Prairie View Panthers,2016,espn,ncaafb,
2504,Prairie View Panthers,2017,espn,ncaafb,
2504,Prairie View Panthers,2018,espn,ncaafb,
2504,Prairie View A&M Panthers,2019,espn,ncaafb,
2504,Prairie View A&M Panthers,2020,espn,ncaafb,
2504,Prairie View A&M Panthers,2021,espn,ncaafb,
2504,Prairie View A&M Panthers,2022,espn,ncaafb,
2504,Prairie View A&M Panthers,2023,espn,ncaafb,
2504,Prairie View A&M Panthers,2024,espn,ncaafb,
2504,Prairie View A&M Panthers,2025,espn,ncaafb,
2506,Presbyterian Blue Hose,2001,espn,ncaafb,
2506,Presbyterian College Blue Hose,2002,espn,ncaafb,
2506,Presbyterian College Blue Hose,2003,espn,ncaafb,
2506,Presbyterian College Blue Hose,2004,espn,ncaafb,
2506,Presbyterian Blue Hose,2005,espn,ncaafb,
2506,Presbyterian College Blue Hose,2006,espn,ncaafb,
2506,Presbyterian College Blue Hose,2007,espn,ncaafb,
2506,Presbyterian College Blue Hose,2008,espn,ncaafb,
2506,Presbyterian College Blue Hose,2009,espn,ncaafb,
2506,Presbyterian College Blue Hose,2010,espn,ncaafb,
2506,Presbyterian College Blue Hose,2011,espn,ncaafb,
2506,Presbyterian College Blue Hose,2012,espn,ncaafb,
2506,Presbyterian College Blue Hose,2013,espn,ncaafb,
2506,Presbyterian College Blue Hose,2014,espn,ncaafb,
2506,Presbyterian College Blue Hose,2015,espn,ncaafb,
2506,Presbyterian College Blue Hose,2016,espn,ncaafb,
2506,Presbyterian College Blue Hose,2017,espn,ncaafb,
2506,Presbyterian College Blue Hose,2018,espn,ncaafb,
2506,Presbyterian College Blue Hose,2019,espn,ncaafb,
2506,Presbyterian Blue Hose,2021,espn,ncaafb,
2506,Presbyterian Blue Hose,2022,espn,ncaafb,
2506,Presbyterian Blue Hose,2023,espn,ncaafb,
2506,Presbyterian Blue Hose,2024,espn,ncaafb,
2506,Presbyterian Blue Hose,2025,espn,ncaafb,
2508,Puget Sound Loggers,2007,espn,ncaafb,
2508,Puget Sound Loggers,2008,espn,ncaafb,
2508,Puget Sound Loggers,2009,espn,ncaafb,
2508,Puget Sound Loggers,2010,espn,ncaafb,
2508,Puget Sound Loggers,2011,espn,ncaafb,
2508,Puget Sound Loggers,2012,espn,ncaafb,
2508,Puget Sound Loggers,2013,espn,ncaafb,
2508,Puget Sound Loggers,2014,espn,ncaafb,
2508,Puget Sound Loggers,2015,espn,ncaafb,
2508,Puget Sound Loggers,2016,espn,ncaafb,
2508,Puget Sound Loggers,2017,espn,ncaafb,
2508,Puget Sound Loggers,2018,espn,ncaafb,
2508,Puget Sound Loggers,2019,espn,ncaafb,
2508,Puget Sound Loggers,2021,espn,ncaafb,
2508,Puget Sound Loggers,2022,espn,ncaafb,
2508,Puget Sound Loggers,2023,espn,ncaafb,
2508,Puget Sound Loggers,2024,espn,ncaafb,
2508,Puget Sound Loggers,2025,espn,ncaafb,
2509,Purdue Boilermakers,2001,espn,ncaafb,
2509,Purdue Boilermakers,2002,espn,ncaafb,
2509,Purdue Boilermakers,2003,espn,ncaafb,
2509,Purdue Boilermakers,2004,espn,ncaafb,
2509,Purdue Boilermakers,2005,espn,ncaafb,
2509,Purdue Boilermakers,2006,espn,ncaafb,
2509,Purdue Boilermakers,2007,espn,ncaafb,
2509,Purdue Boilermakers,2008,espn,ncaafb,
2509,Purdue Boilermakers,2009,espn,ncaafb,
2509,Purdue Boilermakers,2010,espn,ncaafb,
2509,Purdue Boilermakers,2011,espn,ncaafb,
2509,Purdue Boilermakers,2012,espn,ncaafb,
2509,Purdue Boilermakers,2013,espn,ncaafb,
2509,Purdue Boilermakers,2014,espn,ncaafb,
2509,Purdue Boilermakers,2015,espn,ncaafb,
2509,Purdue Boilermakers,2016,espn,ncaafb,
2509,Purdue Boilermakers,2017,espn,ncaafb,
2509,Purdue Boilermakers,2018,espn,ncaafb,
2509,Purdue Boilermakers,2019,espn,ncaafb,
2509,Purdue Boilermakers,2020,espn,ncaafb,
2509,Purdue Boilermakers,2021,espn,ncaafb,
2509,Purdue Boilermakers,2022,espn,ncaafb,
2509,Purdue Boilermakers,2023,espn,ncaafb,
2509,Purdue Boilermakers,2024,espn,ncaafb,
2509,Purdue Boilermakers,2025,espn,ncaafb,
2516,Randolph-Macon Yellow Jackets,2001,espn,ncaafb,
2516,Randolph-Macon Yellow Jackets,2007,espn,ncaafb,
2516,Randolph-Macon Yellow Jackets,2008,espn,ncaafb,
2516,Randolph-Macon Yellow Jackets,2009,espn,ncaafb,
2516,Randolph-Macon Yellow Jackets,2010,espn,ncaafb,
2516,Randolph-Macon Yellow Jackets,2011,espn,ncaafb,
2516,Randolph-Macon Yellow Jackets,2012,espn,ncaafb,
2516,Randolph-Macon Yellow Jackets,2013,espn,ncaafb,
2516,Randolph-Macon Yellow Jackets,2014,espn,ncaafb,
2516,Randolph-Macon Yellow Jackets,2015,espn,ncaafb,
2516,Randolph-Macon Yellow Jackets,2016,espn,ncaafb,
2516,Randolph-Macon Yellow Jackets,2017,espn,ncaafb,
2516,Randolph-Macon College Yellow Jackets,2018,espn,ncaafb,
2516,Randolph-Macon College Yellow Jackets,2019,espn,ncaafb,
2516,Randolph-Macon College Yellow Jackets,2020,espn,ncaafb,
2516,Randolph-Macon College Yellow Jackets,2021,espn,ncaafb,
2516,Randolph-Macon College Yellow Jackets,2022,espn,ncaafb,
2516,Randolph-Macon Yellow Jackets,2023,espn,ncaafb,
2516,Randolph-Macon Yellow Jackets,2024,espn,ncaafb,
2516,Randolph-Macon Yellow Jackets,2025,espn,ncaafb,
2519,Rhodes Lynx,2004,espn,ncaafb,
2519,Rhodes Lynx,2005,espn,ncaafb,
2519,Rhodes Lynx,2006,espn,ncaafb,
2519,Rhodes Lynx,2007,espn,ncaafb,
2519,Rhodes Lynx,2008,espn,ncaafb,
2519,Rhodes Lynx,2009,espn,ncaafb,
2519,Rhodes Lynx,2010,espn,ncaafb,
2519,Rhodes Lynx,2011,espn,ncaafb,
2519,Rhodes Lynx,2012,espn,ncaafb,
2519,Rhodes Lynx,2013,espn,ncaafb,
2519,Rhodes Lynx,2014,espn,ncaafb,
2519,Rhodes Lynx,2015,espn,ncaafb,
2519,Rhodes Lynx,2016,espn,ncaafb,
2519,Rhodes Lynx,2017,espn,ncaafb,
2519,Rhodes College Lynx,2018,espn,ncaafb,
2519,Rhodes College Lynx,2019,espn,ncaafb,
2519,Rhodes College Lynx,2020,espn,ncaafb,
2519,Rhodes College Lynx,2021,espn,ncaafb,
2519,Rhodes College Lynx,2022,espn,ncaafb,
2519,Rhodes College Lynx,2023,espn,ncaafb,
2519,Rhodes College Lynx,2024,espn,ncaafb,
2519,Rhodes College Lynx,2025,espn,ncaafb,
2523,Robert Morris Colonials,2001,espn,ncaafb,
2523,Robert Morris Colonials,2002,espn,ncaafb,
2523,Robert Morris Colonials,2003,espn,ncaafb,
2523,Robert Morris Colonials,2004,espn,ncaafb,
2523,Robert Morris Colonials,2005,espn,ncaafb,
2523,Robert Morris Colonials,2006,espn,ncaafb,
2523,Robert Morris Colonials,2007,espn,ncaafb,
2523,Robert Morris Colonials,2008,espn,ncaafb,
2523,Robert Morris Colonials,2009,espn,ncaafb,
2523,Robert Morris Colonials,2010,espn,ncaafb,
2523,Robert Morris Colonials,2011,espn,ncaafb,
2523,Robert Morris Colonials,2012,espn,ncaafb,
2523,Robert Morris Colonials,2013,espn,ncaafb,
2523,Robert Morris Colonials,2014,espn,ncaafb,
2523,Robert Morris Colonials,2015,espn,ncaafb,
2523,Robert Morris Colonials,2016,espn,ncaafb,
2523,Robert Morris Colonials,2017,espn,ncaafb,
2523,Robert Morris Colonials,2018,espn,ncaafb,
2523,Robert Morris Colonials,2019,espn,ncaafb,
2523,Robert Morris Colonials,2021,espn,ncaafb,
2523,Robert Morris Colonials,2022,espn,ncaafb,
2523,Robert Morris Colonials,2023,espn,ncaafb,
2523,Robert Morris Colonials,2024,espn,ncaafb,
2523,Robert Morris Colonials,2025,espn,ncaafb,
2524,Rockford Regents,2007,espn,ncaafb,
2524,Rockford Regents,2008,espn,ncaafb,
2524,Rockford Regents,2009,espn,ncaafb,
2524,Rockford Regents,2010,espn,ncaafb,
2524,Rockford Regents,2011,espn,ncaafb,
2524,Rockford Regents,2012,espn,ncaafb,
2524,Rockford Regents,2013,espn,ncaafb,
2524,Rockford Regents,2014,espn,ncaafb,
2524,Rockford Regents,2015,espn,ncaafb,
2524,Rockford Regents,2016,espn,ncaafb,
2524,Rockford Regents,2017,espn,ncaafb,
2524,Rockford University Regents,2018,espn,ncaafb,
2524,Rockford University Regents,2019,espn,ncaafb,
2524,Rockford University Regents,2020,espn,ncaafb,
2524,Rockford University Regents,2021,espn,ncaafb,
2524,Rockford University Regents,2022,espn,ncaafb,
2524,Rockford Regents,2023,espn,ncaafb,
2524,Rockford Regents,2024,espn,ncaafb,
2524,Rockford Regents,2025,espn,ncaafb,
2528,Rensselaer Engineers,2007,espn,ncaafb,
2528,Rensselaer Engineers,2008,espn,ncaafb,
2528,Rensselaer Engineers,2009,espn,ncaafb,
2528,Rensselaer Engineers,2010,espn,ncaafb,
2528,Rensselaer Engineers,2011,espn,ncaafb,
2528,Rensselaer Engineers,2012,espn,ncaafb,
2528,Rensselaer Engineers,2013,espn,ncaafb,
2528,Rensselaer Engineers,2014,espn,ncaafb,
2528,Rensselaer Engineers,2015,espn,ncaafb,
2528,Rensselaer Engineers,2016,espn,ncaafb,
2528,Rensselaer Engineers,2017,espn,ncaafb,
2528,Rensselaer Polytechnic Institute Engineers,2018,espn,ncaafb,
2528,Rensselaer Engineers,2019,espn,ncaafb,
2528,Rensselaer Engineers,2021,espn,ncaafb,
2528,Rensselaer Engineers,2022,espn,ncaafb,
2528,Rensselaer Engineers,2023,espn,ncaafb,
2528,Rensselaer Engineers,2024,espn,ncaafb,
2528,Rensselaer Engineers,2025,espn,ncaafb,
2529,Sacred Heart Pioneers,2001,espn,ncaafb,
2529,Sacred Heart Pioneers,2002,espn,ncaafb,
2529,Sacred Heart Pioneers,2003,espn,ncaafb,
2529,Sacred Heart Pioneers,2004,espn,ncaafb,
2529,Sacred Heart Pioneers,2005,espn,ncaafb,
2529,Sacred Heart Pioneers,2006,espn,ncaafb,
2529,Sacred Heart Pioneers,2007,espn,ncaafb,
2529,Sacred Heart Pioneers,2008,espn,ncaafb,
2529,Sacred Heart Pioneers,2009,espn,ncaafb,
2529,Sacred Heart Pioneers,2010,espn,ncaafb,
2529,Sacred Heart Pioneers,2011,espn,ncaafb,
2529,Sacred Heart Pioneers,2012,espn,ncaafb,
2529,Sacred Heart Pioneers,2013,espn,ncaafb,
2529,Sacred Heart Pioneers,2014,espn,ncaafb,
2529,Sacred Heart Pioneers,2015,espn,ncaafb,
2529,Sacred Heart Pioneers,2016,espn,ncaafb,
2529,Sacred Heart Pioneers,2017,espn,ncaafb,
2529,Sacred Heart Pioneers,2018,espn,ncaafb,
2529,Sacred Heart Pioneers,2019,espn,ncaafb,
2529,Sacred Heart Pioneers,2020,espn,ncaafb,
2529,Sacred Heart Pioneers,2021,espn,ncaafb,
2529,Sacred Heart Pioneers,2022,espn,ncaafb,
2529,Sacred Heart Pioneers,2023,espn,ncaafb,
2529,Sacred Heart Pioneers,2024,espn,ncaafb,
2529,Sacred Heart Pioneers,2025,espn,ncaafb,
2532,Salisbury Sea Gulls,2005,espn,ncaafb,
2532,Salisbury Sea Gulls,2006,espn,ncaafb,
2532,Salisbury Sea Gulls,2007,espn,ncaafb,
2532,Salisbury Sea Gulls,2008,espn,ncaafb,
2532,Salisbury Sea Gulls,2009,espn,ncaafb,
2532,Salisbury Sea Gulls,2010,espn,ncaafb,
2532,Salisbury Sea Gulls,2011,espn,ncaafb,
2532,Salisbury Sea Gulls,2012,espn,ncaafb,
2532,Salisbury Sea Gulls,2013,espn,ncaafb,
2532,Salisbury Sea Gulls,2014,espn,ncaafb,
2532,Salisbury Sea Gulls,2015,espn,ncaafb,
2532,Salisbury Sea Gulls,2016,espn,ncaafb,
2532,Salisbury Sea Gulls,2017,espn,ncaafb,
2532,Salisbury University Sea Gulls,2018,espn,ncaafb,
2532,Salisbury University Sea Gulls,2019,espn,ncaafb,
2532,Salisbury University Sea Gulls,2021,espn,ncaafb,
2532,Salisbury University Sea Gulls,2022,espn,ncaafb,
2532,Salisbury University Sea Gulls,2023,espn,ncaafb,
2532,Salisbury University Sea Gulls,2024,espn,ncaafb,
2532,Salisbury University Sea Gulls,2025,espn,ncaafb,
2534,Sam Houston State Bearkats,2001,espn,ncaafb,
2534,Sam Houston State Bearkats,2002,espn,ncaafb,
2534,Sam Houston State Bearkats,2003,espn,ncaafb,
2534,Sam Houston State Bearkats,2004,espn,ncaafb,
2534,Sam Houston State Bearkats,2005,espn,ncaafb,
2534,Sam Houston State Bearkats,2006,espn,ncaafb,
2534,Sam Houston State Bearkats,2007,espn,ncaafb,
2534,Sam Houston State Bearkats,2008,espn,ncaafb,
2534,Sam Houston State Bearkats,2009,espn,ncaafb,
2534,Sam Houston State Bearkats,2010,espn,ncaafb,
2534,Sam Houston State Bearkats,2011,espn,ncaafb,
2534,Sam Houston State Bearkats,2012,espn,ncaafb,
2534,Sam Houston State Bearkats,2013,espn,ncaafb,
2534,Sam Houston State Bearkats,2014,espn,ncaafb,
2534,Sam Houston State Bearkats,2015,espn,ncaafb,
2534,Sam Houston State Bearkats,2016,espn,ncaafb,
2534,Sam Houston State Bearkats,2017,espn,ncaafb,
2534,Sam Houston State Bearkats,2018,espn,ncaafb,
2534,Sam Houston State Bearkats,2019,espn,ncaafb,
2534,Sam Houston State Bearkats,2020,espn,ncaafb,
2534,Sam Houston Bearkats,2021,espn,ncaafb,
2534,Sam Houston Bearkats,2022,espn,ncaafb,
2534,Sam Houston Bearkats,2023,espn,ncaafb,
2534,Sam Houston Bearkats,2024,espn,ncaafb,
2534,Sam Houston Bearkats,2025,espn,ncaafb,
2535,Samford Bulldogs,2001,espn,ncaafb,
2535,Samford Bulldogs,2002,espn,ncaafb,
2535,Samford Bulldogs,2003,espn,ncaafb,
2535,Samford Bulldogs,2004,espn,ncaafb,
2535,Samford Bulldogs,2005,espn,ncaafb,
2535,Samford Bulldogs,2006,espn,ncaafb,
2535,Samford Bulldogs,2007,espn,ncaafb,
2535,Samford Bulldogs,2008,espn,ncaafb,
2535,Samford Bulldogs,2009,espn,ncaafb,
2535,Samford Bulldogs,2010,espn,ncaafb,
2535,Samford Bulldogs,2011,espn,ncaafb,
2535,Samford Bulldogs,2012,espn,ncaafb,
2535,Samford Bulldogs,2013,espn,ncaafb,
2535,Samford Bulldogs,2014,espn,ncaafb,
2535,Samford Bulldogs,2015,espn,ncaafb,
2535,Samford Bulldogs,2016,espn,ncaafb,
2535,Samford Bulldogs,2017,espn,ncaafb,
2535,Samford Bulldogs,2018,espn,ncaafb,
2535,Samford Bulldogs,2019,espn,ncaafb,
2535,Samford Bulldogs,2021,espn,ncaafb,
2535,Samford Bulldogs,2022,espn,ncaafb,
2535,Samford Bulldogs,2023,espn,ncaafb,
2535,Samford Bulldogs,2024,espn,ncaafb,
2535,Samford Bulldogs,2025,espn,ncaafb,
2542,Savannah State Tigers,2001,espn,ncaafb,
2542,Savannah State Tigers,2002,espn,ncaafb,
2542,Savannah State Tigers,2003,espn,ncaafb,
2542,Savannah State Tigers,2004,espn,ncaafb,
2542,Savannah State Tigers,2005,espn,ncaafb,
2542,Savannah State Tigers,2006,espn,ncaafb,
2542,Savannah State Tigers,2007,espn,ncaafb,
2542,Savannah State Tigers,2008,espn,ncaafb,
2542,Savannah State Tigers,2009,espn,ncaafb,
2542,Savannah State Tigers,2010,espn,ncaafb,
2542,Savannah State Tigers,2011,espn,ncaafb,
2542,Savannah State Tigers,2012,espn,ncaafb,
2542,Savannah State Tigers,2013,espn,ncaafb,
2542,Savannah State Tigers,2014,espn,ncaafb,
2542,Savannah State Tigers,2015,espn,ncaafb,
2542,Savannah State Tigers,2016,espn,ncaafb,
2542,Savannah State Tigers,2017,espn,ncaafb,
2542,Savannah State Tigers,2018,espn,ncaafb,
2542,Savannah State Tigers,2019,espn,ncaafb,
2542,Savannah State Tigers,2020,espn,ncaafb,
2542,Savannah State Tigers,2021,espn,ncaafb,
2542,Savannah State Tigers,2022,espn,ncaafb,
2542,Savannah State Tigers,2023,espn,ncaafb,
2542,Savannah State Tigers,2024,espn,ncaafb,
2542,Savannah State Tigers,2025,espn,ncaafb,
2545,Southeastern Louisiana Lions,2003,espn,ncaafb,
2545,Southeastern Louisiana Lions,2004,espn,ncaafb,
2545,Southeastern Louisiana Lions,2005,espn,ncaafb,
2545,Southeastern Louisiana Lions,2006,espn,ncaafb,
2545,Southeastern Louisiana Lions,2007,espn,ncaafb,
2545,Southeastern Louisiana Lions,2008,espn,ncaafb,
2545,Southeastern Louisiana Lions,2009,espn,ncaafb,
2545,Southeastern Louisiana Lions,2010,espn,ncaafb,
2545,Southeastern Louisiana Lions,2011,espn,ncaafb,
2545,Southeastern Louisiana Lions,2012,espn,ncaafb,
2545,Southeastern Louisiana Lions,2013,espn,ncaafb,
2545,Southeastern Louisiana Lions,2014,espn,ncaafb,
2545,Southeastern Louisiana Lions,2015,espn,ncaafb,
2545,Southeastern Louisiana Lions,2016,espn,ncaafb,
2545,Southeastern Louisiana Lions,2017,espn,ncaafb,
2545,Southeastern Louisiana Lions,2018,espn,ncaafb,
2545,SE Louisiana Lions,2019,espn,ncaafb,
2545,SE Louisiana Lions,2021,espn,ncaafb,
2545,SE Louisiana Lions,2022,espn,ncaafb,
2545,SE Louisiana Lions,2023,espn,ncaafb,
2545,SE Louisiana Lions,2024,espn,ncaafb,
2545,SE Louisiana Lions,2025,espn,ncaafb,
2546,Southeast Missouri State Redhawks,2001,espn,ncaafb,
2546,Southeast Missouri State Redhawks,2002,espn,ncaafb,
2546,Southeast Missouri State Redhawks,2003,espn,ncaafb,
2546,Southeast Missouri State Redhawks,2004,espn,ncaafb,
2546,Southeast Missouri State Redhawks,2005,espn,ncaafb,
2546,Southeast Missouri State Redhawks,2006,espn,ncaafb,
2546,Southeast Missouri State Redhawks,2007,espn,ncaafb,
2546,Southeast Missouri State Redhawks,2008,espn,ncaafb,
2546,Southeast Missouri State Redhawks,2009,espn,ncaafb,
2546,Southeast Missouri State Redhawks,2010,espn,ncaafb,
2546,Southeast Missouri State Redhawks,2011,espn,ncaafb,
2546,Southeast Missouri State Redhawks,2012,espn,ncaafb,
2546,Southeast Missouri State Redhawks,2013,espn,ncaafb,
2546,Southeast Missouri State Redhawks,2014,espn,ncaafb,
2546,Southeast Missouri State Redhawks,2015,espn,ncaafb,
2546,Southeast Missouri State Redhawks,2016,espn,ncaafb,
2546,Southeast Missouri State Redhawks,2017,espn,ncaafb,
2546,Southeast Missouri State Redhawks,2018,espn,ncaafb,
2546,Southeast Missouri State Redhawks,2019,espn,ncaafb,
2546,Southeast Missouri State Redhawks,2020,espn,ncaafb,
2546,Southeast Missouri State Redhawks,2021,espn,ncaafb,
2546,Southeast Missouri State Redhawks,2022,espn,ncaafb,
2546,Southeast Missouri State Redhawks,2023,espn,ncaafb,
2546,Southeast Missouri State Redhawks,2024,espn,ncaafb,
2546,Southeast Missouri State Redhawks,2025,espn,ncaafb,
2551,Shaw Bears,2006,espn,ncaafb,
2551,Shaw Bears,2007,espn,ncaafb,
2551,Shaw Bears,2008,espn,ncaafb,
2551,Shaw Bears,2009,espn,ncaafb,
2551,Shaw Bears,2010,espn,ncaafb,
2551,Shaw Bears,2011,espn,ncaafb,
2551,Shaw Bears,2012,espn,ncaafb,
2551,Shaw Bears,2013,espn,ncaafb,
2551,Shaw Bears,2014,espn,ncaafb,
2551,Shaw Bears,2015,espn,ncaafb,
2551,Shaw Bears,2016,espn,ncaafb,
2551,Shaw Bears,2017,espn,ncaafb,
2551,Shaw Bears,2018,espn,ncaafb,
2551,Shaw Bears,2019,espn,ncaafb,
2551,Shaw Bears,2020,espn,ncaafb,
2551,Shaw Bears,2021,espn,ncaafb,
2551,Shaw Bears,2022,espn,ncaafb,
2551,Shaw Bears,2023,espn,ncaafb,
2551,Shaw Bears,2024,espn,ncaafb,
2551,Shaw Bears,2025,espn,ncaafb,
2553,Sewanee Univ. of the South Tigers,2007,espn,ncaafb,
2553,Sewanee Univ. of the South Tigers,2008,espn,ncaafb,
2553,Sewanee Univ. of the South Tigers,2009,espn,ncaafb,
2553,Sewanee Univ. of the South Tigers,2010,espn,ncaafb,
2553,Sewanee Univ. of the South Tigers,2011,espn,ncaafb,
2553,Sewanee Univ. of the South Tigers,2012,espn,ncaafb,
2553,Sewanee Univ. of the South Tigers,2013,espn,ncaafb,
2553,Sewanee Univ. of the South Tigers,2014,espn,ncaafb,
2553,Sewanee Univ. of the South Tigers,2015,espn,ncaafb,
2553,Sewanee Univ. of the South Tigers,2016,espn,ncaafb,
2553,Sewanee Univ. of the South Tigers,2017,espn,ncaafb,
2553,Sewanee Univ. of the South Tigers,2018,espn,ncaafb,
2553,Sewanee Univ. of the South Tigers,2019,espn,ncaafb,
2553,Sewanee Univ. of the South Tigers,2020,espn,ncaafb,
2553,Sewanee Univ. of the South Tigers,2021,espn,ncaafb,
2553,Sewanee Univ. of the South Tigers,2022,espn,ncaafb,
2553,Sewanee Tigers,2023,espn,ncaafb,
2553,Sewanee Tigers,2024,espn,ncaafb,
2553,Sewanee Tigers,2025,espn,ncaafb,
2557,Coast Guard Bears,2007,espn,ncaafb,
2557,Coast Guard Bears,2008,espn,ncaafb,
2557,Coast Guard Bears,2009,espn,ncaafb,
2557,Coast Guard Bears,2010,espn,ncaafb,
2557,Coast Guard Bears,2011,espn,ncaafb,
2557,Coast Guard Bears,2012,espn,ncaafb,
2557,Coast Guard Bears,2013,espn,ncaafb,
2557,Coast Guard Bears,2014,espn,ncaafb,
2557,Coast Guard Bears,2015,espn,ncaafb,
2557,Coast Guard Bears,2016,espn,ncaafb,
2557,Coast Guard Bears,2017,espn,ncaafb,
2557,Coast Guard Bears,2018,espn,ncaafb,
2557,Coast Guard Bears,2019,espn,ncaafb,
2557,Coast Guard Bears,2020,espn,ncaafb,
2557,Coast Guard Bears,2021,espn,ncaafb,
2557,Coast Guard Bears,2022,espn,ncaafb,
2557,Coast Guard Bears,2023,espn,ncaafb,
2557,Coast Guard Bears,2024,espn,ncaafb,
2557,Coast Guard Bears,2025,espn,ncaafb,
2559,Shippensburg Raiders,2007,espn,ncaafb,
2559,Shippensburg Raiders,2008,espn,ncaafb,
2559,Shippensburg Raiders,2009,espn,ncaafb,
2559,Shippensburg Raiders,2010,espn,ncaafb,
2559,Shippensburg Raiders,2011,espn,ncaafb,
2559,Shippensburg Raiders,2012,espn,ncaafb,
2559,Shippensburg Raiders,2013,espn,ncaafb,
2559,Shippensburg Raiders,2014,espn,ncaafb,
2559,Shippensburg Raiders,2015,espn,ncaafb,
2559,Shippensburg Raiders,2016,espn,ncaafb,
2559,Shippensburg Raiders,2017,espn,ncaafb,
2559,Shippensburg Raiders,2018,espn,ncaafb,
2559,Shippensburg Raiders,2019,espn,ncaafb,
2559,Shippensburg Raiders,2020,espn,ncaafb,
2559,Shippensburg Raiders,2021,espn,ncaafb,
2559,Shippensburg Raiders,2022,espn,ncaafb,
2559,Shippensburg Raiders,2023,espn,ncaafb,
2559,Shippensburg Raiders,2024,espn,ncaafb,
2559,Shippensburg Raiders,2025,espn,ncaafb,
2560,Shorter Hawks,2007,espn,ncaafb,
2560,Shorter Hawks,2008,espn,ncaafb,
2560,Shorter Hawks,2009,espn,ncaafb,
2560,Shorter Hawks,2010,espn,ncaafb,
2560,Shorter Hawks,2012,espn,ncaafb,
2560,Shorter Hawks,2013,espn,ncaafb,
2560,Shorter Hawks,2014,espn,ncaafb,
2560,Shorter Hawks,2015,espn,ncaafb,
2560,Shorter Hawks,2016,espn,ncaafb,
2560,Shorter Hawks,2017,espn,ncaafb,
2560,Shorter Hawks,2018,espn,ncaafb,
2560,Shorter Hawks,2019,espn,ncaafb,
2560,Shorter Hawks,2021,espn,ncaafb,
2560,Shorter Hawks,2022,espn,ncaafb,
2560,Shorter Hawks,2023,espn,ncaafb,
2560,Shorter Hawks,2024,espn,ncaafb,
2560,Shorter Hawks,2025,espn,ncaafb,
2561,Siena Saints,2001,espn,ncaafb,
2561,Siena Saints,2002,espn,ncaafb,
2561,Siena Saints,2003,espn,ncaafb,
2562,Siena Heights Saints,2011,espn,ncaafb,
2562,Siena Heights Saints,2013,espn,ncaafb,
2562,Siena Heights Saints,2014,espn,ncaafb,
2562,Siena Heights Saints,2017,espn,ncaafb,
2564,Simpson College Storm,2007,espn,ncaafb,
2564,Simpson College Storm,2008,espn,ncaafb,
2564,Simpson College Storm,2009,espn,ncaafb,
2564,Simpson College Storm,2010,espn,ncaafb,
2564,Simpson College Storm,2011,espn,ncaafb,
2564,Simpson College Storm,2012,espn,ncaafb,
2564,Simpson College Storm,2013,espn,ncaafb,
2564,Simpson College Storm,2014,espn,ncaafb,
2564,Simpson College Storm,2015,espn,ncaafb,
2564,Simpson College Storm,2016,espn,ncaafb,
2564,Simpson College Storm,2017,espn,ncaafb,
2564,Simpson College Storm,2018,espn,ncaafb,
2564,Simpson College Storm,2019,espn,ncaafb,
2564,Simpson College Storm,2021,espn,ncaafb,
2564,Simpson College Storm,2022,espn,ncaafb,
2564,Simpson College (IA) Storm,2023,espn,ncaafb,
2564,Simpson College (IA) Storm,2024,espn,ncaafb,
2564,Simpson College (IA) Storm,2025,espn,ncaafb,
2567,Southern Methodist Mustangs,2001,espn,ncaafb,
2567,SMU Mustangs,2002,espn,ncaafb,
2567,SMU Mustangs,2003,espn,ncaafb,
2567,SMU Mustangs,2004,espn,ncaafb,
2567,SMU Mustangs,2005,espn,ncaafb,
2567,SMU Mustangs,2006,espn,ncaafb,
2567,SMU Mustangs,2007,espn,ncaafb,
2567,SMU Mustangs,2008,espn,ncaafb,
2567,SMU Mustangs,2009,espn,ncaafb,
2567,SMU Mustangs,2010,espn,ncaafb,
2567,SMU Mustangs,2011,espn,ncaafb,
2567,SMU Mustangs,2012,espn,ncaafb,
2567,SMU Mustangs,2013,espn,ncaafb,
2567,SMU Mustangs,2014,espn,ncaafb,
2567,SMU Mustangs,2015,espn,ncaafb,
2567,SMU Mustangs,2016,espn,ncaafb,
2567,SMU Mustangs,2017,espn,ncaafb,
2567,SMU Mustangs,2018,espn,ncaafb,
2567,SMU Mustangs,2019,espn,ncaafb,
2567,SMU Mustangs,2020,espn,ncaafb,
2567,SMU Mustangs,2021,espn,ncaafb,
2567,SMU Mustangs,2022,espn,ncaafb,
2567,SMU Mustangs,2023,espn,ncaafb,
2567,SMU Mustangs,2024,espn,ncaafb,
2567,SMU Mustangs,2025,espn,ncaafb,
2568,Southern Arkansas Muleriders,2006,espn,ncaafb,
2568,Southern Arkansas Muleriders,2007,espn,ncaafb,
2568,Southern Arkansas Muleriders,2008,espn,ncaafb,
2568,Southern Arkansas Muleriders,2009,espn,ncaafb,
2568,Southern Arkansas Muleriders,2010,espn,ncaafb,
2568,Southern Arkansas Muleriders,2011,espn,ncaafb,
2568,Southern Arkansas Muleriders,2012,espn,ncaafb,
2568,Southern Arkansas Muleriders,2013,espn,ncaafb,
2568,Southern Arkansas Muleriders,2014,espn,ncaafb,
2568,Southern Arkansas Muleriders,2015,espn,ncaafb,
2568,Southern Arkansas Muleriders,2016,espn,ncaafb,
2568,Southern Arkansas Muleriders,2017,espn,ncaafb,
2568,Southern Arkansas Muleriders,2018,espn,ncaafb,
2568,Southern Arkansas Muleriders,2019,espn,ncaafb,
2568,Southern Arkansas Muleriders,2021,espn,ncaafb,
2568,Southern Arkansas Muleriders,2022,espn,ncaafb,
2568,Southern Arkansas Muleriders,2023,espn,ncaafb,
2568,Southern Arkansas Muleriders,2024,espn,ncaafb,
2568,Southern Arkansas Muleriders,2025,espn,ncaafb,
2569,South Carolina State Bulldogs,2001,espn,ncaafb,
2569,South Carolina State Bulldogs,2002,espn,ncaafb,
2569,South Carolina State Bulldogs,2003,espn,ncaafb,
2569,South Carolina State Bulldogs,2004,espn,ncaafb,
2569,South Carolina State Bulldogs,2005,espn,ncaafb,
2569,South Carolina State Bulldogs,2006,espn,ncaafb,
2569,South Carolina State Bulldogs,2007,espn,ncaafb,
2569,South Carolina State Bulldogs,2008,espn,ncaafb,
2569,South Carolina State Bulldogs,2009,espn,ncaafb,
2569,South Carolina State Bulldogs,2010,espn,ncaafb,
2569,South Carolina State Bulldogs,2011,espn,ncaafb,
2569,South Carolina State Bulldogs,2012,espn,ncaafb,
2569,South Carolina State Bulldogs,2013,espn,ncaafb,
2569,South Carolina State Bulldogs,2014,espn,ncaafb,
2569,South Carolina State Bulldogs,2015,espn,ncaafb,
2569,South Carolina State Bulldogs,2016,espn,ncaafb,
2569,South Carolina State Bulldogs,2017,espn,ncaafb,
2569,South Carolina State Bulldogs,2018,espn,ncaafb,
2569,South Carolina State Bulldogs,2019,espn,ncaafb,
2569,South Carolina State Bulldogs,2020,espn,ncaafb,
2569,South Carolina State Bulldogs,2021,espn,ncaafb,
2569,South Carolina State Bulldogs,2022,espn,ncaafb,
2569,South Carolina State Bulldogs,2023,espn,ncaafb,
2569,South Carolina State Bulldogs,2024,espn,ncaafb,
2569,South Carolina State Bulldogs,2025,espn,ncaafb,
2570,Colorado State-Pueblo Thunderwolves,2008,espn,ncaafb,
2570,Colorado State-Pueblo Thunderwolves,2009,espn,ncaafb,
2570,Colorado State-Pueblo Thunderwolves,2010,espn,ncaafb,
2570,Colorado State-Pueblo Thunderwolves,2011,espn,ncaafb,
2570,Colorado State-Pueblo Thunderwolves,2012,espn,ncaafb,
2570,Colorado State-Pueblo Thunderwolves,2013,espn,ncaafb,
2570,Colorado State-Pueblo Thunderwolves,2014,espn,ncaafb,
2570,Colorado State-Pueblo Thunderwolves,2015,espn,ncaafb,
2570,Colorado State-Pueblo Thunderwolves,2016,espn,ncaafb,
2570,Colorado State-Pueblo Thunderwolves,2017,espn,ncaafb,
2570,Colorado State-Pueblo Thunderwolves,2018,espn,ncaafb,
2570,Colorado State-Pueblo ThunderWolves,2019,espn,ncaafb,
2570,Colorado State-Pueblo ThunderWolves,2021,espn,ncaafb,
2570,Colorado State-Pueblo ThunderWolves,2022,espn,ncaafb,
2570,Colorado State-Pueblo ThunderWolves,2023,espn,ncaafb,
2570,Colorado State-Pueblo ThunderWolves,2024,espn,ncaafb,
2570,Colorado State-Pueblo Thunderwolves,2025,espn,ncaafb,
2571,South Dakota State Jackrabbits,2004,espn,ncaafb,
2571,South Dakota State Jackrabbits,2005,espn,ncaafb,
2571,South Dakota State Jackrabbits,2006,espn,ncaafb,
2571,South Dakota State Jackrabbits,2007,espn,ncaafb,
2571,South Dakota State Jackrabbits,2008,espn,ncaafb,
2571,South Dakota State Jackrabbits,2009,espn,ncaafb,
2571,South Dakota State Jackrabbits,2010,espn,ncaafb,
2571,South Dakota State Jackrabbits,2011,espn,ncaafb,
2571,South Dakota State Jackrabbits,2012,espn,ncaafb,
2571,South Dakota State Jackrabbits,2013,espn,ncaafb,
2571,South Dakota State Jackrabbits,2014,espn,ncaafb,
2571,South Dakota State Jackrabbits,2015,espn,ncaafb,
2571,South Dakota State Jackrabbits,2016,espn,ncaafb,
2571,South Dakota State Jackrabbits,2017,espn,ncaafb,
2571,South Dakota State Jackrabbits,2018,espn,ncaafb,
2571,South Dakota State Jackrabbits,2019,espn,ncaafb,
2571,South Dakota State Jackrabbits,2021,espn,ncaafb,
2571,South Dakota State Jackrabbits,2022,espn,ncaafb,
2571,South Dakota State Jackrabbits,2023,espn,ncaafb,
2571,South Dakota State Jackrabbits,2024,espn,ncaafb,
2571,South Dakota State Jackrabbits,2025,espn,ncaafb,
2572,Southern Miss Golden Eagles,2001,espn,ncaafb,
2572,Southern Miss Golden Eagles,2002,espn,ncaafb,
2572,Southern Miss Golden Eagles,2003,espn,ncaafb,
2572,Southern Miss Golden Eagles,2004,espn,ncaafb,
2572,Southern Mississippi Golden Eagles,2005,espn,ncaafb,
2572,Southern Mississippi Golden Eagles,2006,espn,ncaafb,
2572,Southern Mississippi Golden Eagles,2007,espn,ncaafb,
2572,Southern Mississippi Golden Eagles,2008,espn,ncaafb,
2572,Southern Mississippi Golden Eagles,2009,espn,ncaafb,
2572,Southern Mississippi Golden Eagles,2010,espn,ncaafb,
2572,Southern Mississippi Golden Eagles,2011,espn,ncaafb,
2572,Southern Mississippi Golden Eagles,2012,espn,ncaafb,
2572,Southern Mississippi Golden Eagles,2013,espn,ncaafb,
2572,Southern Mississippi Golden Eagles,2014,espn,ncaafb,
2572,Southern Mississippi Golden Eagles,2015,espn,ncaafb,
2572,Southern Mississippi Golden Eagles,2016,espn,ncaafb,
2572,Southern Mississippi Golden Eagles,2017,espn,ncaafb,
2572,Southern Mississippi Golden Eagles,2018,espn,ncaafb,
2572,Southern Mississippi Golden Eagles,2019,espn,ncaafb,
2572,Southern Mississippi Golden Eagles,2020,espn,ncaafb,
2572,Southern Miss Golden Eagles,2021,espn,ncaafb,
2572,Southern Miss Golden Eagles,2022,espn,ncaafb,
2572,Southern Miss Golden Eagles,2023,espn,ncaafb,
2572,Southern Miss Golden Eagles,2024,espn,ncaafb,
2572,Southern Miss Golden Eagles,2025,espn,ncaafb,
2579,South Carolina Gamecocks,2001,espn,ncaafb,
2579,South Carolina Gamecocks,2002,espn,ncaafb,
2579,South Carolina Gamecocks,2003,espn,ncaafb,
2579,South Carolina Gamecocks,2004,espn,ncaafb,
2579,South Carolina Gamecocks,2005,espn,ncaafb,
2579,South Carolina Gamecocks,2006,espn,ncaafb,
2579,South Carolina Gamecocks,2007,espn,ncaafb,
2579,South Carolina Gamecocks,2008,espn,ncaafb,
2579,South Carolina Gamecocks,2009,espn,ncaafb,
2579,South Carolina Gamecocks,2010,espn,ncaafb,
2579,South Carolina Gamecocks,2011,espn,ncaafb,
2579,South Carolina Gamecocks,2012,espn,ncaafb,
2579,South Carolina Gamecocks,2013,espn,ncaafb,
2579,South Carolina Gamecocks,2014,espn,ncaafb,
2579,South Carolina Gamecocks,2015,espn,ncaafb,
2579,South Carolina Gamecocks,2016,espn,ncaafb,
2579,South Carolina Gamecocks,2017,espn,ncaafb,
2579,South Carolina Gamecocks,2018,espn,ncaafb,
2579,South Carolina Gamecocks,2019,espn,ncaafb,
2579,South Carolina Gamecocks,2020,espn,ncaafb,
2579,South Carolina Gamecocks,2021,espn,ncaafb,
2579,South Carolina Gamecocks,2022,espn,ncaafb,
2579,South Carolina Gamecocks,2023,espn,ncaafb,
2579,South Carolina Gamecocks,2024,espn,ncaafb,
2579,South Carolina Gamecocks,2025,espn,ncaafb,
2582,Southern University Jaguars,2001,espn,ncaafb,
2582,Southern Jaguars,2002,espn,ncaafb,
2582,Southern Jaguars,2003,espn,ncaafb,
2582,Southern Jaguars,2004,espn,ncaafb,
2582,Southern Jaguars,2005,espn,ncaafb,
2582,Southern Jaguars,2006,espn,ncaafb,
2582,Southern Jaguars,2007,espn,ncaafb,
2582,Southern Jaguars,2008,espn,ncaafb,
2582,Southern Jaguars,2009,espn,ncaafb,
2582,Southern Jaguars,2010,espn,ncaafb,
2582,Southern Jaguars,2011,espn,ncaafb,
2582,Southern Jaguars,2012,espn,ncaafb,
2582,Southern Jaguars,2013,espn,ncaafb,
2582,Southern Jaguars,2014,espn,ncaafb,
2582,Southern Jaguars,2015,espn,ncaafb,
2582,Southern Jaguars,2016,espn,ncaafb,
2582,Southern Jaguars,2017,espn,ncaafb,
2582,Southern Jaguars,2018,espn,ncaafb,
2582,Southern Jaguars,2019,espn,ncaafb,
2582,Southern Jaguars,2020,espn,ncaafb,
2582,Southern Jaguars,2021,espn,ncaafb,
2582,Southern Jaguars,2022,espn,ncaafb,
2582,Southern Jaguars,2023,espn,ncaafb,
2582,Southern Jaguars,2024,espn,ncaafb,
2582,Southern Jaguars,2025,espn,ncaafb,
2583,Southern Connecticut State Owls,2006,espn,ncaafb,
2583,Southern Connecticut State Owls,2007,espn,ncaafb,
2583,Southern Connecticut State Owls,2008,espn,ncaafb,
2583,Southern Connecticut State Owls,2009,espn,ncaafb,
2583,Southern Connecticut State Owls,2010,espn,ncaafb,
2583,Southern Connecticut State Owls,2011,espn,ncaafb,
2583,Southern Connecticut State Owls,2012,espn,ncaafb,
2583,Southern Connecticut State Owls,2013,espn,ncaafb,
2583,Southern Connecticut State Owls,2014,espn,ncaafb,
2583,Southern Connecticut State Owls,2015,espn,ncaafb,
2583,Southern Connecticut State Owls,2016,espn,ncaafb,
2583,Southern Connecticut State Owls,2017,espn,ncaafb,
2583,Southern Connecticut State Owls,2018,espn,ncaafb,
2583,Southern Connecticut State Owls,2019,espn,ncaafb,
2583,Southern Connecticut State Owls,2020,espn,ncaafb,
2583,Southern Connecticut State Owls,2021,espn,ncaafb,
2583,Southern Connecticut State Owls,2022,espn,ncaafb,
2583,Southern Connecticut State Owls,2023,espn,ncaafb,
2583,Southern Connecticut State Owls,2024,espn,ncaafb,
2583,Southern Connecticut State Owls,2025,espn,ncaafb,
2584,Southern Oregon Raiders,2002,espn,ncaafb,
2584,Southern Oregon Raiders,2003,espn,ncaafb,
2584,Southern Oregon Raiders,2004,espn,ncaafb,
2584,Southern Oregon Raiders,2005,espn,ncaafb,
2584,Southern Oregon Raiders,2006,espn,ncaafb,
2584,Southern Oregon Raiders,2007,espn,ncaafb,
2584,Southern Oregon Raiders,2008,espn,ncaafb,
2584,Southern Oregon Raiders,2009,espn,ncaafb,
2584,Southern Oregon Raiders,2010,espn,ncaafb,
2584,Southern Oregon Raiders,2011,espn,ncaafb,
2584,Southern Oregon Raiders,2013,espn,ncaafb,
2584,Southern Oregon Raiders,2016,espn,ncaafb,
2584,Southern Oregon Raiders,2019,espn,ncaafb,
2584,Southern Oregon Raiders,2023,espn,ncaafb,
2584,Southern Oregon Raiders,2024,espn,ncaafb,
2584,Southern Oregon Raiders,2025,espn,ncaafb,
2586,Southwest Baptist Bearcats,2002,espn,ncaafb,
2586,Southwest Baptist Bearcats,2006,espn,ncaafb,
2586,Southwest Baptist Bearcats,2007,espn,ncaafb,
2586,Southwest Baptist Bearcats,2008,espn,ncaafb,
2586,Southwest Baptist Bearcats,2009,espn,ncaafb,
2586,Southwest Baptist Bearcats,2010,espn,ncaafb,
2586,Southwest Baptist Bearcats,2011,espn,ncaafb,
2586,Southwest Baptist Bearcats,2012,espn,ncaafb,
2586,Southwest Baptist Bearcats,2013,espn,ncaafb,
2586,Southwest Baptist Bearcats,2014,espn,ncaafb,
2586,Southwest Baptist Bearcats,2015,espn,ncaafb,
2586,Southwest Baptist Bearcats,2016,espn,ncaafb,
2586,Southwest Baptist Bearcats,2017,espn,ncaafb,
2586,Southwest Baptist Bearcats,2018,espn,ncaafb,
2586,Southwest Baptist Bearcats,2019,espn,ncaafb,
2586,Southwest Baptist Bearcats,2021,espn,ncaafb,
2586,Southwest Baptist Bearcats,2022,espn,ncaafb,
2586,Southwest Baptist Bearcats,2023,espn,ncaafb,
2586,Southwest Baptist Bearcats,2024,espn,ncaafb,
2586,Southwest Baptist Bearcats,2025,espn,ncaafb,
2587,Southwest Minnesota State Mustangs,2007,espn,ncaafb,
2587,Southwest Minnesota State Mustangs,2008,espn,ncaafb,
2587,Southwest Minnesota State Mustangs,2009,espn,ncaafb,
2587,Southwest Minnesota State Mustangs,2010,espn,ncaafb,
2587,Southwest Minnesota State Mustangs,2011,espn,ncaafb,
2587,Southwest Minnesota State Mustangs,2012,espn,ncaafb,
2587,Southwest Minnesota State Mustangs,2013,espn,ncaafb,
2587,Southwest Minnesota State Mustangs,2014,espn,ncaafb,
2587,Southwest Minnesota State Mustangs,2015,espn,ncaafb,
2587,Southwest Minnesota State Mustangs,2016,espn,ncaafb,
2587,Southwest Minnesota State Mustangs,2017,espn,ncaafb,
2587,Southwest Minnesota State Mustangs,2018,espn,ncaafb,
2587,Southwest Minnesota State Mustangs,2019,espn,ncaafb,
2587,Southwest Minnesota State Mustangs,2021,espn,ncaafb,
2587,Southwest Minnesota State Mustangs,2022,espn,ncaafb,
2587,Southwest Minnesota State Mustangs,2023,espn,ncaafb,
2587,Southwest Minnesota State Mustangs,2024,espn,ncaafb,
2587,Southwest Minnesota State Mustangs,2025,espn,ncaafb,
2588,Southwestern University Pirates,2013,espn,ncaafb,
2588,Southwestern University Pirates,2014,espn,ncaafb,
2588,Southwestern University Pirates,2015,espn,ncaafb,
2588,Southwestern University Pirates,2016,espn,ncaafb,
2588,Southwestern University Pirates,2017,espn,ncaafb,
2588,Southwestern University Pirates,2018,espn,ncaafb,
2588,Southwestern University Pirates,2019,espn,ncaafb,
2588,Southwestern University Pirates,2021,espn,ncaafb,
2588,Southwestern University Pirates,2022,espn,ncaafb,
2588,Southwestern University Pirates,2023,espn,ncaafb,
2588,Southwestern University Pirates,2024,espn,ncaafb,
2588,Southwestern University Pirates,2025,espn,ncaafb,
2591,St. Ambrose Fighting Bees,2001,espn,ncaafb,
2591,St. Ambrose Fighting Bees,2006,espn,ncaafb,
2591,St. Ambrose Fighting Bees,2007,espn,ncaafb,
2591,St. Ambrose Fighting Bees,2008,espn,ncaafb,
2591,St. Ambrose Fighting Bees,2011,espn,ncaafb,
2591,St. Ambrose Fighting Bees,2012,espn,ncaafb,
2591,St. Ambrose Fighting Bees,2023,espn,ncaafb,
2594,St. Cloud State Huskies,2007,espn,ncaafb,
2594,St. Cloud State Huskies,2008,espn,ncaafb,
2594,St. Cloud State Huskies,2009,espn,ncaafb,
2594,St. Cloud State Huskies,2010,espn,ncaafb,
2594,St. Cloud State Huskies,2011,espn,ncaafb,
2594,St. Cloud State Huskies,2012,espn,ncaafb,
2594,St. Cloud State Huskies,2013,espn,ncaafb,
2594,St. Cloud State Huskies,2014,espn,ncaafb,
2594,St. Cloud State Huskies,2015,espn,ncaafb,
2594,St. Cloud State Huskies,2016,espn,ncaafb,
2594,St. Cloud State Huskies,2017,espn,ncaafb,
2594,St. Cloud State Huskies,2018,espn,ncaafb,
2594,St. Cloud State Huskies,2019,espn,ncaafb,
2595,St. Francis (IL) Fighting Saints,2006,espn,ncaafb,
2595,St. Francis (IL) Fighting Saints,2007,espn,ncaafb,
2595,St. Francis (IL) Fighting Saints,2008,espn,ncaafb,
2595,St. Francis (IL) Fighting Saints,2011,espn,ncaafb,
2595,St. Francis (IL) Fighting Saints,2012,espn,ncaafb,
2595,St. Francis (IL) Fighting Saints,2015,espn,ncaafb,
2595,St. Francis (IL) Fighting Saints,2016,espn,ncaafb,
2595,St. Francis (IL) Fighting Saints,2017,espn,ncaafb,
2595,St. Francis (IL) Fighting Saints,2018,espn,ncaafb,
2595,St. Francis (IL) Fighting Saints,2021,espn,ncaafb,
2598,St. Francis U Red Flash,2001,espn,ncaafb,
2598,St Francis (PA) Red Flash,2002,espn,ncaafb,
2598,St Francis (PA) Red Flash,2003,espn,ncaafb,
2598,St Francis (PA) Red Flash,2004,espn,ncaafb,
2598,St Francis (PA) Red Flash,2005,espn,ncaafb,
2598,St Francis (PA) Red Flash,2006,espn,ncaafb,
2598,St Francis (PA) Red Flash,2007,espn,ncaafb,
2598,St Francis (PA) Red Flash,2008,espn,ncaafb,
2598,St Francis (PA) Red Flash,2009,espn,ncaafb,
2598,St Francis (PA) Red Flash,2010,espn,ncaafb,
2598,St Francis (PA) Red Flash,2011,espn,ncaafb,
2598,St Francis (PA) Red Flash,2012,espn,ncaafb,
2598,St Francis (PA) Red Flash,2013,espn,ncaafb,
2598,St Francis (PA) Red Flash,2014,espn,ncaafb,
2598,St Francis (PA) Red Flash,2015,espn,ncaafb,
2598,St Francis (PA) Red Flash,2016,espn,ncaafb,
2598,St Francis (PA) Red Flash,2017,espn,ncaafb,
2598,St Francis (PA) Red Flash,2018,espn,ncaafb,
2598,St. Francis (PA) Red Flash,2019,espn,ncaafb,
2598,St. Francis (PA) Red Flash,2020,espn,ncaafb,
2598,St. Francis (PA) Red Flash,2021,espn,ncaafb,
2598,St. Francis (PA) Red Flash,2022,espn,ncaafb,
2598,St. Francis (PA) Red Flash,2023,espn,ncaafb,
2598,St. Francis (PA) Red Flash,2024,espn,ncaafb,
2598,Saint Francis Red Flash,2025,espn,ncaafb,
2599,St. John's Red Storm,2001,espn,ncaafb,
2599,St. John's Red Storm,2002,espn,ncaafb,
2600,St. Johns (MN) Johnnies,2007,espn,ncaafb,
2600,St. Johns (MN) Johnnies,2008,espn,ncaafb,
2600,St. Johns (MN) Johnnies,2009,espn,ncaafb,
2600,St. Johns (MN) Johnnies,2010,espn,ncaafb,
2600,St. Johns (MN) Johnnies,2011,espn,ncaafb,
2600,St. Johns (MN) Johnnies,2012,espn,ncaafb,
2600,St. Johns (MN) Johnnies,2013,espn,ncaafb,
2600,St. Johns (MN) Johnnies,2014,espn,ncaafb,
2600,St. Johns (MN) Johnnies,2015,espn,ncaafb,
2600,St. Johns (MN) Johnnies,2016,espn,ncaafb,
2600,St. Johns (MN) Johnnies,2017,espn,ncaafb,
2600,St. John's (MN) Johnnies,2018,espn,ncaafb,
2600,St. John's (MN) Johnnies,2019,espn,ncaafb,
2600,St. John's (MN) Johnnies,2021,espn,ncaafb,
2600,St. John's (MN) Johnnies,2022,espn,ncaafb,
2600,Saint John's (MN) Johnnies,2023,espn,ncaafb,
2600,Saint John's (MN) Johnnies,2024,espn,ncaafb,
2600,Saint John's (MN) Johnnies,2025,espn,ncaafb,
2601,St. Joseph's (IN) Pumas,2001,espn,ncaafb,
2601,St. Joseph's (IN) Pumas,2002,espn,ncaafb,
2601,St. Joseph's (IN) Pumas,2003,espn,ncaafb,
2601,St. Joseph's (IN) Pumas,2004,espn,ncaafb,
2601,St. Joseph's (IN) Pumas,2005,espn,ncaafb,
2601,St. Joseph's (IN) Pumas,2006,espn,ncaafb,
2601,St. Joseph's (IN) Pumas,2007,espn,ncaafb,
2601,St. Joseph's (IN) Pumas,2008,espn,ncaafb,
2601,St. Joseph's (IN) Pumas,2009,espn,ncaafb,
2601,St. Joseph's (IN) Pumas,2010,espn,ncaafb,
2601,St. Joseph's (IN) Pumas,2011,espn,ncaafb,
2601,St. Joseph's (IN) Pumas,2012,espn,ncaafb,
2601,St. Joseph's (IN) Pumas,2013,espn,ncaafb,
2601,St. Joseph's (IN) Pumas,2014,espn,ncaafb,
2601,St. Joseph's (IN) Pumas,2015,espn,ncaafb,
2601,St. Joseph's (IN) Pumas,2016,espn,ncaafb,
2608,St. Mary's (CA) Gaels,2001,espn,ncaafb,
2608,St. Mary's (CA) Gaels,2002,espn,ncaafb,
2608,St. Mary's (CA) Gaels,2003,espn,ncaafb,
2611,St. Paul's College Tigers,2006,espn,ncaafb,
2611,St. Paul's College Tigers,2007,espn,ncaafb,
2611,St. Paul's College Tigers,2008,espn,ncaafb,
2611,St. Paul's College Tigers,2009,espn,ncaafb,
2611,St. Paul's College Tigers,2010,espn,ncaafb,
2612,St. Peter's Peacocks,2001,espn,ncaafb,
2612,St. Peter's Peacocks,2002,espn,ncaafb,
2612,St. Peter's Peacocks,2003,espn,ncaafb,
2612,St. Peter's Peacocks,2004,espn,ncaafb,
2612,St. Peter's Peacocks,2005,espn,ncaafb,
2612,St. Peter's Peacocks,2006,espn,ncaafb,
2614,Saint Vincent Bearcats,2007,espn,ncaafb,
2614,St. Vincent Bearcats,2008,espn,ncaafb,
2614,St. Vincent Bearcats,2009,espn,ncaafb,
2614,St. Vincent Bearcats,2010,espn,ncaafb,
2614,St. Vincent Bearcats,2011,espn,ncaafb,
2614,St. Vincent Bearcats,2012,espn,ncaafb,
2614,St. Vincent Bearcats,2013,espn,ncaafb,
2614,St. Vincent Bearcats,2014,espn,ncaafb,
2614,St. Vincent Bearcats,2015,espn,ncaafb,
2614,St. Vincent Bearcats,2016,espn,ncaafb,
2614,St. Vincent Bearcats,2017,espn,ncaafb,
2614,St. Vincent College Bearcats,2018,espn,ncaafb,
2614,St. Vincent College Bearcats,2019,espn,ncaafb,
2614,St. Vincent College Bearcats,2021,espn,ncaafb,
2614,St. Vincent College Bearcats,2022,espn,ncaafb,
2614,Saint Vincent Bearcats,2023,espn,ncaafb,
2614,Saint Vincent Bearcats,2024,espn,ncaafb,
2614,Saint Vincent Bearcats,2025,espn,ncaafb,
2615,St. Xavier (IL) Cougars,2004,espn,ncaafb,
2615,St. Xavier (IL) Cougars,2008,espn,ncaafb,
2615,St. Xavier (IL) Cougars,2011,espn,ncaafb,
2615,St. Xavier (IL) Cougars,2013,espn,ncaafb,
2615,St. Xavier (IL) Cougars,2014,espn,ncaafb,
2615,St. Xavier (IL) Cougars,2018,espn,ncaafb,
2615,St. Xavier (IL) Cougars,2019,espn,ncaafb,
2615,St. Xavier (IL) Cougars,2021,espn,ncaafb,
2615,St. Xavier (IL) Cougars,2022,espn,ncaafb,
2615,St. Xavier (IL) Cougars,2023,espn,ncaafb,
2617,Stephen F. Austin Lumberjacks,2001,espn,ncaafb,
2617,Stephen F Austin Lumberjacks,2002,espn,ncaafb,
2617,Stephen F Austin Lumberjacks,2003,espn,ncaafb,
2617,Stephen F Austin Lumberjacks,2004,espn,ncaafb,
2617,Stephen F Austin Lumberjacks,2005,espn,ncaafb,
2617,Stephen F Austin Lumberjacks,2006,espn,ncaafb,
2617,Stephen F Austin Lumberjacks,2007,espn,ncaafb,
2617,Stephen F Austin Lumberjacks,2008,espn,ncaafb,
2617,Stephen F Austin Lumberjacks,2009,espn,ncaafb,
2617,Stephen F Austin Lumberjacks,2010,espn,ncaafb,
2617,Stephen F Austin Lumberjacks,2011,espn,ncaafb,
2617,Stephen F Austin Lumberjacks,2012,espn,ncaafb,
2617,Stephen F Austin Lumberjacks,2013,espn,ncaafb,
2617,Stephen F Austin Lumberjacks,2014,espn,ncaafb,
2617,Stephen F Austin Lumberjacks,2015,espn,ncaafb,
2617,Stephen F Austin Lumberjacks,2016,espn,ncaafb,
2617,Stephen F. Austin Lumberjacks,2017,espn,ncaafb,
2617,Stephen F. Austin Lumberjacks,2018,espn,ncaafb,
2617,Stephen F. Austin Lumberjacks,2019,espn,ncaafb,
2617,Stephen F. Austin Lumberjacks,2020,espn,ncaafb,
2617,Stephen F. Austin Lumberjacks,2021,espn,ncaafb,
2617,Stephen F. Austin Lumberjacks,2022,espn,ncaafb,
2617,Stephen F. Austin Lumberjacks,2023,espn,ncaafb,
2617,Stephen F. Austin Lumberjacks,2024,espn,ncaafb,
2617,Stephen F. Austin Lumberjacks,2025,espn,ncaafb,
2619,Stony Brook Seawolves,2001,espn,ncaafb,
2619,Stony Brook Seawolves,2002,espn,ncaafb,
2619,Stony Brook Seawolves,2003,espn,ncaafb,
2619,Stony Brook Seawolves,2004,espn,ncaafb,
2619,Stony Brook Seawolves,2005,espn,ncaafb,
2619,Stony Brook Seawolves,2006,espn,ncaafb,
2619,Stony Brook Seawolves,2007,espn,ncaafb,
2619,Stony Brook Seawolves,2008,espn,ncaafb,
2619,Stony Brook Seawolves,2009,espn,ncaafb,
2619,Stony Brook Seawolves,2010,espn,ncaafb,
2619,Stony Brook Seawolves,2011,espn,ncaafb,
2619,Stony Brook Seawolves,2012,espn,ncaafb,
2619,Stony Brook Seawolves,2013,espn,ncaafb,
2619,Stony Brook Seawolves,2014,espn,ncaafb,
2619,Stony Brook Seawolves,2015,espn,ncaafb,
2619,Stony Brook Seawolves,2016,espn,ncaafb,
2619,Stony Brook Seawolves,2017,espn,ncaafb,
2619,Stony Brook Seawolves,2018,espn,ncaafb,
2619,Stony Brook Seawolves,2019,espn,ncaafb,
2619,Stony Brook Seawolves,2021,espn,ncaafb,
2619,Stony Brook Seawolves,2022,espn,ncaafb,
2619,Stony Brook Seawolves,2023,espn,ncaafb,
2619,Stony Brook Seawolves,2024,espn,ncaafb,
2619,Stony Brook Seawolves,2025,espn,ncaafb,
2623,Missouri State Bears,2001,espn,ncaafb,
2623,Missouri State Bears,2002,espn,ncaafb,
2623,Missouri State Bears,2003,espn,ncaafb,
2623,Missouri State Bears,2004,espn,ncaafb,
2623,Missouri State Bears,2005,espn,ncaafb,
2623,Missouri State Bears,2006,espn,ncaafb,
2623,Missouri State Bears,2007,espn,ncaafb,
2623,Missouri State Bears,2008,espn,ncaafb,
2623,Missouri State Bears,2009,espn,ncaafb,
2623,Missouri State Bears,2010,espn,ncaafb,
2623,Missouri State Bears,2011,espn,ncaafb,
2623,Missouri State Bears,2012,espn,ncaafb,
2623,Missouri State Bears,2013,espn,ncaafb,
2623,Missouri State Bears,2014,espn,ncaafb,
2623,Missouri State Bears,2015,espn,ncaafb,
2623,Missouri State Bears,2016,espn,ncaafb,
2623,Missouri State Bears,2017,espn,ncaafb,
2623,Missouri State Bears,2018,espn,ncaafb,
2623,Missouri State Bears,2019,espn,ncaafb,
2623,Missouri State Bears,2020,espn,ncaafb,
2623,Missouri State Bears,2021,espn,ncaafb,
2623,Missouri State Bears,2022,espn,ncaafb,
2623,Missouri State Bears,2023,espn,ncaafb,
2623,Missouri State Bears,2024,espn,ncaafb,
2623,Missouri State Bears,2025,espn,ncaafb,
2627,Tarleton State Texans,2001,espn,ncaafb,
2627,Tarleton State Texans,2003,espn,ncaafb,
2627,Tarleton State Texans,2004,espn,ncaafb,
2627,Tarleton State Texans,2006,espn,ncaafb,
2627,Tarleton State Texans,2007,espn,ncaafb,
2627,Tarleton State Texans,2008,espn,ncaafb,
2627,Tarleton State Texans,2009,espn,ncaafb,
2627,Tarleton State Texans,2010,espn,ncaafb,
2627,Tarleton State Texans,2011,espn,ncaafb,
2627,Tarleton State Texans,2012,espn,ncaafb,
2627,Tarleton State Texans,2013,espn,ncaafb,
2627,Tarleton State Texans,2014,espn,ncaafb,
2627,Tarleton State Texans,2015,espn,ncaafb,
2627,Tarleton State Texans,2016,espn,ncaafb,
2627,Tarleton State Texans,2017,espn,ncaafb,
2627,Tarleton State Texans,2018,espn,ncaafb,
2627,Tarleton State Texans,2019,espn,ncaafb,
2627,Tarleton Texans,2021,espn,ncaafb,
2627,Tarleton Texans,2022,espn,ncaafb,
2627,Tarleton State Texans,2023,espn,ncaafb,
2627,Tarleton State Texans,2024,espn,ncaafb,
2627,Tarleton State Texans,2025,espn,ncaafb,
2628,TCU Horned Frogs,2001,espn,ncaafb,
2628,TCU Horned Frogs,2002,espn,ncaafb,
2628,TCU Horned Frogs,2003,espn,ncaafb,
2628,TCU Horned Frogs,2004,espn,ncaafb,
2628,TCU Horned Frogs,2005,espn,ncaafb,
2628,TCU Horned Frogs,2006,espn,ncaafb,
2628,TCU Horned Frogs,2007,espn,ncaafb,
2628,TCU Horned Frogs,2008,espn,ncaafb,
2628,TCU Horned Frogs,2009,espn,ncaafb,
2628,TCU Horned Frogs,2010,espn,ncaafb,
2628,TCU Horned Frogs,2011,espn,ncaafb,
2628,TCU Horned Frogs,2012,espn,ncaafb,
2628,TCU Horned Frogs,2013,espn,ncaafb,
2628,TCU Horned Frogs,2014,espn,ncaafb,
2628,TCU Horned Frogs,2015,espn,ncaafb,
2628,TCU Horned Frogs,2016,espn,ncaafb,
2628,TCU Horned Frogs,2017,espn,ncaafb,
2628,TCU Horned Frogs,2018,espn,ncaafb,
2628,TCU Horned Frogs,2019,espn,ncaafb,
2628,TCU Horned Frogs,2020,espn,ncaafb,
2628,TCU Horned Frogs,2021,espn,ncaafb,
2628,TCU Horned Frogs,2022,espn,ncaafb,
2628,TCU Horned Frogs,2023,espn,ncaafb,
2628,TCU Horned Frogs,2024,espn,ncaafb,
2628,TCU Horned Frogs,2025,espn,ncaafb,
2630,Tennessee-Martin Skyhawks,2001,espn,ncaafb,
2630,Tennessee-Martin Skyhawks,2002,espn,ncaafb,
2630,Tennessee-Martin Skyhawks,2003,espn,ncaafb,
2630,Tennessee-Martin Skyhawks,2004,espn,ncaafb,
2630,Tennessee-Martin Skyhawks,2005,espn,ncaafb,
2630,Tennessee-Martin Skyhawks,2006,espn,ncaafb,
2630,Tennessee-Martin Skyhawks,2007,espn,ncaafb,
2630,Tennessee-Martin Skyhawks,2008,espn,ncaafb,
2630,Tennessee-Martin Skyhawks,2009,espn,ncaafb,
2630,Tennessee-Martin Skyhawks,2010,espn,ncaafb,
2630,Tennessee-Martin Skyhawks,2011,espn,ncaafb,
2630,Tennessee-Martin Skyhawks,2012,espn,ncaafb,
2630,Tennessee-Martin Skyhawks,2013,espn,ncaafb,
2630,Tennessee-Martin Skyhawks,2014,espn,ncaafb,
2630,Tennessee-Martin Skyhawks,2015,espn,ncaafb,
2630,UT Martin Skyhawks,2016,espn,ncaafb,
2630,UT Martin Skyhawks,2017,espn,ncaafb,
2630,UT Martin Skyhawks,2018,espn,ncaafb,
2630,UT Martin Skyhawks,2019,espn,ncaafb,
2630,UT Martin Skyhawks,2021,espn,ncaafb,
2630,UT Martin Skyhawks,2022,espn,ncaafb,
2630,UT Martin Skyhawks,2023,espn,ncaafb,
2630,UT Martin Skyhawks,2024,espn,ncaafb,
2630,UT Martin Skyhawks,2025,espn,ncaafb,
2633,Tennessee Volunteers,2001,espn,ncaafb,
2633,Tennessee Volunteers,2002,espn,ncaafb,
2633,Tennessee Volunteers,2003,espn,ncaafb,
2633,Tennessee Volunteers,2004,espn,ncaafb,
2633,Tennessee Volunteers,2005,espn,ncaafb,
2633,Tennessee Volunteers,2006,espn,ncaafb,
2633,Tennessee Volunteers,2007,espn,ncaafb,
2633,Tennessee Volunteers,2008,espn,ncaafb,
2633,Tennessee Volunteers,2009,espn,ncaafb,
2633,Tennessee Volunteers,2010,espn,ncaafb,
2633,Tennessee Volunteers,2011,espn,ncaafb,
2633,Tennessee Volunteers,2012,espn,ncaafb,
2633,Tennessee Volunteers,2013,espn,ncaafb,
2633,Tennessee Volunteers,2014,espn,ncaafb,
2633,Tennessee Volunteers,2015,espn,ncaafb,
2633,Tennessee Volunteers,2016,espn,ncaafb,
2633,Tennessee Volunteers,2017,espn,ncaafb,
2633,Tennessee Volunteers,2018,espn,ncaafb,
2633,Tennessee Volunteers,2019,espn,ncaafb,
2633,Tennessee Volunteers,2020,espn,ncaafb,
2633,Tennessee Volunteers,2021,espn,ncaafb,
2633,Tennessee Volunteers,2022,espn,ncaafb,
2633,Tennessee Volunteers,2023,espn,ncaafb,
2633,Tennessee Volunteers,2024,espn,ncaafb,
2633,Tennessee Volunteers,2025,espn,ncaafb,
2634,Tennessee State Tigers,2001,espn,ncaafb,
2634,Tennessee State Tigers,2002,espn,ncaafb,
2634,Tennessee State Tigers,2003,espn,ncaafb,
2634,Tennessee State Tigers,2004,espn,ncaafb,
2634,Tennessee State Tigers,2005,espn,ncaafb,
2634,Tennessee State Tigers,2006,espn,ncaafb,
2634,Tennessee State Tigers,2007,espn,ncaafb,
2634,Tennessee State Tigers,2008,espn,ncaafb,
2634,Tennessee State Tigers,2009,espn,ncaafb,
2634,Tennessee State Tigers,2010,espn,ncaafb,
2634,Tennessee State Tigers,2011,espn,ncaafb,
2634,Tennessee State Tigers,2012,espn,ncaafb,
2634,Tennessee State Tigers,2013,espn,ncaafb,
2634,Tennessee State Tigers,2014,espn,ncaafb,
2634,Tennessee State Tigers,2015,espn,ncaafb,
2634,Tennessee State Tigers,2016,espn,ncaafb,
2634,Tennessee State Tigers,2017,espn,ncaafb,
2634,Tennessee State Tigers,2018,espn,ncaafb,
2634,Tennessee State Tigers,2019,espn,ncaafb,
2634,Tennessee State Tigers,2021,espn,ncaafb,
2634,Tennessee State Tigers,2022,espn,ncaafb,
2634,Tennessee State Tigers,2023,espn,ncaafb,
2634,Tennessee State Tigers,2024,espn,ncaafb,
2634,Tennessee State Tigers,2025,espn,ncaafb,
2635,Tennessee Tech Golden Eagles,2001,espn,ncaafb,
2635,Tennessee Tech Golden Eagles,2002,espn,ncaafb,
2635,Tennessee Tech Golden Eagles,2003,espn,ncaafb,
2635,Tennessee Tech Golden Eagles,2004,espn,ncaafb,
2635,Tennessee Tech Golden Eagles,2005,espn,ncaafb,
2635,Tennessee Tech Golden Eagles,2006,espn,ncaafb,
2635,Tennessee Tech Golden Eagles,2007,espn,ncaafb,
2635,Tennessee Tech Golden Eagles,2008,espn,ncaafb,
2635,Tennessee Tech Golden Eagles,2009,espn,ncaafb,
2635,Tennessee Tech Golden Eagles,2010,espn,ncaafb,
2635,Tennessee Tech Golden Eagles,2011,espn,ncaafb,
2635,Tennessee Tech Golden Eagles,2012,espn,ncaafb,
2635,Tennessee Tech Golden Eagles,2013,espn,ncaafb,
2635,Tennessee Tech Golden Eagles,2014,espn,ncaafb,
2635,Tennessee Tech Golden Eagles,2015,espn,ncaafb,
2635,Tennessee Tech Golden Eagles,2016,espn,ncaafb,
2635,Tennessee Tech Golden Eagles,2017,espn,ncaafb,
2635,Tennessee Tech Golden Eagles,2018,espn,ncaafb,
2635,Tennessee Tech Golden Eagles,2019,espn,ncaafb,
2635,Tennessee Tech Golden Eagles,2021,espn,ncaafb,
2635,Tennessee Tech Golden Eagles,2022,espn,ncaafb,
2635,Tennessee Tech Golden Eagles,2023,espn,ncaafb,
2635,Tennessee Tech Golden Eagles,2024,espn,ncaafb,
2635,Tennessee Tech Golden Eagles,2025,espn,ncaafb,
2636,UT San Antonio Roadrunners,2011,espn,ncaafb,
2636,UT San Antonio Roadrunners,2012,espn,ncaafb,
2636,UT San Antonio Roadrunners,2013,espn,ncaafb,
2636,UT San Antonio Roadrunners,2014,espn,ncaafb,
2636,UT San Antonio Roadrunners,2015,espn,ncaafb,
2636,UT San Antonio Roadrunners,2016,espn,ncaafb,
2636,UT San Antonio Roadrunners,2017,espn,ncaafb,
2636,UTSA Roadrunners,2018,espn,ncaafb,
2636,UTSA Roadrunners,2019,espn,ncaafb,
2636,UTSA Roadrunners,2020,espn,ncaafb,
2636,UTSA Roadrunners,2021,espn,ncaafb,
2636,UTSA Roadrunners,2022,espn,ncaafb,
2636,UTSA Roadrunners,2023,espn,ncaafb,
2636,UTSA Roadrunners,2024,espn,ncaafb,
2636,UTSA Roadrunners,2025,espn,ncaafb,
2637,Texas College Steers,2003,espn,ncaafb,
2637,Texas College Steers,2004,espn,ncaafb,
2637,Texas College Steers,2007,espn,ncaafb,
2637,Texas College Steers,2008,espn,ncaafb,
2637,Texas College Steers,2009,espn,ncaafb,
2637,Texas College Steers,2010,espn,ncaafb,
2637,Texas College Steers,2011,espn,ncaafb,
2637,Texas College Steers,2012,espn,ncaafb,
2637,Texas College Steers,2013,espn,ncaafb,
2637,Texas College Steers,2014,espn,ncaafb,
2637,Texas College Steers,2015,espn,ncaafb,
2637,Texas College Steers,2016,espn,ncaafb,
2637,Texas College Steers,2017,espn,ncaafb,
2637,Texas College Steers,2019,espn,ncaafb,
2637,Texas College Steers,2021,espn,ncaafb,
2637,Texas College Steers,2023,espn,ncaafb,
2638,UTEP Miners,2001,espn,ncaafb,
2638,UTEP Miners,2002,espn,ncaafb,
2638,UTEP Miners,2003,espn,ncaafb,
2638,UTEP Miners,2004,espn,ncaafb,
2638,UTEP Miners,2005,espn,ncaafb,
2638,UTEP Miners,2006,espn,ncaafb,
2638,UTEP Miners,2007,espn,ncaafb,
2638,UTEP Miners,2008,espn,ncaafb,
2638,UTEP Miners,2009,espn,ncaafb,
2638,UTEP Miners,2010,espn,ncaafb,
2638,UTEP Miners,2011,espn,ncaafb,
2638,UTEP Miners,2012,espn,ncaafb,
2638,UTEP Miners,2013,espn,ncaafb,
2638,UTEP Miners,2014,espn,ncaafb,
2638,UTEP Miners,2015,espn,ncaafb,
2638,UTEP Miners,2016,espn,ncaafb,
2638,UTEP Miners,2017,espn,ncaafb,
2638,UTEP Miners,2018,espn,ncaafb,
2638,UTEP Miners,2019,espn,ncaafb,
2638,UTEP Miners,2020,espn,ncaafb,
2638,UTEP Miners,2021,espn,ncaafb,
2638,UTEP Miners,2022,espn,ncaafb,
2638,UTEP Miners,2023,espn,ncaafb,
2638,UTEP Miners,2024,espn,ncaafb,
2638,UTEP Miners,2025,espn,ncaafb,
2639,Texas Lutheran Bulldogs,2007,espn,ncaafb,
2639,Texas Lutheran Bulldogs,2008,espn,ncaafb,
2639,Texas Lutheran Bulldogs,2009,espn,ncaafb,
2639,Texas Lutheran Bulldogs,2010,espn,ncaafb,
2639,Texas Lutheran Bulldogs,2011,espn,ncaafb,
2639,Texas Lutheran Bulldogs,2012,espn,ncaafb,
2639,Texas Lutheran Bulldogs,2013,espn,ncaafb,
2639,Texas Lutheran Bulldogs,2014,espn,ncaafb,
2639,Texas Lutheran Bulldogs,2015,espn,ncaafb,
2639,Texas Lutheran Bulldogs,2016,espn,ncaafb,
2639,Texas Lutheran Bulldogs,2017,espn,ncaafb,
2639,Texas Lutheran Bulldogs,2018,espn,ncaafb,
2639,Texas Lutheran Bulldogs,2019,espn,ncaafb,
2639,Texas Lutheran Bulldogs,2021,espn,ncaafb,
2639,Texas Lutheran Bulldogs,2022,espn,ncaafb,
2639,Texas Lutheran Bulldogs,2023,espn,ncaafb,
2639,Texas Lutheran Bulldogs,2024,espn,ncaafb,
2639,Texas Lutheran Bulldogs,2025,espn,ncaafb,
2640,Texas Southern Tigers,2001,espn,ncaafb,
2640,Texas Southern Tigers,2002,espn,ncaafb,
2640,Texas Southern Tigers,2003,espn,ncaafb,
2640,Texas Southern Tigers,2004,espn,ncaafb,
2640,Texas Southern Tigers,2005,espn,ncaafb,
2640,Texas Southern Tigers,2006,espn,ncaafb,
2640,Texas Southern Tigers,2007,espn,ncaafb,
2640,Texas Southern Tigers,2008,espn,ncaafb,
2640,Texas Southern Tigers,2009,espn,ncaafb,
2640,Texas Southern Tigers,2010,espn,ncaafb,
2640,Texas Southern Tigers,2011,espn,ncaafb,
2640,Texas Southern Tigers,2012,espn,ncaafb,
2640,Texas Southern Tigers,2013,espn,ncaafb,
2640,Texas Southern Tigers,2014,espn,ncaafb,
2640,Texas Southern Tigers,2015,espn,ncaafb,
2640,Texas Southern Tigers,2016,espn,ncaafb,
2640,Texas Southern Tigers,2017,espn,ncaafb,
2640,Texas Southern Tigers,2018,espn,ncaafb,
2640,Texas Southern Tigers,2019,espn,ncaafb,
2640,Texas Southern Tigers,2020,espn,ncaafb,
2640,Texas Southern Tigers,2021,espn,ncaafb,
2640,Texas Southern Tigers,2022,espn,ncaafb,
2640,Texas Southern Tigers,2023,espn,ncaafb,
2640,Texas Southern Tigers,2024,espn,ncaafb,
2640,Texas Southern Tigers,2025,espn,ncaafb,
2641,Texas Tech Red Raiders,2001,espn,ncaafb,
2641,Texas Tech Red Raiders,2002,espn,ncaafb,
2641,Texas Tech Red Raiders,2003,espn,ncaafb,
2641,Texas Tech Red Raiders,2004,espn,ncaafb,
2641,Texas Tech Red Raiders,2005,espn,ncaafb,
2641,Texas Tech Red Raiders,2006,espn,ncaafb,
2641,Texas Tech Red Raiders,2007,espn,ncaafb,
2641,Texas Tech Red Raiders,2008,espn,ncaafb,
2641,Texas Tech Red Raiders,2009,espn,ncaafb,
2641,Texas Tech Red Raiders,2010,espn,ncaafb,
2641,Texas Tech Red Raiders,2011,espn,ncaafb,
2641,Texas Tech Red Raiders,2012,espn,ncaafb,
2641,Texas Tech Red Raiders,2013,espn,ncaafb,
2641,Texas Tech Red Raiders,2014,espn,ncaafb,
2641,Texas Tech Red Raiders,2015,espn,ncaafb,
2641,Texas Tech Red Raiders,2016,espn,ncaafb,
2641,Texas Tech Red Raiders,2017,espn,ncaafb,
2641,Texas Tech Red Raiders,2018,espn,ncaafb,
2641,Texas Tech Red Raiders,2019,espn,ncaafb,
2641,Texas Tech Red Raiders,2020,espn,ncaafb,
2641,Texas Tech Red Raiders,2021,espn,ncaafb,
2641,Texas Tech Red Raiders,2022,espn,ncaafb,
2641,Texas Tech Red Raiders,2023,espn,ncaafb,
2641,Texas Tech Red Raiders,2024,espn,ncaafb,
2641,Texas Tech Red Raiders,2025,espn,ncaafb,
2643,Citadel Bulldogs,2001,espn,ncaafb,
2643,The Citadel Bulldogs,2002,espn,ncaafb,
2643,The Citadel Bulldogs,2003,espn,ncaafb,
2643,The Citadel Bulldogs,2004,espn,ncaafb,
2643,The Citadel Bulldogs,2005,espn,ncaafb,
2643,The Citadel Bulldogs,2006,espn,ncaafb,
2643,The Citadel Bulldogs,2007,espn,ncaafb,
2643,The Citadel Bulldogs,2008,espn,ncaafb,
2643,The Citadel Bulldogs,2009,espn,ncaafb,
2643,The Citadel Bulldogs,2010,espn,ncaafb,
2643,The Citadel Bulldogs,2011,espn,ncaafb,
2643,The Citadel Bulldogs,2012,espn,ncaafb,
2643,The Citadel Bulldogs,2013,espn,ncaafb,
2643,The Citadel Bulldogs,2014,espn,ncaafb,
2643,The Citadel Bulldogs,2015,espn,ncaafb,
2643,The Citadel Bulldogs,2016,espn,ncaafb,
2643,The Citadel Bulldogs,2017,espn,ncaafb,
2643,The Citadel Bulldogs,2018,espn,ncaafb,
2643,The Citadel Bulldogs,2019,espn,ncaafb,
2643,The Citadel Bulldogs,2020,espn,ncaafb,
2643,The Citadel Bulldogs,2021,espn,ncaafb,
2643,The Citadel Bulldogs,2022,espn,ncaafb,
2643,The Citadel Bulldogs,2023,espn,ncaafb,
2643,The Citadel Bulldogs,2024,espn,ncaafb,
2643,The Citadel Bulldogs,2025,espn,ncaafb,
2644,Thiel College Tomcats,2007,espn,ncaafb,
2644,Thiel College Tomcats,2008,espn,ncaafb,
2644,Thiel College Tomcats,2009,espn,ncaafb,
2644,Thiel College Tomcats,2010,espn,ncaafb,
2644,Thiel College Tomcats,2011,espn,ncaafb,
2644,Thiel College Tomcats,2012,espn,ncaafb,
2644,Thiel College Tomcats,2013,espn,ncaafb,
2644,Thiel College Tomcats,2014,espn,ncaafb,
2644,Thiel College Tomcats,2015,espn,ncaafb,
2644,Thiel College Tomcats,2016,espn,ncaafb,
2644,Thiel College Tomcats,2017,espn,ncaafb,
2644,Thiel College Tomcats,2018,espn,ncaafb,
2644,Thiel College Tomcats,2019,espn,ncaafb,
2644,Thiel College Tomcats,2021,espn,ncaafb,
2644,Thiel College Tomcats,2022,espn,ncaafb,
2644,Thiel Tomcats,2023,espn,ncaafb,
2644,Thiel Tomcats,2024,espn,ncaafb,
2644,Thiel Tomcats,2025,espn,ncaafb,
2646,Thomas More Saints,2007,espn,ncaafb,
2646,Thomas More Saints,2008,espn,ncaafb,
2646,Thomas More Saints,2009,espn,ncaafb,
2646,Thomas More Saints,2010,espn,ncaafb,
2646,Thomas More Saints,2011,espn,ncaafb,
2646,Thomas More Saints,2012,espn,ncaafb,
2646,Thomas More Saints,2013,espn,ncaafb,
2646,Thomas More Saints,2014,espn,ncaafb,
2646,Thomas More Saints,2015,espn,ncaafb,
2646,Thomas More Saints,2016,espn,ncaafb,
2646,Thomas More Saints,2017,espn,ncaafb,
2646,Thomas More College Saints,2018,espn,ncaafb,
2646,Thomas More College Saints,2019,espn,ncaafb,
2646,Thomas More College Saints,2022,espn,ncaafb,
2646,Thomas More College Saints,2023,espn,ncaafb,
2646,Thomas More College Saints,2024,espn,ncaafb,
2646,Thomas More College Saints,2025,espn,ncaafb,
2649,Toledo Rockets,2001,espn,ncaafb,
2649,Toledo Rockets,2002,espn,ncaafb,
2649,Toledo Rockets,2003,espn,ncaafb,
2649,Toledo Rockets,2004,espn,ncaafb,
2649,Toledo Rockets,2005,espn,ncaafb,
2649,Toledo Rockets,2006,espn,ncaafb,
2649,Toledo Rockets,2007,espn,ncaafb,
2649,Toledo Rockets,2008,espn,ncaafb,
2649,Toledo Rockets,2009,espn,ncaafb,
2649,Toledo Rockets,2010,espn,ncaafb,
2649,Toledo Rockets,2011,espn,ncaafb,
2649,Toledo Rockets,2012,espn,ncaafb,
2649,Toledo Rockets,2013,espn,ncaafb,
2649,Toledo Rockets,2014,espn,ncaafb,
2649,Toledo Rockets,2015,espn,ncaafb,
2649,Toledo Rockets,2016,espn,ncaafb,
2649,Toledo Rockets,2017,espn,ncaafb,
2649,Toledo Rockets,2018,espn,ncaafb,
2649,Toledo Rockets,2019,espn,ncaafb,
2649,Toledo Rockets,2020,espn,ncaafb,
2649,Toledo Rockets,2021,espn,ncaafb,
2649,Toledo Rockets,2022,espn,ncaafb,
2649,Toledo Rockets,2023,espn,ncaafb,
2649,Toledo Rockets,2024,espn,ncaafb,
2649,Toledo Rockets,2025,espn,ncaafb,
2651,Trine Thunder,2007,espn,ncaafb,
2651,Trine Thunder,2008,espn,ncaafb,
2651,Trine Thunder,2009,espn,ncaafb,
2651,Trine Thunder,2010,espn,ncaafb,
2651,Trine Thunder,2011,espn,ncaafb,
2651,Trine Thunder,2012,espn,ncaafb,
2651,Trine Thunder,2013,espn,ncaafb,
2651,Trine Thunder,2014,espn,ncaafb,
2651,Trine Thunder,2015,espn,ncaafb,
2651,Trine Thunder,2016,espn,ncaafb,
2651,Trine Thunder,2017,espn,ncaafb,
2651,Trine University Thunder,2018,espn,ncaafb,
2651,Trine University Thunder,2019,espn,ncaafb,
2651,Trine University Thunder,2020,espn,ncaafb,
2651,Trine University Thunder,2021,espn,ncaafb,
2651,Trine University Thunder,2022,espn,ncaafb,
2651,Trine University Thunder,2023,espn,ncaafb,
2651,Trine University Thunder,2024,espn,ncaafb,
2651,Trine University Thunder,2025,espn,ncaafb,
2652,Trinity (IL) Trojans,2007,espn,ncaafb,
2652,Trinity (IL) Trojans,2008,espn,ncaafb,
2652,Trinity (IL) Trojans,2009,espn,ncaafb,
2652,Trinity (IL) Trojans,2010,espn,ncaafb,
2652,Trinity (IL) Trojans,2011,espn,ncaafb,
2652,Trinity (IL) Trojans,2012,espn,ncaafb,
2653,Troy Trojans,2001,espn,ncaafb,
2653,Troy Trojans,2002,espn,ncaafb,
2653,Troy Trojans,2003,espn,ncaafb,
2653,Troy Trojans,2004,espn,ncaafb,
2653,Troy Trojans,2005,espn,ncaafb,
2653,Troy Trojans,2006,espn,ncaafb,
2653,Troy Trojans,2007,espn,ncaafb,
2653,Troy Trojans,2008,espn,ncaafb,
2653,Troy Trojans,2009,espn,ncaafb,
2653,Troy Trojans,2010,espn,ncaafb,
2653,Troy Trojans,2011,espn,ncaafb,
2653,Troy Trojans,2012,espn,ncaafb,
2653,Troy Trojans,2013,espn,ncaafb,
2653,Troy Trojans,2014,espn,ncaafb,
2653,Troy Trojans,2015,espn,ncaafb,
2653,Troy Trojans,2016,espn,ncaafb,
2653,Troy Trojans,2017,espn,ncaafb,
2653,Troy Trojans,2018,espn,ncaafb,
2653,Troy Trojans,2019,espn,ncaafb,
2653,Troy Trojans,2020,espn,ncaafb,
2653,Troy Trojans,2021,espn,ncaafb,
2653,Troy Trojans,2022,espn,ncaafb,
2653,Troy Trojans,2023,espn,ncaafb,
2653,Troy Trojans,2024,espn,ncaafb,
2653,Troy Trojans,2025,espn,ncaafb,
2654,Truman State Bulldogs,2001,espn,ncaafb,
2654,Truman State Bulldogs,2002,espn,ncaafb,
2654,Truman State Bulldogs,2003,espn,ncaafb,
2654,Truman State Bulldogs,2007,espn,ncaafb,
2654,Truman State Bulldogs,2008,espn,ncaafb,
2654,Truman State Bulldogs,2009,espn,ncaafb,
2654,Truman State Bulldogs,2010,espn,ncaafb,
2654,Truman State Bulldogs,2011,espn,ncaafb,
2654,Truman State Bulldogs,2012,espn,ncaafb,
2654,Truman State Bulldogs,2013,espn,ncaafb,
2654,Truman State Bulldogs,2014,espn,ncaafb,
2654,Truman State Bulldogs,2015,espn,ncaafb,
2654,Truman State Bulldogs,2016,espn,ncaafb,
2654,Truman State Bulldogs,2017,espn,ncaafb,
2654,Truman State Bulldogs,2018,espn,ncaafb,
2654,Truman State Bulldogs,2019,espn,ncaafb,
2654,Truman State Bulldogs,2021,espn,ncaafb,
2654,Truman State Bulldogs,2022,espn,ncaafb,
2654,Truman State Bulldogs,2023,espn,ncaafb,
2654,Truman State Bulldogs,2024,espn,ncaafb,
2654,Truman State Bulldogs,2025,espn,ncaafb,
2655,Tulane Green Wave,2001,espn,ncaafb,
2655,Tulane Green Wave,2002,espn,ncaafb,
2655,Tulane Green Wave,2003,espn,ncaafb,
2655,Tulane Green Wave,2004,espn,ncaafb,
2655,Tulane Green Wave,2005,espn,ncaafb,
2655,Tulane Green Wave,2006,espn,ncaafb,
2655,Tulane Green Wave,2007,espn,ncaafb,
2655,Tulane Green Wave,2008,espn,ncaafb,
2655,Tulane Green Wave,2009,espn,ncaafb,
2655,Tulane Green Wave,2010,espn,ncaafb,
2655,Tulane Green Wave,2011,espn,ncaafb,
2655,Tulane Green Wave,2012,espn,ncaafb,
2655,Tulane Green Wave,2013,espn,ncaafb,
2655,Tulane Green Wave,2014,espn,ncaafb,
2655,Tulane Green Wave,2015,espn,ncaafb,
2655,Tulane Green Wave,2016,espn,ncaafb,
2655,Tulane Green Wave,2017,espn,ncaafb,
2655,Tulane Green Wave,2018,espn,ncaafb,
2655,Tulane Green Wave,2019,espn,ncaafb,
2655,Tulane Green Wave,2020,espn,ncaafb,
2655,Tulane Green Wave,2021,espn,ncaafb,
2655,Tulane Green Wave,2022,espn,ncaafb,
2655,Tulane Green Wave,2023,espn,ncaafb,
2655,Tulane Green Wave,2024,espn,ncaafb,
2655,Tulane Green Wave,2025,espn,ncaafb,
2657,Tuskegee Golden Tigers,2001,espn,ncaafb,
2657,Tuskegee Golden Tigers,2002,espn,ncaafb,
2657,Tuskegee Golden Tigers,2003,espn,ncaafb,
2657,Tuskegee Golden Tigers,2004,espn,ncaafb,
2657,Tuskegee Golden Tigers,2005,espn,ncaafb,
2657,Tuskegee Golden Tigers,2006,espn,ncaafb,
2657,Tuskegee Golden Tigers,2007,espn,ncaafb,
2657,Tuskegee Golden Tigers,2008,espn,ncaafb,
2657,Tuskegee Golden Tigers,2009,espn,ncaafb,
2657,Tuskegee Golden Tigers,2010,espn,ncaafb,
2657,Tuskegee Golden Tigers,2011,espn,ncaafb,
2657,Tuskegee Golden Tigers,2012,espn,ncaafb,
2657,Tuskegee Golden Tigers,2013,espn,ncaafb,
2657,Tuskegee Golden Tigers,2014,espn,ncaafb,
2657,Tuskegee Golden Tigers,2015,espn,ncaafb,
2657,Tuskegee Golden Tigers,2016,espn,ncaafb,
2657,Tuskegee Golden Tigers,2017,espn,ncaafb,
2657,Tuskegee Golden Tigers,2018,espn,ncaafb,
2657,Tuskegee Golden Tigers,2019,espn,ncaafb,
2657,Tuskegee Golden Tigers,2020,espn,ncaafb,
2657,Tuskegee Golden Tigers,2021,espn,ncaafb,
2657,Tuskegee Golden Tigers,2022,espn,ncaafb,
2657,Tuskegee Golden Tigers,2023,espn,ncaafb,
2657,Tuskegee Golden Tigers,2024,espn,ncaafb,
2657,Tuskegee Golden Tigers,2025,espn,ncaafb,
2658,Texas A&M-Kingsville Javelinas,2001,espn,ncaafb,
2658,Texas A&M-Kingsville Javelinas,2002,espn,ncaafb,
2658,Texas A&M-Kingsville Javelinas,2003,espn,ncaafb,
2658,Texas A&M-Kingsville Javelinas,2004,espn,ncaafb,
2658,Texas A&M-Kingsville Javelinas,2007,espn,ncaafb,
2658,Texas A&M-Kingsville Javelinas,2008,espn,ncaafb,
2658,Texas A&M-Kingsville Javelinas,2009,espn,ncaafb,
2658,Texas A&M-Kingsville Javelinas,2010,espn,ncaafb,
2658,Texas A&M-Kingsville Javelinas,2011,espn,ncaafb,
2658,Texas A&M-Kingsville Javelinas,2012,espn,ncaafb,
2658,Texas A&M-Kingsville Javelinas,2013,espn,ncaafb,
2658,Texas A&M-Kingsville Javelinas,2014,espn,ncaafb,
2658,Texas A&M-Kingsville Javelinas,2015,espn,ncaafb,
2658,Texas A&M-Kingsville Javelinas,2016,espn,ncaafb,
2658,Texas A&M-Kingsville Javelinas,2017,espn,ncaafb,
2658,Texas A&M-Kingsville Javelinas,2018,espn,ncaafb,
2658,Texas A&M-Kingsville Javelinas,2019,espn,ncaafb,
2658,Texas A&M-Kingsville Javelinas,2021,espn,ncaafb,
2658,Texas A&M-Kingsville Javelinas,2022,espn,ncaafb,
2658,Texas A&M-Kingsville Javelinas,2023,espn,ncaafb,
2658,Texas A&M-Kingsville Javelinas,2024,espn,ncaafb,
2658,Texas A&M-Kingsville Javelinas,2025,espn,ncaafb,
2666,Urbana Blue Knights,2006,espn,ncaafb,
2666,Urbana Blue Knights,2007,espn,ncaafb,
2666,Urbana Blue Knights,2008,espn,ncaafb,
2666,Urbana Blue Knights,2009,espn,ncaafb,
2666,Urbana Blue Knights,2010,espn,ncaafb,
2666,Urbana Blue Knights,2011,espn,ncaafb,
2666,Urbana Blue Knights,2012,espn,ncaafb,
2666,Urbana Blue Knights,2013,espn,ncaafb,
2666,Urbana Blue Knights,2014,espn,ncaafb,
2666,Urbana Blue Knights,2015,espn,ncaafb,
2666,Urbana Blue Knights,2016,espn,ncaafb,
2666,Urbana Blue Knights,2017,espn,ncaafb,
2666,Urbana Blue Knights,2018,espn,ncaafb,
2666,Urbana Blue Knights,2019,espn,ncaafb,
2667,Ursinus Bears,2004,espn,ncaafb,
2667,Ursinus Bears,2005,espn,ncaafb,
2667,Ursinus Bears,2006,espn,ncaafb,
2667,Ursinus Bears,2007,espn,ncaafb,
2667,Ursinus Bears,2008,espn,ncaafb,
2667,Ursinus Bears,2009,espn,ncaafb,
2667,Ursinus Bears,2010,espn,ncaafb,
2667,Ursinus Bears,2011,espn,ncaafb,
2667,Ursinus Bears,2012,espn,ncaafb,
2667,Ursinus Bears,2013,espn,ncaafb,
2667,Ursinus Bears,2014,espn,ncaafb,
2667,Ursinus Bears,2015,espn,ncaafb,
2667,Ursinus Bears,2016,espn,ncaafb,
2667,Ursinus Bears,2017,espn,ncaafb,
2667,Ursinus College Bears,2018,espn,ncaafb,
2667,Ursinus College Bears,2019,espn,ncaafb,
2667,Ursinus College Bears,2020,espn,ncaafb,
2667,Ursinus College Bears,2021,espn,ncaafb,
2667,Ursinus College Bears,2022,espn,ncaafb,
2667,Ursinus Bears,2023,espn,ncaafb,
2667,Ursinus Bears,2024,espn,ncaafb,
2667,Ursinus Bears,2025,espn,ncaafb,
2673,Valdosta State Blazers,2003,espn,ncaafb,
2673,Valdosta State Blazers,2007,espn,ncaafb,
2673,Valdosta State Blazers,2008,espn,ncaafb,
2673,Valdosta State Blazers,2009,espn,ncaafb,
2673,Valdosta State Blazers,2010,espn,ncaafb,
2673,Valdosta State Blazers,2011,espn,ncaafb,
2673,Valdosta State Blazers,2012,espn,ncaafb,
2673,Valdosta State Blazers,2013,espn,ncaafb,
2673,Valdosta State Blazers,2014,espn,ncaafb,
2673,Valdosta State Blazers,2015,espn,ncaafb,
2673,Valdosta State Blazers,2016,espn,ncaafb,
2673,Valdosta State Blazers,2017,espn,ncaafb,
2673,Valdosta State Blazers,2018,espn,ncaafb,
2673,Valdosta State Blazers,2019,espn,ncaafb,
2673,Valdosta State Blazers,2021,espn,ncaafb,
2673,Valdosta State Blazers,2022,espn,ncaafb,
2673,Valdosta State Blazers,2023,espn,ncaafb,
2673,Valdosta State Blazers,2024,espn,ncaafb,
2673,Valdosta State Blazers,2025,espn,ncaafb,
2674,Valparaiso Crusaders,2001,espn,ncaafb,
2674,Valparaiso Crusaders,2002,espn,ncaafb,
2674,Valparaiso Crusaders,2003,espn,ncaafb,
2674,Valparaiso Crusaders,2004,espn,ncaafb,
2674,Valparaiso Crusaders,2005,espn,ncaafb,
2674,Valparaiso Crusaders,2006,espn,ncaafb,
2674,Valparaiso Crusaders,2007,espn,ncaafb,
2674,Valparaiso Crusaders,2008,espn,ncaafb,
2674,Valparaiso Crusaders,2009,espn,ncaafb,
2674,Valparaiso Crusaders,2010,espn,ncaafb,
2674,Valparaiso Crusaders,2011,espn,ncaafb,
2674,Valparaiso Crusaders,2012,espn,ncaafb,
2674,Valparaiso Crusaders,2013,espn,ncaafb,
2674,Valparaiso Crusaders,2014,espn,ncaafb,
2674,Valparaiso Crusaders,2015,espn,ncaafb,
2674,Valparaiso Crusaders,2016,espn,ncaafb,
2674,Valparaiso Crusaders,2017,espn,ncaafb,
2674,Valparaiso Crusaders,2018,espn,ncaafb,
2674,Valparaiso Crusaders,2019,espn,ncaafb,
2674,Valparaiso Beacons,2021,espn,ncaafb,
2674,Valparaiso Beacons,2022,espn,ncaafb,
2674,Valparaiso Beacons,2023,espn,ncaafb,
2674,Valparaiso Beacons,2024,espn,ncaafb,
2674,Valparaiso Beacons,2025,espn,ncaafb,
2676,Virginia Union Panthers,2001,espn,ncaafb,
2676,Virginia Union Panthers,2004,espn,ncaafb,
2676,Virginia Union Panthers,2007,espn,ncaafb,
2676,Virginia Union Panthers,2008,espn,ncaafb,
2676,Virginia Union Panthers,2009,espn,ncaafb,
2676,Virginia Union Panthers,2010,espn,ncaafb,
2676,Virginia Union Panthers,2011,espn,ncaafb,
2676,Virginia Union Panthers,2012,espn,ncaafb,
2676,Virginia Union Panthers,2013,espn,ncaafb,
2676,Virginia Union Panthers,2014,espn,ncaafb,
2676,Virginia Union Panthers,2015,espn,ncaafb,
2676,Virginia Union Panthers,2016,espn,ncaafb,
2676,Virginia Union Panthers,2017,espn,ncaafb,
2676,Virginia Union Panthers,2018,espn,ncaafb,
2676,Virginia Union Panthers,2019,espn,ncaafb,
2676,Virginia Union Panthers,2021,espn,ncaafb,
2676,Virginia Union Panthers,2022,espn,ncaafb,
2676,Virginia Union Panthers,2023,espn,ncaafb,
2676,Virginia Union Panthers,2024,espn,ncaafb,
2676,Virginia Union Panthers,2025,espn,ncaafb,
2678,Virginia Military Institute Keydets,2001,espn,ncaafb,
2678,VMI Keydets,2002,espn,ncaafb,
2678,VMI Keydets,2003,espn,ncaafb,
2678,VMI Keydets,2004,espn,ncaafb,
2678,VMI Keydets,2005,espn,ncaafb,
2678,VMI Keydets,2006,espn,ncaafb,
2678,VMI Keydets,2007,espn,ncaafb,
2678,VMI Keydets,2008,espn,ncaafb,
2678,VMI Keydets,2009,espn,ncaafb,
2678,VMI Keydets,2010,espn,ncaafb,
2678,VMI Keydets,2011,espn,ncaafb,
2678,VMI Keydets,2012,espn,ncaafb,
2678,VMI Keydets,2013,espn,ncaafb,
2678,VMI Keydets,2014,espn,ncaafb,
2678,VMI Keydets,2015,espn,ncaafb,
2678,VMI Keydets,2016,espn,ncaafb,
2678,VMI Keydets,2017,espn,ncaafb,
2678,VMI Keydets,2018,espn,ncaafb,
2678,VMI Keydets,2019,espn,ncaafb,
2678,VMI Keydets,2020,espn,ncaafb,
2678,VMI Keydets,2021,espn,ncaafb,
2678,VMI Keydets,2022,espn,ncaafb,
2678,VMI Keydets,2023,espn,ncaafb,
2678,VMI Keydets,2024,espn,ncaafb,
2678,VMI Keydets,2025,espn,ncaafb,
2681,Wagner Seahawks,2001,espn,ncaafb,
2681,Wagner Seahawks,2002,espn,ncaafb,
2681,Wagner Seahawks,2003,espn,ncaafb,
2681,Wagner Seahawks,2004,espn,ncaafb,
2681,Wagner Seahawks,2005,espn,ncaafb,
2681,Wagner Seahawks,2006,espn,ncaafb,
2681,Wagner Seahawks,2007,espn,ncaafb,
2681,Wagner Seahawks,2008,espn,ncaafb,
2681,Wagner Seahawks,2009,espn,ncaafb,
2681,Wagner Seahawks,2010,espn,ncaafb,
2681,Wagner Seahawks,2011,espn,ncaafb,
2681,Wagner Seahawks,2012,espn,ncaafb,
2681,Wagner Seahawks,2013,espn,ncaafb,
2681,Wagner Seahawks,2014,espn,ncaafb,
2681,Wagner Seahawks,2015,espn,ncaafb,
2681,Wagner Seahawks,2016,espn,ncaafb,
2681,Wagner Seahawks,2017,espn,ncaafb,
2681,Wagner Seahawks,2018,espn,ncaafb,
2681,Wagner Seahawks,2019,espn,ncaafb,
2681,Wagner Seahawks,2020,espn,ncaafb,
2681,Wagner Seahawks,2021,espn,ncaafb,
2681,Wagner Seahawks,2022,espn,ncaafb,
2681,Wagner Seahawks,2023,espn,ncaafb,
2681,Wagner Seahawks,2024,espn,ncaafb,
2681,Wagner Seahawks,2025,espn,ncaafb,
2682,Walsh Cavaliers,2007,espn,ncaafb,
2682,Walsh Cavaliers,2008,espn,ncaafb,
2682,Walsh Cavaliers,2009,espn,ncaafb,
2682,Walsh Cavaliers,2010,espn,ncaafb,
2682,Walsh Cavaliers,2011,espn,ncaafb,
2682,Walsh Cavaliers,2012,espn,ncaafb,
2682,Walsh Cavaliers,2013,espn,ncaafb,
2682,Walsh Cavaliers,2014,espn,ncaafb,
2682,Walsh Cavaliers,2015,espn,ncaafb,
2682,Walsh Cavaliers,2016,espn,ncaafb,
2682,Walsh Cavaliers,2017,espn,ncaafb,
2682,Walsh Cavaliers,2018,espn,ncaafb,
2682,Walsh Cavaliers,2019,espn,ncaafb,
2682,Walsh Cavaliers,2021,espn,ncaafb,
2682,Walsh Cavaliers,2022,espn,ncaafb,
2682,Walsh Cavaliers,2023,espn,ncaafb,
2682,Walsh Cavaliers,2024,espn,ncaafb,
2682,Walsh Cavaliers,2025,espn,ncaafb,
2683,Warner Royals,2013,espn,ncaafb,
2683,Warner Royals,2014,espn,ncaafb,
2683,Warner Royals,2015,espn,ncaafb,
2683,Warner Royals,2016,espn,ncaafb,
2683,Warner Royals,2017,espn,ncaafb,
2683,Warner Royals,2021,espn,ncaafb,
2683,Warner Royals,2022,espn,ncaafb,
2683,Warner Royals,2023,espn,ncaafb,
2683,Warner Royals,2024,espn,ncaafb,
2683,Warner Royals,2025,espn,ncaafb,
2685,Wartburg Knights,2007,espn,ncaafb,
2685,Wartburg Knights,2008,espn,ncaafb,
2685,Wartburg Knights,2009,espn,ncaafb,
2685,Wartburg Knights,2010,espn,ncaafb,
2685,Wartburg Knights,2011,espn,ncaafb,
2685,Wartburg Knights,2012,espn,ncaafb,
2685,Wartburg Knights,2013,espn,ncaafb,
2685,Wartburg Knights,2014,espn,ncaafb,
2685,Wartburg Knights,2015,espn,ncaafb,
2685,Wartburg Knights,2016,espn,ncaafb,
2685,Wartburg Knights,2017,espn,ncaafb,
2685,Wartburg College Knights,2018,espn,ncaafb,
2685,Wartburg College Knights,2019,espn,ncaafb,
2685,Wartburg College Knights,2021,espn,ncaafb,
2685,Wartburg College Knights,2022,espn,ncaafb,
2685,Wartburg College Knights,2023,espn,ncaafb,
2685,Wartburg College Knights,2024,espn,ncaafb,
2685,Wartburg College Knights,2025,espn,ncaafb,
2686,Washington & Jefferson Presidents,2007,espn,ncaafb,
2686,Washington & Jefferson Presidents,2008,espn,ncaafb,
2686,Washington & Jefferson Presidents,2009,espn,ncaafb,
2686,Washington & Jefferson Presidents,2010,espn,ncaafb,
2686,Washington & Jefferson Presidents,2011,espn,ncaafb,
2686,Washington & Jefferson Presidents,2012,espn,ncaafb,
2686,Washington & Jefferson Presidents,2013,espn,ncaafb,
2686,Washington & Jefferson Presidents,2014,espn,ncaafb,
2686,Washington & Jefferson Presidents,2015,espn,ncaafb,
2686,Washington & Jefferson Presidents,2016,espn,ncaafb,
2686,Washington & Jefferson Presidents,2017,espn,ncaafb,
2686,Washington & Jefferson Presidents,2018,espn,ncaafb,
2686,Washington & Jefferson Presidents,2019,espn,ncaafb,
2686,Washington & Jefferson Presidents,2021,espn,ncaafb,
2686,Washington & Jefferson Presidents,2022,espn,ncaafb,
2686,Washington & Jefferson Presidents,2023,espn,ncaafb,
2686,Washington & Jefferson Presidents,2024,espn,ncaafb,
2686,Washington & Jefferson Presidents,2025,espn,ncaafb,
2687,Washburn Ichabods,2007,espn,ncaafb,
2687,Washburn Ichabods,2008,espn,ncaafb,
2687,Washburn Ichabods,2009,espn,ncaafb,
2687,Washburn Ichabods,2010,espn,ncaafb,
2687,Washburn Ichabods,2011,espn,ncaafb,
2687,Washburn Ichabods,2012,espn,ncaafb,
2687,Washburn Ichabods,2013,espn,ncaafb,
2687,Washburn Ichabods,2014,espn,ncaafb,
2687,Washburn Ichabods,2015,espn,ncaafb,
2687,Washburn Ichabods,2016,espn,ncaafb,
2687,Washburn Ichabods,2017,espn,ncaafb,
2687,Washburn Ichabods,2018,espn,ncaafb,
2687,Washburn Ichabods,2019,espn,ncaafb,
2687,Washburn Ichabods,2021,espn,ncaafb,
2687,Washburn Ichabods,2022,espn,ncaafb,
2687,Washburn Ichabods,2023,espn,ncaafb,
2687,Washburn Ichabods,2024,espn,ncaafb,
2687,Washburn Ichabods,2025,espn,ncaafb,
2688,Washington & Lee Generals,2007,espn,ncaafb,
2688,Washington & Lee Generals,2008,espn,ncaafb,
2688,Washington & Lee Generals,2009,espn,ncaafb,
2688,Washington & Lee Generals,2010,espn,ncaafb,
2688,Washington & Lee Generals,2011,espn,ncaafb,
2688,Washington & Lee Generals,2012,espn,ncaafb,
2688,Washington & Lee Generals,2013,espn,ncaafb,
2688,Washington & Lee Generals,2014,espn,ncaafb,
2688,Washington & Lee Generals,2015,espn,ncaafb,
2688,Washington & Lee Generals,2016,espn,ncaafb,
2688,Washington & Lee Generals,2017,espn,ncaafb,
2688,Washington & Lee University Generals,2018,espn,ncaafb,
2688,Washington & Lee University Generals,2019,espn,ncaafb,
2688,Washington & Lee University Generals,2021,espn,ncaafb,
2688,Washington & Lee University Generals,2022,espn,ncaafb,
2688,Washington and Lee Generals,2023,espn,ncaafb,
2688,Washington and Lee Generals,2024,espn,ncaafb,
2688,Washington and Lee Generals,2025,espn,ncaafb,
2691,Webber International Warriors,2003,espn,ncaafb,
2691,Webber International Warriors,2004,espn,ncaafb,
2691,Webber International Warriors,2005,espn,ncaafb,
2691,Webber International Warriors,2006,espn,ncaafb,
2691,Webber International Warriors,2007,espn,ncaafb,
2691,Webber International Warriors,2008,espn,ncaafb,
2691,Webber International Warriors,2009,espn,ncaafb,
2691,Webber International Warriors,2010,espn,ncaafb,
2691,Webber International Warriors,2011,espn,ncaafb,
2691,Webber International Warriors,2012,espn,ncaafb,
2691,Webber International Warriors,2013,espn,ncaafb,
2691,Webber International Warriors,2014,espn,ncaafb,
2691,Webber International Warriors,2015,espn,ncaafb,
2691,Webber International Warriors,2016,espn,ncaafb,
2691,Webber International Warriors,2023,espn,ncaafb,
2691,Webber International Warriors,2024,espn,ncaafb,
2691,Webber International Warriors,2025,espn,ncaafb,
2692,Weber State Wildcats,2001,espn,ncaafb,
2692,Weber State Wildcats,2002,espn,ncaafb,
2692,Weber State Wildcats,2003,espn,ncaafb,
2692,Weber State Wildcats,2004,espn,ncaafb,
2692,Weber State Wildcats,2005,espn,ncaafb,
2692,Weber State Wildcats,2006,espn,ncaafb,
2692,Weber State Wildcats,2007,espn,ncaafb,
2692,Weber State Wildcats,2008,espn,ncaafb,
2692,Weber State Wildcats,2009,espn,ncaafb,
2692,Weber State Wildcats,2010,espn,ncaafb,
2692,Weber State Wildcats,2011,espn,ncaafb,
2692,Weber State Wildcats,2012,espn,ncaafb,
2692,Weber State Wildcats,2013,espn,ncaafb,
2692,Weber State Wildcats,2014,espn,ncaafb,
2692,Weber State Wildcats,2015,espn,ncaafb,
2692,Weber State Wildcats,2016,espn,ncaafb,
2692,Weber State Wildcats,2017,espn,ncaafb,
2692,Weber State Wildcats,2018,espn,ncaafb,
2692,Weber State Wildcats,2019,espn,ncaafb,
2692,Weber State Wildcats,2021,espn,ncaafb,
2692,Weber State Wildcats,2022,espn,ncaafb,
2692,Weber State Wildcats,2023,espn,ncaafb,
2692,Weber State Wildcats,2024,espn,ncaafb,
2692,Weber State Wildcats,2025,espn,ncaafb,
2695,West Alabama Tigers,2003,espn,ncaafb,
2695,West Alabama Tigers,2004,espn,ncaafb,
2695,West Alabama Tigers,2006,espn,ncaafb,
2695,West Alabama Tigers,2007,espn,ncaafb,
2695,West Alabama Tigers,2008,espn,ncaafb,
2695,West Alabama Tigers,2009,espn,ncaafb,
2695,West Alabama Tigers,2010,espn,ncaafb,
2695,West Alabama Tigers,2011,espn,ncaafb,
2695,West Alabama Tigers,2012,espn,ncaafb,
2695,West Alabama Tigers,2013,espn,ncaafb,
2695,West Alabama Tigers,2014,espn,ncaafb,
2695,West Alabama Tigers,2015,espn,ncaafb,
2695,West Alabama Tigers,2016,espn,ncaafb,
2695,West Alabama Tigers,2017,espn,ncaafb,
2695,West Alabama Tigers,2018,espn,ncaafb,
2695,West Alabama Tigers,2019,espn,ncaafb,
2695,West Alabama Tigers,2021,espn,ncaafb,
2695,West Alabama Tigers,2022,espn,ncaafb,
2695,West Alabama Tigers,2023,espn,ncaafb,
2695,West Alabama Tigers,2024,espn,ncaafb,
2695,West Alabama Tigers,2025,espn,ncaafb,
2698,West Georgia Wolves,2006,espn,ncaafb,
2698,West Georgia Wolves,2007,espn,ncaafb,
2698,West Georgia Wolves,2008,espn,ncaafb,
2698,West Georgia Wolves,2009,espn,ncaafb,
2698,West Georgia Wolves,2010,espn,ncaafb,
2698,West Georgia Wolves,2011,espn,ncaafb,
2698,West Georgia Wolves,2012,espn,ncaafb,
2698,West Georgia Wolves,2013,espn,ncaafb,
2698,West Georgia Wolves,2014,espn,ncaafb,
2698,West Georgia Wolves,2015,espn,ncaafb,
2698,West Georgia Wolves,2016,espn,ncaafb,
2698,West Georgia Wolves,2017,espn,ncaafb,
2698,West Georgia Wolves,2018,espn,ncaafb,
2698,West Georgia Wolves,2019,espn,ncaafb,
2698,West Georgia Wolves,2021,espn,ncaafb,
2698,West Georgia Wolves,2022,espn,ncaafb,
2698,West Georgia Wolves,2023,espn,ncaafb,
2698,West Georgia Wolves,2024,espn,ncaafb,
2698,West Georgia Wolves,2025,espn,ncaafb,
2699,West Liberty Hilltoppers,2002,espn,ncaafb,
2699,West Liberty Hilltoppers,2006,espn,ncaafb,
2699,West Liberty Hilltoppers,2007,espn,ncaafb,
2699,West Liberty Hilltoppers,2008,espn,ncaafb,
2699,West Liberty Hilltoppers,2009,espn,ncaafb,
2699,West Liberty Hilltoppers,2010,espn,ncaafb,
2699,West Liberty Hilltoppers,2011,espn,ncaafb,
2699,West Liberty Hilltoppers,2012,espn,ncaafb,
2699,West Liberty Hilltoppers,2013,espn,ncaafb,
2699,West Liberty Hilltoppers,2014,espn,ncaafb,
2699,West Liberty Hilltoppers,2015,espn,ncaafb,
2699,West Liberty Hilltoppers,2016,espn,ncaafb,
2699,West Liberty Hilltoppers,2017,espn,ncaafb,
2699,West Liberty Hilltoppers,2018,espn,ncaafb,
2699,West Liberty Hilltoppers,2019,espn,ncaafb,
2699,West Liberty Hilltoppers,2021,espn,ncaafb,
2699,West Liberty Hilltoppers,2022,espn,ncaafb,
2699,West Liberty Hilltoppers,2023,espn,ncaafb,
2699,West Liberty Hilltoppers,2024,espn,ncaafb,
2699,West Liberty Hilltoppers,2025,espn,ncaafb,
2700,McDaniel College Terrors,2001,espn,ncaafb,
2700,McDaniel College Terrors,2007,espn,ncaafb,
2700,McDaniel College Terrors,2008,espn,ncaafb,
2700,McDaniel College Terrors,2009,espn,ncaafb,
2700,McDaniel College Terrors,2010,espn,ncaafb,
2700,McDaniel College Terrors,2011,espn,ncaafb,
2700,McDaniel College Terrors,2012,espn,ncaafb,
2700,McDaniel College Terrors,2013,espn,ncaafb,
2700,McDaniel College Terrors,2014,espn,ncaafb,
2700,McDaniel College Terrors,2015,espn,ncaafb,
2700,McDaniel College Terrors,2016,espn,ncaafb,
2700,McDaniel College Terrors,2017,espn,ncaafb,
2700,McDaniel College Green Terror,2018,espn,ncaafb,
2700,McDaniel College Green Terror,2019,espn,ncaafb,
2700,McDaniel College Green Terror,2020,espn,ncaafb,
2700,McDaniel College Green Terror,2021,espn,ncaafb,
2700,McDaniel College Green Terror,2022,espn,ncaafb,
2700,McDaniel College Green Terror,2023,espn,ncaafb,
2700,McDaniel College Green Terror,2024,espn,ncaafb,
2700,McDaniel College Green Terror,2025,espn,ncaafb,
2701,Montana-Western Bulldogs,2003,espn,ncaafb,
2701,Montana-Western Bulldogs,2004,espn,ncaafb,
2701,Montana Western Bulldogs,2005,espn,ncaafb,
2701,Montana Western Bulldogs,2007,espn,ncaafb,
2701,Montana-Western Bulldogs,2008,espn,ncaafb,
2701,Montana-Western Bulldogs,2010,espn,ncaafb,
2701,Montana-Western Bulldogs,2011,espn,ncaafb,
2701,Montana-Western Bulldogs,2014,espn,ncaafb,
2701,Montana-Western Bulldogs,2017,espn,ncaafb,
2701,Montana-Western Bulldogs,2023,espn,ncaafb,
2701,Montana-Western Bulldogs,2024,espn,ncaafb,
2702,Western New England Golden Bears,2007,espn,ncaafb,
2702,Western New England Golden Bears,2008,espn,ncaafb,
2702,Western New England Golden Bears,2009,espn,ncaafb,
2702,Western New England Golden Bears,2010,espn,ncaafb,
2702,Western New England Golden Bears,2011,espn,ncaafb,
2702,Western New England Golden Bears,2012,espn,ncaafb,
2702,Western New England Golden Bears,2013,espn,ncaafb,
2702,Western New England Golden Bears,2014,espn,ncaafb,
2702,Western New England Golden Bears,2015,espn,ncaafb,
2702,Western New England Golden Bears,2016,espn,ncaafb,
2702,Western New England Golden Bears,2017,espn,ncaafb,
2702,Western New England Golden Bears,2018,espn,ncaafb,
2702,Western New England Golden Bears,2019,espn,ncaafb,
2702,Western New England Golden Bears,2020,espn,ncaafb,
2702,Western New England Golden Bears,2021,espn,ncaafb,
2702,Western New England Golden Bears,2022,espn,ncaafb,
2702,Western New England Golden Bears,2023,espn,ncaafb,
2702,Western New England Golden Bears,2024,espn,ncaafb,
2702,Western New England Golden Bears,2025,espn,ncaafb,
2703,Western New Mexico Mustangs,2003,espn,ncaafb,
2703,Western New Mexico Mustangs,2004,espn,ncaafb,
2703,Western New Mexico Mustangs,2006,espn,ncaafb,
2703,Western New Mexico Mustangs,2007,espn,ncaafb,
2703,Western New Mexico Mustangs,2008,espn,ncaafb,
2703,Western New Mexico Mustangs,2009,espn,ncaafb,
2703,Western New Mexico Mustangs,2010,espn,ncaafb,
2703,Western New Mexico Mustangs,2011,espn,ncaafb,
2703,Western New Mexico Mustangs,2012,espn,ncaafb,
2703,Western New Mexico Mustangs,2013,espn,ncaafb,
2703,Western New Mexico Mustangs,2014,espn,ncaafb,
2703,Western New Mexico Mustangs,2015,espn,ncaafb,
2703,Western New Mexico Mustangs,2016,espn,ncaafb,
2703,Western New Mexico Mustangs,2017,espn,ncaafb,
2703,Western New Mexico Mustangs,2018,espn,ncaafb,
2703,Western New Mexico Mustangs,2019,espn,ncaafb,
2703,Western New Mexico Mustangs,2021,espn,ncaafb,
2703,Western New Mexico Mustangs,2022,espn,ncaafb,
2703,Western New Mexico Mustangs,2023,espn,ncaafb,
2703,Western New Mexico Mustangs,2024,espn,ncaafb,
2703,Western New Mexico Mustangs,2025,espn,ncaafb,
2704,West Texas A&M Buffaloes,2007,espn,ncaafb,
2704,West Texas A&M Buffaloes,2008,espn,ncaafb,
2704,West Texas A&M Buffaloes,2009,espn,ncaafb,
2704,West Texas A&M Buffaloes,2010,espn,ncaafb,
2704,West Texas A&M Buffaloes,2011,espn,ncaafb,
2704,West Texas A&M Buffaloes,2012,espn,ncaafb,
2704,West Texas A&M Buffaloes,2013,espn,ncaafb,
2704,West Texas A&M Buffaloes,2014,espn,ncaafb,
2704,West Texas A&M Buffaloes,2015,espn,ncaafb,
2704,West Texas A&M Buffaloes,2016,espn,ncaafb,
2704,West Texas A&M Buffaloes,2017,espn,ncaafb,
2704,West Texas A&M Buffaloes,2018,espn,ncaafb,
2704,West Texas A&M Buffaloes,2019,espn,ncaafb,
2704,West Texas A&M Buffaloes,2020,espn,ncaafb,
2704,West Texas A&M Buffaloes,2021,espn,ncaafb,
2704,West Texas A&M Buffaloes,2022,espn,ncaafb,
2704,West Texas A&M Buffaloes,2023,espn,ncaafb,
2704,West Texas A&M Buffaloes,2024,espn,ncaafb,
2704,West Texas A&M Buffaloes,2025,espn,ncaafb,
2706,West Virginia Tech Golden Bears,2001,espn,ncaafb,
2706,West Virginia Tech Golden Bears,2002,espn,ncaafb,
2706,West Virginia Tech Golden Bears,2003,espn,ncaafb,
2706,West Virginia Tech Golden Bears,2004,espn,ncaafb,
2706,WVU Tech Golden Bears,2005,espn,ncaafb,
2706,West Virginia Tech Golden Bears,2006,espn,ncaafb,
2706,West Virginia Tech Golden Bears,2007,espn,ncaafb,
2706,West Virginia Tech Golden Bears,2008,espn,ncaafb,
2706,West Virginia Tech Golden Bears,2009,espn,ncaafb,
2706,West Virginia Tech Golden Bears,2010,espn,ncaafb,
2706,West Virginia Tech Golden Bears,2011,espn,ncaafb,
2707,WV State Yellow Jackets,2001,espn,ncaafb,
2707,WV State Yellow Jackets,2002,espn,ncaafb,
2707,WV State Yellow Jackets,2003,espn,ncaafb,
2707,WV State Yellow Jackets,2004,espn,ncaafb,
2707,WV State Yellow Jackets,2006,espn,ncaafb,
2707,WV State Yellow Jackets,2007,espn,ncaafb,
2707,WV State Yellow Jackets,2008,espn,ncaafb,
2707,WV State Yellow Jackets,2009,espn,ncaafb,
2707,WV State Yellow Jackets,2010,espn,ncaafb,
2707,WV State Yellow Jackets,2011,espn,ncaafb,
2707,WV State Yellow Jackets,2012,espn,ncaafb,
2707,WV State Yellow Jackets,2013,espn,ncaafb,
2707,WV State Yellow Jackets,2014,espn,ncaafb,
2707,WV State Yellow Jackets,2015,espn,ncaafb,
2707,WV State Yellow Jackets,2016,espn,ncaafb,
2707,WV State Yellow Jackets,2017,espn,ncaafb,
2707,WV State Yellow Jackets,2018,espn,ncaafb,
2707,West Virginia State Yellow Jackets,2019,espn,ncaafb,
2707,West Virginia State Yellow Jackets,2021,espn,ncaafb,
2707,West Virginia State Yellow Jackets,2022,espn,ncaafb,
2707,West Virginia State Yellow Jackets,2023,espn,ncaafb,
2707,West Virginia State Yellow Jackets,2024,espn,ncaafb,
2707,West Virginia State Yellow Jackets,2025,espn,ncaafb,
2710,Western Illinois Leathernecks,2001,espn,ncaafb,
2710,Western Illinois Leathernecks,2002,espn,ncaafb,
2710,Western Illinois Leathernecks,2003,espn,ncaafb,
2710,Western Illinois Leathernecks,2004,espn,ncaafb,
2710,Western Illinois Leathernecks,2005,espn,ncaafb,
2710,Western Illinois Leathernecks,2006,espn,ncaafb,
2710,Western Illinois Leathernecks,2007,espn,ncaafb,
2710,Western Illinois Leathernecks,2008,espn,ncaafb,
2710,Western Illinois Leathernecks,2009,espn,ncaafb,
2710,Western Illinois Leathernecks,2010,espn,ncaafb,
2710,Western Illinois Leathernecks,2011,espn,ncaafb,
2710,Western Illinois Leathernecks,2012,espn,ncaafb,
2710,Western Illinois Leathernecks,2013,espn,ncaafb,
2710,Western Illinois Leathernecks,2014,espn,ncaafb,
2710,Western Illinois Leathernecks,2015,espn,ncaafb,
2710,Western Illinois Leathernecks,2016,espn,ncaafb,
2710,Western Illinois Leathernecks,2017,espn,ncaafb,
2710,Western Illinois Leathernecks,2018,espn,ncaafb,
2710,Western Illinois Leathernecks,2019,espn,ncaafb,
2710,Western Illinois Leathernecks,2021,espn,ncaafb,
2710,Western Illinois Leathernecks,2022,espn,ncaafb,
2710,Western Illinois Leathernecks,2023,espn,ncaafb,
2710,Western Illinois Leathernecks,2024,espn,ncaafb,
2710,Western Illinois Leathernecks,2025,espn,ncaafb,
2711,Western Michigan Broncos,2001,espn,ncaafb,
2711,Western Michigan Broncos,2002,espn,ncaafb,
2711,Western Michigan Broncos,2003,espn,ncaafb,
2711,Western Michigan Broncos,2004,espn,ncaafb,
2711,Western Michigan Broncos,2005,espn,ncaafb,
2711,Western Michigan Broncos,2006,espn,ncaafb,
2711,Western Michigan Broncos,2007,espn,ncaafb,
2711,Western Michigan Broncos,2008,espn,ncaafb,
2711,Western Michigan Broncos,2009,espn,ncaafb,
2711,Western Michigan Broncos,2010,espn,ncaafb,
2711,Western Michigan Broncos,2011,espn,ncaafb,
2711,Western Michigan Broncos,2012,espn,ncaafb,
2711,Western Michigan Broncos,2013,espn,ncaafb,
2711,Western Michigan Broncos,2014,espn,ncaafb,
2711,Western Michigan Broncos,2015,espn,ncaafb,
2711,Western Michigan Broncos,2016,espn,ncaafb,
2711,Western Michigan Broncos,2017,espn,ncaafb,
2711,Western Michigan Broncos,2018,espn,ncaafb,
2711,Western Michigan Broncos,2019,espn,ncaafb,
2711,Western Michigan Broncos,2020,espn,ncaafb,
2711,Western Michigan Broncos,2021,espn,ncaafb,
2711,Western Michigan Broncos,2022,espn,ncaafb,
2711,Western Michigan Broncos,2023,espn,ncaafb,
2711,Western Michigan Broncos,2024,espn,ncaafb,
2711,Western Michigan Broncos,2025,espn,ncaafb,
2714,Western State Mountaineers,2002,espn,ncaafb,
2714,Western State Mountaineers,2003,espn,ncaafb,
2714,Western State Mountaineers,2004,espn,ncaafb,
2714,Western Colorado Mountaineers,2005,espn,ncaafb,
2714,Western State Mountaineers,2006,espn,ncaafb,
2714,Western State Mountaineers,2007,espn,ncaafb,
2714,Western State Mountaineers,2008,espn,ncaafb,
2714,Western State Mountaineers,2009,espn,ncaafb,
2714,Western State Mountaineers,2010,espn,ncaafb,
2714,Western State Mountaineers,2011,espn,ncaafb,
2714,Western State Mountaineers,2012,espn,ncaafb,
2714,Western State Mountaineers,2013,espn,ncaafb,
2714,Western State Mountaineers,2014,espn,ncaafb,
2714,Western State Mountaineers,2015,espn,ncaafb,
2714,Western State Mountaineers,2016,espn,ncaafb,
2714,Western State Mountaineers,2017,espn,ncaafb,
2714,Western State Colorado Mountaineers,2018,espn,ncaafb,
2714,Western Colorado Mountaineers,2019,espn,ncaafb,
2714,Western Colorado Mountaineers,2020,espn,ncaafb,
2714,Western Colorado Mountaineers,2021,espn,ncaafb,
2714,Western Colorado Mountaineers,2022,espn,ncaafb,
2714,Western Colorado Mountaineers,2023,espn,ncaafb,
2714,Western Colorado Mountaineers,2024,espn,ncaafb,
2714,Western Colorado Mountaineers,2025,espn,ncaafb,
2717,Western Carolina Catamounts,2001,espn,ncaafb,
2717,Western Carolina Catamounts,2002,espn,ncaafb,
2717,Western Carolina Catamounts,2003,espn,ncaafb,
2717,Western Carolina Catamounts,2004,espn,ncaafb,
2717,Western Carolina Catamounts,2005,espn,ncaafb,
2717,Western Carolina Catamounts,2006,espn,ncaafb,
2717,Western Carolina Catamounts,2007,espn,ncaafb,
2717,Western Carolina Catamounts,2008,espn,ncaafb,
2717,Western Carolina Catamounts,2009,espn,ncaafb,
2717,Western Carolina Catamounts,2010,espn,ncaafb,
2717,Western Carolina Catamounts,2011,espn,ncaafb,
2717,Western Carolina Catamounts,2012,espn,ncaafb,
2717,Western Carolina Catamounts,2013,espn,ncaafb,
2717,Western Carolina Catamounts,2014,espn,ncaafb,
2717,Western Carolina Catamounts,2015,espn,ncaafb,
2717,Western Carolina Catamounts,2016,espn,ncaafb,
2717,Western Carolina Catamounts,2017,espn,ncaafb,
2717,Western Carolina Catamounts,2018,espn,ncaafb,
2717,Western Carolina Catamounts,2019,espn,ncaafb,
2717,Western Carolina Catamounts,2020,espn,ncaafb,
2717,Western Carolina Catamounts,2021,espn,ncaafb,
2717,Western Carolina Catamounts,2022,espn,ncaafb,
2717,Western Carolina Catamounts,2023,espn,ncaafb,
2717,Western Carolina Catamounts,2024,espn,ncaafb,
2717,Western Carolina Catamounts,2025,espn,ncaafb,
2721,Whitworth Pirates,2006,espn,ncaafb,
2721,Whitworth Pirates,2007,espn,ncaafb,
2721,Whitworth Pirates,2008,espn,ncaafb,
2721,Whitworth Pirates,2009,espn,ncaafb,
2721,Whitworth Pirates,2010,espn,ncaafb,
2721,Whitworth Pirates,2011,espn,ncaafb,
2721,Whitworth Pirates,2012,espn,ncaafb,
2721,Whitworth Pirates,2013,espn,ncaafb,
2721,Whitworth Pirates,2014,espn,ncaafb,
2721,Whitworth Pirates,2015,espn,ncaafb,
2721,Whitworth Pirates,2016,espn,ncaafb,
2721,Whitworth Pirates,2017,espn,ncaafb,
2721,Whitworth Pirates,2018,espn,ncaafb,
2721,Whitworth Pirates,2019,espn,ncaafb,
2721,Whitworth Pirates,2021,espn,ncaafb,
2721,Whitworth Pirates,2022,espn,ncaafb,
2721,Whitworth Pirates,2023,espn,ncaafb,
2721,Whitworth Pirates,2024,espn,ncaafb,
2721,Whitworth Pirates,2025,espn,ncaafb,
2723,UW-River Falls Falcons,2007,espn,ncaafb,
2723,UW-River Falls Falcons,2008,espn,ncaafb,
2723,UW-River Falls Falcons,2009,espn,ncaafb,
2723,UW-River Falls Falcons,2010,espn,ncaafb,
2723,UW-River Falls Falcons,2011,espn,ncaafb,
2723,UW-River Falls Falcons,2012,espn,ncaafb,
2723,UW-River Falls Falcons,2013,espn,ncaafb,
2723,UW-River Falls Falcons,2014,espn,ncaafb,
2723,UW-River Falls Falcons,2015,espn,ncaafb,
2723,UW-River Falls Falcons,2016,espn,ncaafb,
2723,UW-River Falls Falcons,2017,espn,ncaafb,
2723,Wisconsin-River Falls Falcons,2018,espn,ncaafb,
2723,Wisconsin-River Falls Falcons,2019,espn,ncaafb,
2723,Wisconsin-River Falls Falcons,2021,espn,ncaafb,
2723,Wisconsin-River Falls Falcons,2022,espn,ncaafb,
2723,Wisconsin-River Falls Falcons,2023,espn,ncaafb,
2723,Wisconsin-River Falls Falcons,2024,espn,ncaafb,
2723,Wisconsin-River Falls Falcons,2025,espn,ncaafb,
2725,Widener Pride,2007,espn,ncaafb,
2725,Widener Pride,2008,espn,ncaafb,
2725,Widener Pride,2009,espn,ncaafb,
2725,Widener Pride,2010,espn,ncaafb,
2725,Widener Pride,2011,espn,ncaafb,
2725,Widener Pride,2012,espn,ncaafb,
2725,Widener Pride,2013,espn,ncaafb,
2725,Widener Pride,2014,espn,ncaafb,
2725,Widener Pride,2015,espn,ncaafb,
2725,Widener Pride,2016,espn,ncaafb,
2725,Widener Pride,2017,espn,ncaafb,
2725,Widener University Pride,2018,espn,ncaafb,
2725,Widener University Pride,2019,espn,ncaafb,
2725,Widener University Pride,2020,espn,ncaafb,
2725,Widener University Pride,2021,espn,ncaafb,
2725,Widener University Pride,2022,espn,ncaafb,
2725,Widener University Pride,2023,espn,ncaafb,
2725,Widener Pride,2024,espn,ncaafb,
2725,Widener Pride,2025,espn,ncaafb,
2729,William & Mary Tribe,2001,espn,ncaafb,
2729,William & Mary Tribe,2002,espn,ncaafb,
2729,William & Mary Tribe,2003,espn,ncaafb,
2729,William & Mary Tribe,2004,espn,ncaafb,
2729,William & Mary Tribe,2005,espn,ncaafb,
2729,William & Mary Tribe,2006,espn,ncaafb,
2729,William & Mary Tribe,2007,espn,ncaafb,
2729,William & Mary Tribe,2008,espn,ncaafb,
2729,William & Mary Tribe,2009,espn,ncaafb,
2729,William & Mary Tribe,2010,espn,ncaafb,
2729,William & Mary Tribe,2011,espn,ncaafb,
2729,William & Mary Tribe,2012,espn,ncaafb,
2729,William & Mary Tribe,2013,espn,ncaafb,
2729,William & Mary Tribe,2014,espn,ncaafb,
2729,William & Mary Tribe,2015,espn,ncaafb,
2729,William & Mary Tribe,2016,espn,ncaafb,
2729,William & Mary Tribe,2017,espn,ncaafb,
2729,William & Mary Tribe,2018,espn,ncaafb,
2729,William & Mary Tribe,2019,espn,ncaafb,
2729,William & Mary Tribe,2021,espn,ncaafb,
2729,William & Mary Tribe,2022,espn,ncaafb,
2729,William & Mary Tribe,2023,espn,ncaafb,
2729,William & Mary Tribe,2024,espn,ncaafb,
2729,William & Mary Tribe,2025,espn,ncaafb,
2731,Williams Ephs,2007,espn,ncaafb,
2731,Williams Ephs,2008,espn,ncaafb,
2731,Williams Ephs,2009,espn,ncaafb,
2731,Williams Ephs,2010,espn,ncaafb,
2731,Williams Ephs,2011,espn,ncaafb,
2731,Williams Ephs,2012,espn,ncaafb,
2731,Williams Ephs,2013,espn,ncaafb,
2731,Williams Ephs,2014,espn,ncaafb,
2731,Williams Ephs,2015,espn,ncaafb,
2731,Williams Ephs,2016,espn,ncaafb,
2731,Williams Ephs,2017,espn,ncaafb,
2731,Williams College Ephs,2018,espn,ncaafb,
2731,Williams College Ephs,2019,espn,ncaafb,
2731,Williams College Ephs,2021,espn,ncaafb,
2731,Williams College Ephs,2022,espn,ncaafb,
2731,Williams Ephs,2023,espn,ncaafb,
2731,Williams Ephs,2024,espn,ncaafb,
2731,Williams Ephs,2025,espn,ncaafb,
2733,Wilmington (OH) Quakers,2007,espn,ncaafb,
2733,Wilmington (OH) Quakers,2008,espn,ncaafb,
2733,Wilmington (OH) Quakers,2009,espn,ncaafb,
2733,Wilmington (OH) Quakers,2010,espn,ncaafb,
2733,Wilmington (OH) Quakers,2011,espn,ncaafb,
2733,Wilmington (OH) Quakers,2012,espn,ncaafb,
2733,Wilmington (OH) Quakers,2013,espn,ncaafb,
2733,Wilmington (OH) Quakers,2014,espn,ncaafb,
2733,Wilmington (OH) Quakers,2015,espn,ncaafb,
2733,Wilmington (OH) Quakers,2016,espn,ncaafb,
2733,Wilmington (OH) Quakers,2017,espn,ncaafb,
2733,Wilmington (OH) Fightin' Quakers,2018,espn,ncaafb,
2733,Wilmington College Fightin' Quakers,2019,espn,ncaafb,
2733,Wilmington College Fightin' Quakers,2021,espn,ncaafb,
2733,Wilmington College Fightin' Quakers,2022,espn,ncaafb,
2733,Wilmington (OH) Fightin' Quakers,2023,espn,ncaafb,
2733,Wilmington (OH) Fightin' Quakers,2024,espn,ncaafb,
2733,Wilmington (OH) Fightin' Quakers,2025,espn,ncaafb,
2736,Winston-Salem Rams,2006,espn,ncaafb,
2736,Winston-Salem Rams,2007,espn,ncaafb,
2736,Winston-Salem Rams,2008,espn,ncaafb,
2736,Winston-Salem Rams,2009,espn,ncaafb,
2736,Winston-Salem Rams,2010,espn,ncaafb,
2736,Winston-Salem Rams,2011,espn,ncaafb,
2736,Winston-Salem Rams,2012,espn,ncaafb,
2736,Winston-Salem Rams,2013,espn,ncaafb,
2736,Winston-Salem Rams,2014,espn,ncaafb,
2736,Winston-Salem Rams,2015,espn,ncaafb,
2736,Winston-Salem Rams,2016,espn,ncaafb,
2736,Winston-Salem Rams,2017,espn,ncaafb,
2736,Winston-Salem Rams,2018,espn,ncaafb,
2736,Winston-Salem Rams,2019,espn,ncaafb,
2736,Winston-Salem Rams,2020,espn,ncaafb,
2736,Winston-Salem Rams,2021,espn,ncaafb,
2736,Winston-Salem Rams,2022,espn,ncaafb,
2736,Winston-Salem Rams,2023,espn,ncaafb,
2736,Winston-Salem Rams,2024,espn,ncaafb,
2736,Winston-Salem Rams,2025,espn,ncaafb,
2738,Wisconsin-Eau Claire Blugolds,2001,espn,ncaafb,
2738,Wisconsin-Eau Claire Blugolds,2007,espn,ncaafb,
2738,Wisconsin-Eau Claire Blugolds,2008,espn,ncaafb,
2738,Wisconsin-Eau Claire Blugolds,2009,espn,ncaafb,
2738,Wisconsin-Eau Claire Blugolds,2010,espn,ncaafb,
2738,Wisconsin-Eau Claire Blugolds,2011,espn,ncaafb,
2738,Wisconsin-Eau Claire Blugolds,2012,espn,ncaafb,
2738,Wisconsin-Eau Claire Blugolds,2013,espn,ncaafb,
2738,Wisconsin-Eau Claire Blugolds,2014,espn,ncaafb,
2738,Wisconsin-Eau Claire Blugolds,2015,espn,ncaafb,
2738,Wisconsin-Eau Claire Blugolds,2016,espn,ncaafb,
2738,Wisconsin-Eau Claire Blugolds,2017,espn,ncaafb,
2738,Wisconsin-Eau Claire Blugolds,2018,espn,ncaafb,
2738,Wisconsin-Eau Claire Blugolds,2019,espn,ncaafb,
2738,Wisconsin-Eau Claire Blugolds,2021,espn,ncaafb,
2738,Wisconsin-Eau Claire Blugolds,2022,espn,ncaafb,
2738,Wisconsin-Eau Claire Blugolds,2023,espn,ncaafb,
2738,Wisconsin-Eau Claire Blugolds,2024,espn,ncaafb,
2738,Wisconsin-Eau Claire Blugolds,2025,espn,ncaafb,
2740,Wisconsin-La Crosse Eagles,2002,espn,ncaafb,
2740,Wisconsin La Crosse Eagles,2005,espn,ncaafb,
2740,Wisconsin-La Crosse Eagles,2006,espn,ncaafb,
2740,Wisconsin-La Crosse Eagles,2007,espn,ncaafb,
2740,Wisconsin-La Crosse Eagles,2008,espn,ncaafb,
2740,Wisconsin-La Crosse Eagles,2009,espn,ncaafb,
2740,Wisconsin-La Crosse Eagles,2010,espn,ncaafb,
2740,Wisconsin-La Crosse Eagles,2011,espn,ncaafb,
2740,Wisconsin-La Crosse Eagles,2012,espn,ncaafb,
2740,Wisconsin-La Crosse Eagles,2013,espn,ncaafb,
2740,Wisconsin-La Crosse Eagles,2014,espn,ncaafb,
2740,Wisconsin-La Crosse Eagles,2015,espn,ncaafb,
2740,Wisconsin-La Crosse Eagles,2016,espn,ncaafb,
2740,Wisconsin-La Crosse Eagles,2017,espn,ncaafb,
2740,Wisconsin-La Crosse Eagles,2018,espn,ncaafb,
2740,Wisconsin-La Crosse Eagles,2019,espn,ncaafb,
2740,Wisconsin-La Crosse Eagles,2021,espn,ncaafb,
2740,Wisconsin-La Crosse Eagles,2022,espn,ncaafb,
2740,Wisconsin-La Crosse Eagles,2023,espn,ncaafb,
2740,Wisconsin-Lacrosse Eagles,2024,espn,ncaafb,
2740,Wisconsin-Lacrosse Eagles,2025,espn,ncaafb,
2741,Wisconsin Lutheran Warriors,2003,espn,ncaafb,
2741,Wisconsin Lutheran Warriors,2004,espn,ncaafb,
2741,Wisconsin Lutheran Warriors,2005,espn,ncaafb,
2741,Wisconsin Lutheran Warriors,2006,espn,ncaafb,
2741,Wisconsin Lutheran Warriors,2007,espn,ncaafb,
2741,Wisconsin Lutheran Warriors,2008,espn,ncaafb,
2741,Wisconsin Lutheran Warriors,2009,espn,ncaafb,
2741,Wisconsin Lutheran Warriors,2010,espn,ncaafb,
2741,Wisconsin Lutheran Warriors,2011,espn,ncaafb,
2741,Wisconsin Lutheran Warriors,2012,espn,ncaafb,
2741,Wisconsin Lutheran Warriors,2013,espn,ncaafb,
2741,Wisconsin Lutheran Warriors,2014,espn,ncaafb,
2741,Wisconsin Lutheran Warriors,2015,espn,ncaafb,
2741,Wisconsin Lutheran Warriors,2016,espn,ncaafb,
2741,Wisconsin Lutheran Warriors,2017,espn,ncaafb,
2741,Wisconsin Lutheran Warriors,2018,espn,ncaafb,
2741,Wisconsin Lutheran Warriors,2019,espn,ncaafb,
2741,Wisconsin Lutheran Warriors,2020,espn,ncaafb,
2741,Wisconsin Lutheran Warriors,2021,espn,ncaafb,
2741,Wisconsin Lutheran Warriors,2022,espn,ncaafb,
2741,Wisconsin Lutheran Warriors,2023,espn,ncaafb,
2741,Wisconsin Lutheran Warriors,2024,espn,ncaafb,
2741,Wisconsin Lutheran Warriors,2025,espn,ncaafb,
2743,Wisconsin-Stevens Point Pointers,2002,espn,ncaafb,
2743,Wisconsin-Stevens Point Pointers,2003,espn,ncaafb,
2743,Wisconsin-Stevens Point Pointers,2007,espn,ncaafb,
2743,Wisconsin-Stevens Point Pointers,2008,espn,ncaafb,
2743,Wisconsin-Stevens Point Pointers,2009,espn,ncaafb,
2743,Wisconsin-Stevens Point Pointers,2010,espn,ncaafb,
2743,Wisconsin-Stevens Point Pointers,2011,espn,ncaafb,
2743,Wisconsin-Stevens Point Pointers,2012,espn,ncaafb,
2743,Wisconsin-Stevens Point Pointers,2013,espn,ncaafb,
2743,Wisconsin-Stevens Point Pointers,2014,espn,ncaafb,
2743,Wisconsin-Stevens Point Pointers,2015,espn,ncaafb,
2743,Wisconsin-Stevens Point Pointers,2016,espn,ncaafb,
2743,Wisconsin-Stevens Point Pointers,2017,espn,ncaafb,
2743,Wisconsin-Stevens Point Pointers,2018,espn,ncaafb,
2743,Wisconsin-Stevens Point Pointers,2019,espn,ncaafb,
2743,Wisconsin-Stevens Point Pointers,2021,espn,ncaafb,
2743,Wisconsin-Stevens Point Pointers,2022,espn,ncaafb,
2743,Wisconsin-Stevens Point Pointers,2023,espn,ncaafb,
2743,Wisconsin-Stevens Pt Pointers,2024,espn,ncaafb,
2743,Wisconsin-Stevens Pt Pointers,2025,espn,ncaafb,
2744,UW-Stout Blue Devils,2007,espn,ncaafb,
2744,UW-Stout Blue Devils,2008,espn,ncaafb,
2744,UW-Stout Blue Devils,2009,espn,ncaafb,
2744,UW-Stout Blue Devils,2010,espn,ncaafb,
2744,UW-Stout Blue Devils,2011,espn,ncaafb,
2744,UW-Stout Blue Devils,2012,espn,ncaafb,
2744,UW-Stout Blue Devils,2013,espn,ncaafb,
2744,UW-Stout Blue Devils,2014,espn,ncaafb,
2744,UW-Stout Blue Devils,2015,espn,ncaafb,
2744,UW-Stout Blue Devils,2016,espn,ncaafb,
2744,UW-Stout Blue Devils,2017,espn,ncaafb,
2744,Wisconsin-Stout Blue Devils,2018,espn,ncaafb,
2744,Wisconsin-Stout Blue Devils,2019,espn,ncaafb,
2744,Wisconsin-Stout Blue Devils,2021,espn,ncaafb,
2744,Wisconsin-Stout Blue Devils,2022,espn,ncaafb,
2744,Wisconsin-Stout Blue Devils,2023,espn,ncaafb,
2744,Wisconsin-Stout Blue Devils,2024,espn,ncaafb,
2744,Wisconsin-Stout Blue Devils,2025,espn,ncaafb,
2745,UW-Whitewater Warhawks,2006,espn,ncaafb,
2745,UW-Whitewater Warhawks,2007,espn,ncaafb,
2745,UW-Whitewater Warhawks,2008,espn,ncaafb,
2745,UW-Whitewater Warhawks,2009,espn,ncaafb,
2745,UW-Whitewater Warhawks,2010,espn,ncaafb,
2745,UW-Whitewater Warhawks,2011,espn,ncaafb,
2745,UW-Whitewater Warhawks,2012,espn,ncaafb,
2745,UW-Whitewater Warhawks,2013,espn,ncaafb,
2745,UW-Whitewater Warhawks,2014,espn,ncaafb,
2745,UW-Whitewater Warhawks,2015,espn,ncaafb,
2745,UW-Whitewater Warhawks,2016,espn,ncaafb,
2745,UW-Whitewater Warhawks,2017,espn,ncaafb,
2745,Wisconsin-Whitewater Warhawks,2018,espn,ncaafb,
2745,Wisconsin-Whitewater Warhawks,2019,espn,ncaafb,
2745,Wisconsin-Whitewater Warhawks,2021,espn,ncaafb,
2745,Wisconsin-Whitewater Warhawks,2022,espn,ncaafb,
2745,Wisconsin-Whitewater Warhawks,2023,espn,ncaafb,
2745,Wisconsin-Whitewater Warhawks,2024,espn,ncaafb,
2745,Wisconsin-Whitewater Warhawks,2025,espn,ncaafb,
2746,Wittenberg Tigers,2005,espn,ncaafb,
2746,Wittenberg Tigers,2006,espn,ncaafb,
2746,Wittenberg Tigers,2007,espn,ncaafb,
2746,Wittenberg Tigers,2008,espn,ncaafb,
2746,Wittenberg Tigers,2009,espn,ncaafb,
2746,Wittenberg Tigers,2010,espn,ncaafb,
2746,Wittenberg Tigers,2011,espn,ncaafb,
2746,Wittenberg Tigers,2012,espn,ncaafb,
2746,Wittenberg Tigers,2013,espn,ncaafb,
2746,Wittenberg Tigers,2014,espn,ncaafb,
2746,Wittenberg Tigers,2015,espn,ncaafb,
2746,Wittenberg Tigers,2016,espn,ncaafb,
2746,Wittenberg Tigers,2017,espn,ncaafb,
2746,Wittenberg University Tigers,2018,espn,ncaafb,
2746,Wittenberg University Tigers,2019,espn,ncaafb,
2746,Wittenberg University Tigers,2021,espn,ncaafb,
2746,Wittenberg University Tigers,2022,espn,ncaafb,
2746,Wittenberg Tigers,2023,espn,ncaafb,
2746,Wittenberg Tigers,2024,espn,ncaafb,
2746,Wittenberg Tigers,2025,espn,ncaafb,
2747,Wofford Terriers,2001,espn,ncaafb,
2747,Wofford Terriers,2002,espn,ncaafb,
2747,Wofford Terriers,2003,espn,ncaafb,
2747,Wofford Terriers,2004,espn,ncaafb,
2747,Wofford Terriers,2005,espn,ncaafb,
2747,Wofford Terriers,2006,espn,ncaafb,
2747,Wofford Terriers,2007,espn,ncaafb,
2747,Wofford Terriers,2008,espn,ncaafb,
2747,Wofford Terriers,2009,espn,ncaafb,
2747,Wofford Terriers,2010,espn,ncaafb,
2747,Wofford Terriers,2011,espn,ncaafb,
2747,Wofford Terriers,2012,espn,ncaafb,
2747,Wofford Terriers,2013,espn,ncaafb,
2747,Wofford Terriers,2014,espn,ncaafb,
2747,Wofford Terriers,2015,espn,ncaafb,
2747,Wofford Terriers,2016,espn,ncaafb,
2747,Wofford Terriers,2017,espn,ncaafb,
2747,Wofford Terriers,2018,espn,ncaafb,
2747,Wofford Terriers,2019,espn,ncaafb,
2747,Wofford Terriers,2021,espn,ncaafb,
2747,Wofford Terriers,2022,espn,ncaafb,
2747,Wofford Terriers,2023,espn,ncaafb,
2747,Wofford Terriers,2024,espn,ncaafb,
2747,Wofford Terriers,2025,espn,ncaafb,
2748,Wooster Fighting Scots,2007,espn,ncaafb,
2748,Wooster Fighting Scots,2008,espn,ncaafb,
2748,Wooster Fighting Scots,2009,espn,ncaafb,
2748,Wooster Fighting Scots,2010,espn,ncaafb,
2748,Wooster Fighting Scots,2011,espn,ncaafb,
2748,Wooster Fighting Scots,2012,espn,ncaafb,
2748,Wooster Fighting Scots,2013,espn,ncaafb,
2748,Wooster Fighting Scots,2014,espn,ncaafb,
2748,Wooster Fighting Scots,2015,espn,ncaafb,
2748,Wooster Fighting Scots,2016,espn,ncaafb,
2748,Wooster Fighting Scots,2017,espn,ncaafb,
2748,College of Wooster Fighting Scots,2018,espn,ncaafb,
2748,Wooster Fighting Scots,2019,espn,ncaafb,
2748,Wooster Fighting Scots,2021,espn,ncaafb,
2748,Wooster Fighting Scots,2022,espn,ncaafb,
2748,Wooster Fighting Scots,2023,espn,ncaafb,
2748,Wooster Fighting Scots,2024,espn,ncaafb,
2748,Wooster Fighting Scots,2025,espn,ncaafb,
2749,Worcester Polytechnic Engineers,2007,espn,ncaafb,
2749,Worcester Polytechnic Engineers,2008,espn,ncaafb,
2749,Worcester Polytechnic Engineers,2009,espn,ncaafb,
2749,Worcester Polytechnic Engineers,2010,espn,ncaafb,
2749,Worcester Polytechnic Engineers,2011,espn,ncaafb,
2749,Worcester Polytechnic Engineers,2012,espn,ncaafb,
2749,Worcester Polytechnic Engineers,2013,espn,ncaafb,
2749,Worcester Polytechnic Engineers,2014,espn,ncaafb,
2749,Worcester Polytechnic Engineers,2015,espn,ncaafb,
2749,Worcester Polytechnic Engineers,2016,espn,ncaafb,
2749,Worcester Polytechnic Engineers,2017,espn,ncaafb,
2749,Worcester Polytechnic Engineers,2018,espn,ncaafb,
2749,Worcester Polytechnic Engineers,2019,espn,ncaafb,
2749,Worcester Polytechnic Engineers,2020,espn,ncaafb,
2749,Worcester Polytechnic Engineers,2021,espn,ncaafb,
2749,Worcester Polytechnic Engineers,2022,espn,ncaafb,
2749,WPI Engineers,2023,espn,ncaafb,
2749,WPI Engineers,2024,espn,ncaafb,
2749,WPI Engineers,2025,espn,ncaafb,
2750,Wright State Raiders,2010,espn,ncaafb,
2751,Wyoming Cowboys,2001,espn,ncaafb,
2751,Wyoming Cowboys,2002,espn,ncaafb,
2751,Wyoming Cowboys,2003,espn,ncaafb,
2751,Wyoming Cowboys,2004,espn,ncaafb,
2751,Wyoming Cowboys,2005,espn,ncaafb,
2751,Wyoming Cowboys,2006,espn,ncaafb,
2751,Wyoming Cowboys,2007,espn,ncaafb,
2751,Wyoming Cowboys,2008,espn,ncaafb,
2751,Wyoming Cowboys,2009,espn,ncaafb,
2751,Wyoming Cowboys,2010,espn,ncaafb,
2751,Wyoming Cowboys,2011,espn,ncaafb,
2751,Wyoming Cowboys,2012,espn,ncaafb,
2751,Wyoming Cowboys,2013,espn,ncaafb,
2751,Wyoming Cowboys,2014,espn,ncaafb,
2751,Wyoming Cowboys,2015,espn,ncaafb,
2751,Wyoming Cowboys,2016,espn,ncaafb,
2751,Wyoming Cowboys,2017,espn,ncaafb,
2751,Wyoming Cowboys,2018,espn,ncaafb,
2751,Wyoming Cowboys,2019,espn,ncaafb,
2751,Wyoming Cowboys,2020,espn,ncaafb,
2751,Wyoming Cowboys,2021,espn,ncaafb,
2751,Wyoming Cowboys,2022,espn,ncaafb,
2751,Wyoming Cowboys,2023,espn,ncaafb,
2751,Wyoming Cowboys,2024,espn,ncaafb,
2751,Wyoming Cowboys,2025,espn,ncaafb,
2752,Xavier Mustketeers,2008,espn,ncaafb,
2754,Youngstown State Penguins,2001,espn,ncaafb,
2754,Youngstown State Penguins,2002,espn,ncaafb,
2754,Youngstown State Penguins,2003,espn,ncaafb,
2754,Youngstown State Penguins,2004,espn,ncaafb,
2754,Youngstown State Penguins,2005,espn,ncaafb,
2754,Youngstown State Penguins,2006,espn,ncaafb,
2754,Youngstown State Penguins,2007,espn,ncaafb,
2754,Youngstown State Penguins,2008,espn,ncaafb,
2754,Youngstown State Penguins,2009,espn,ncaafb,
2754,Youngstown State Penguins,2010,espn,ncaafb,
2754,Youngstown State Penguins,2011,espn,ncaafb,
2754,Youngstown State Penguins,2012,espn,ncaafb,
2754,Youngstown State Penguins,2013,espn,ncaafb,
2754,Youngstown State Penguins,2014,espn,ncaafb,
2754,Youngstown State Penguins,2015,espn,ncaafb,
2754,Youngstown State Penguins,2016,espn,ncaafb,
2754,Youngstown State Penguins,2017,espn,ncaafb,
2754,Youngstown State Penguins,2018,espn,ncaafb,
2754,Youngstown State Penguins,2019,espn,ncaafb,
2754,Youngstown State Penguins,2021,espn,ncaafb,
2754,Youngstown State Penguins,2022,espn,ncaafb,
2754,Youngstown State Penguins,2023,espn,ncaafb,
2754,Youngstown State Penguins,2024,espn,ncaafb,
2754,Youngstown State Penguins,2025,espn,ncaafb,
2755,Grambling State Tigers,2001,espn,ncaafb,
2755,Grambling State Tigers,2002,espn,ncaafb,
2755,Grambling State Tigers,2003,espn,ncaafb,
2755,Grambling State Tigers,2004,espn,ncaafb,
2755,Grambling State Tigers,2005,espn,ncaafb,
2755,Grambling State Tigers,2006,espn,ncaafb,
2755,Grambling State Tigers,2007,espn,ncaafb,
2755,Grambling State Tigers,2008,espn,ncaafb,
2755,Grambling State Tigers,2009,espn,ncaafb,
2755,Grambling State Tigers,2010,espn,ncaafb,
2755,Grambling State Tigers,2011,espn,ncaafb,
2755,Grambling State Tigers,2012,espn,ncaafb,
2755,Grambling State Tigers,2013,espn,ncaafb,
2755,Grambling State Tigers,2014,espn,ncaafb,
2755,Grambling State Tigers,2015,espn,ncaafb,
2755,Grambling Tigers,2016,espn,ncaafb,
2755,Grambling Tigers,2017,espn,ncaafb,
2755,Grambling Tigers,2018,espn,ncaafb,
2755,Grambling Tigers,2019,espn,ncaafb,
2755,Grambling Tigers,2020,espn,ncaafb,
2755,Grambling Tigers,2021,espn,ncaafb,
2755,Grambling Tigers,2022,espn,ncaafb,
2755,Grambling Tigers,2023,espn,ncaafb,
2755,Grambling Tigers,2024,espn,ncaafb,
2755,Grambling Tigers,2025,espn,ncaafb,
2757,Berry College Vikings,2013,espn,ncaafb,
2757,Berry College Vikings,2014,espn,ncaafb,
2757,Berry College Vikings,2015,espn,ncaafb,
2757,Berry College Vikings,2016,espn,ncaafb,
2757,Berry College Vikings,2017,espn,ncaafb,
2757,Berry College Vikings,2018,espn,ncaafb,
2757,Berry College Vikings,2019,espn,ncaafb,
2757,Berry College Vikings,2020,espn,ncaafb,
2757,Berry College Vikings,2021,espn,ncaafb,
2757,Berry College Vikings,2022,espn,ncaafb,
2757,Berry College Vikings,2023,espn,ncaafb,
2757,Berry College Vikings,2024,espn,ncaafb,
2757,Berry College Vikings,2025,espn,ncaafb,
2758,Howard Payne Yellow Jackets,2007,espn,ncaafb,
2758,Howard Payne Yellow Jackets,2008,espn,ncaafb,
2758,Howard Payne Yellow Jackets,2009,espn,ncaafb,
2758,Howard Payne Yellow Jackets,2010,espn,ncaafb,
2758,Howard Payne Yellow Jackets,2011,espn,ncaafb,
2758,Howard Payne Yellow Jackets,2012,espn,ncaafb,
2758,Howard Payne Yellow Jackets,2013,espn,ncaafb,
2758,Howard Payne Yellow Jackets,2014,espn,ncaafb,
2758,Howard Payne Yellow Jackets,2015,espn,ncaafb,
2758,Howard Payne Yellow Jackets,2016,espn,ncaafb,
2758,Howard Payne Yellow Jackets,2017,espn,ncaafb,
2758,Howard Payne Yellow Jackets,2018,espn,ncaafb,
2758,Howard Payne Yellow Jackets,2019,espn,ncaafb,
2758,Howard Payne Yellow Jackets,2021,espn,ncaafb,
2758,Howard Payne Yellow Jackets,2022,espn,ncaafb,
2758,Howard Payne Yellow Jackets,2023,espn,ncaafb,
2758,Howard Payne Yellow Jackets,2024,espn,ncaafb,
2758,Howard Payne Yellow Jackets,2025,espn,ncaafb,
2771,Merrimack Warriors,2006,espn,ncaafb,
2771,Merrimack Warriors,2007,espn,ncaafb,
2771,Merrimack Warriors,2008,espn,ncaafb,
2771,Merrimack Warriors,2009,espn,ncaafb,
2771,Merrimack Warriors,2010,espn,ncaafb,
2771,Merrimack Warriors,2011,espn,ncaafb,
2771,Merrimack Warriors,2012,espn,ncaafb,
2771,Merrimack Warriors,2013,espn,ncaafb,
2771,Merrimack Warriors,2014,espn,ncaafb,
2771,Merrimack Warriors,2015,espn,ncaafb,
2771,Merrimack Warriors,2016,espn,ncaafb,
2771,Merrimack Warriors,2017,espn,ncaafb,
2771,Merrimack Warriors,2018,espn,ncaafb,
2771,Merrimack Warriors,2019,espn,ncaafb,
2771,Merrimack Warriors,2020,espn,ncaafb,
2771,Merrimack Warriors,2021,espn,ncaafb,
2771,Merrimack Warriors,2022,espn,ncaafb,
2771,Merrimack Warriors,2023,espn,ncaafb,
2771,Merrimack Warriors,2024,espn,ncaafb,
2771,Merrimack Warriors,2025,espn,ncaafb,
2772,Minnesota-Crookston Golden Eagles,2007,espn,ncaafb,
2772,Minnesota-Crookston Golden Eagles,2008,espn,ncaafb,
2772,Minnesota-Crookston Golden Eagles,2009,espn,ncaafb,
2772,Minnesota-Crookston Golden Eagles,2010,espn,ncaafb,
2772,Minnesota-Crookston Golden Eagles,2011,espn,ncaafb,
2772,Minnesota-Crookston Golden Eagles,2012,espn,ncaafb,
2772,Minnesota-Crookston Golden Eagles,2013,espn,ncaafb,
2772,Minnesota-Crookston Golden Eagles,2014,espn,ncaafb,
2772,Minnesota-Crookston Golden Eagles,2015,espn,ncaafb,
2772,Minnesota-Crookston Golden Eagles,2016,espn,ncaafb,
2772,Minnesota-Crookston Golden Eagles,2017,espn,ncaafb,
2772,Minnesota-Crookston Golden Eagles,2018,espn,ncaafb,
2772,Minnesota-Crookston Golden Eagles,2019,espn,ncaafb,
2776,Salve Regina Seahawks,2007,espn,ncaafb,
2776,Salve Regina Seahawks,2008,espn,ncaafb,
2776,Salve Regina Seahawks,2009,espn,ncaafb,
2776,Salve Regina Seahawks,2010,espn,ncaafb,
2776,Salve Regina Seahawks,2011,espn,ncaafb,
2776,Salve Regina Seahawks,2012,espn,ncaafb,
2776,Salve Regina Seahawks,2013,espn,ncaafb,
2776,Salve Regina Seahawks,2014,espn,ncaafb,
2776,Salve Regina Seahawks,2015,espn,ncaafb,
2776,Salve Regina Seahawks,2016,espn,ncaafb,
2776,Salve Regina Seahawks,2017,espn,ncaafb,
2776,Salve Regina University Seahawks,2018,espn,ncaafb,
2776,Salve Regina University Seahawks,2019,espn,ncaafb,
2776,Salve Regina University Seahawks,2020,espn,ncaafb,
2776,Salve Regina University Seahawks,2021,espn,ncaafb,
2776,Salve Regina University Seahawks,2022,espn,ncaafb,
2776,Salve Regina Seahawks,2023,espn,ncaafb,
2776,Salve Regina Seahawks,2024,espn,ncaafb,
2776,Salve Regina Seahawks,2025,espn,ncaafb,
2779,St Lawrence Saints,2007,espn,ncaafb,
2779,St Lawrence Saints,2008,espn,ncaafb,
2779,St Lawrence Saints,2009,espn,ncaafb,
2779,St Lawrence Saints,2010,espn,ncaafb,
2779,St Lawrence Saints,2011,espn,ncaafb,
2779,St Lawrence Saints,2012,espn,ncaafb,
2779,St Lawrence Saints,2013,espn,ncaafb,
2779,St Lawrence Saints,2014,espn,ncaafb,
2779,St Lawrence Saints,2015,espn,ncaafb,
2779,St Lawrence Saints,2016,espn,ncaafb,
2779,St Lawrence Saints,2017,espn,ncaafb,
2779,St. Lawrence Saints,2018,espn,ncaafb,
2779,St. Lawrence Saints,2019,espn,ncaafb,
2779,St. Lawrence Saints,2021,espn,ncaafb,
2779,St. Lawrence Saints,2022,espn,ncaafb,
2779,St. Lawrence Saints,2023,espn,ncaafb,
2779,St. Lawrence Saints,2024,espn,ncaafb,
2779,St. Lawrence Saints,2025,espn,ncaafb,
2781,Brockport State (NY) Golden Eagles,2007,espn,ncaafb,
2781,Brockport State (NY) Golden Eagles,2008,espn,ncaafb,
2781,Brockport State (NY) Golden Eagles,2009,espn,ncaafb,
2781,Brockport State (NY) Golden Eagles,2010,espn,ncaafb,
2781,Brockport State (NY) Golden Eagles,2011,espn,ncaafb,
2781,Brockport State (NY) Golden Eagles,2012,espn,ncaafb,
2781,Brockport State (NY) Golden Eagles,2013,espn,ncaafb,
2781,Brockport State (NY) Golden Eagles,2014,espn,ncaafb,
2781,Brockport State (NY) Golden Eagles,2015,espn,ncaafb,
2781,Brockport State (NY) Golden Eagles,2016,espn,ncaafb,
2781,Brockport State (NY) Golden Eagles,2017,espn,ncaafb,
2781,College at Brockport Golden Eagles,2018,espn,ncaafb,
2781,Brockport Golden Eagles,2019,espn,ncaafb,
2781,Brockport Golden Eagles,2020,espn,ncaafb,
2781,Brockport Golden Eagles,2021,espn,ncaafb,
2781,Brockport Golden Eagles,2022,espn,ncaafb,
2781,Brockport Golden Eagles,2023,espn,ncaafb,
2781,Brockport Golden Eagles,2024,espn,ncaafb,
2781,Brockport Golden Eagles,2025,espn,ncaafb,
2782,SUNY Cortland Red Dragons,2007,espn,ncaafb,
2782,SUNY Cortland Red Dragons,2008,espn,ncaafb,
2782,SUNY Cortland Red Dragons,2009,espn,ncaafb,
2782,SUNY Cortland Red Dragons,2010,espn,ncaafb,
2782,SUNY Cortland Red Dragons,2011,espn,ncaafb,
2782,SUNY Cortland Red Dragons,2012,espn,ncaafb,
2782,SUNY Cortland Red Dragons,2013,espn,ncaafb,
2782,SUNY Cortland Red Dragons,2014,espn,ncaafb,
2782,SUNY Cortland Red Dragons,2015,espn,ncaafb,
2782,SUNY Cortland Red Dragons,2016,espn,ncaafb,
2782,SUNY Cortland Red Dragons,2017,espn,ncaafb,
2782,SUNY Cortland Red Dragons,2018,espn,ncaafb,
2782,SUNY Cortland Red Dragons,2019,espn,ncaafb,
2782,SUNY Cortland Red Dragons,2020,espn,ncaafb,
2782,SUNY Cortland Red Dragons,2021,espn,ncaafb,
2782,SUNY Cortland Red Dragons,2022,espn,ncaafb,
2782,SUNY Cortland Red Dragons,2023,espn,ncaafb,
2782,Cortland Red Dragons,2024,espn,ncaafb,
2782,Cortland Red Dragons,2025,espn,ncaafb,
2790,Albion Britons,2001,espn,ncaafb,
2790,Albion Britons,2004,espn,ncaafb,
2790,Albion Britons,2005,espn,ncaafb,
2790,Albion Britons,2006,espn,ncaafb,
2790,Albion Britons,2007,espn,ncaafb,
2790,Albion Britons,2008,espn,ncaafb,
2790,Albion Britons,2009,espn,ncaafb,
2790,Albion Britons,2010,espn,ncaafb,
2790,Albion Britons,2011,espn,ncaafb,
2790,Albion Britons,2012,espn,ncaafb,
2790,Albion Britons,2013,espn,ncaafb,
2790,Albion Britons,2014,espn,ncaafb,
2790,Albion Britons,2015,espn,ncaafb,
2790,Albion Britons,2016,espn,ncaafb,
2790,Albion Britons,2017,espn,ncaafb,
2790,Albion Britons,2018,espn,ncaafb,
2790,Albion Britons,2019,espn,ncaafb,
2790,Albion Britons,2021,espn,ncaafb,
2790,Albion Britons,2022,espn,ncaafb,
2790,Albion Britons,2023,espn,ncaafb,
2790,Albion Britons,2024,espn,ncaafb,
2790,Albion Britons,2025,espn,ncaafb,
2800,Alma College Scots,2007,espn,ncaafb,
2800,Alma College Scots,2008,espn,ncaafb,
2800,Alma College Scots,2009,espn,ncaafb,
2800,Alma College Scots,2010,espn,ncaafb,
2800,Alma College Scots,2011,espn,ncaafb,
2800,Alma College Scots,2012,espn,ncaafb,
2800,Alma College Scots,2013,espn,ncaafb,
2800,Alma College Scots,2014,espn,ncaafb,
2800,Alma College Scots,2015,espn,ncaafb,
2800,Alma College Scots,2016,espn,ncaafb,
2800,Alma College Scots,2017,espn,ncaafb,
2800,Alma College Scots,2018,espn,ncaafb,
2800,Alma College Alma,2019,espn,ncaafb,
2800,Alma College Scots,2021,espn,ncaafb,
2800,Alma College Scots,2022,espn,ncaafb,
2800,Alma College Scots,2023,espn,ncaafb,
2800,Alma College Scots,2024,espn,ncaafb,
2800,Alma College Scots,2025,espn,ncaafb,
2802,Bethel (MN) Royals,2007,espn,ncaafb,
2802,Bethel (MN) Royals,2008,espn,ncaafb,
2802,Bethel (MN) Royals,2009,espn,ncaafb,
2802,Bethel (MN) Royals,2010,espn,ncaafb,
2802,Bethel (MN) Royals,2011,espn,ncaafb,
2802,Bethel (MN) Royals,2012,espn,ncaafb,
2802,Bethel (MN) Royals,2013,espn,ncaafb,
2802,Bethel (MN) Royals,2014,espn,ncaafb,
2802,Bethel (MN) Royals,2015,espn,ncaafb,
2802,Bethel (MN) Royals,2016,espn,ncaafb,
2802,Bethel (MN) Royals,2017,espn,ncaafb,
2802,Bethel (MN) Royals,2018,espn,ncaafb,
2802,Bethel (MN) Royals,2019,espn,ncaafb,
2802,Bethel (MN) Royals,2021,espn,ncaafb,
2802,Bethel (MN) Royals,2022,espn,ncaafb,
2802,Bethel (MN) Royals,2023,espn,ncaafb,
2802,Bethel (MN) Royals,2024,espn,ncaafb,
2802,Bethel (MN) Royals,2025,espn,ncaafb,
2803,Bryant Bulldogs,2002,espn,ncaafb,
2803,Bryant Bulldogs,2007,espn,ncaafb,
2803,Bryant Bulldogs,2008,espn,ncaafb,
2803,Bryant Bulldogs,2009,espn,ncaafb,
2803,Bryant Bulldogs,2010,espn,ncaafb,
2803,Bryant Bulldogs,2011,espn,ncaafb,
2803,Bryant Bulldogs,2012,espn,ncaafb,
2803,Bryant Bulldogs,2013,espn,ncaafb,
2803,Bryant Bulldogs,2014,espn,ncaafb,
2803,Bryant Bulldogs,2015,espn,ncaafb,
2803,Bryant Bulldogs,2016,espn,ncaafb,
2803,Bryant Bulldogs,2017,espn,ncaafb,
2803,Bryant Bulldogs,2018,espn,ncaafb,
2803,Bryant Bulldogs,2019,espn,ncaafb,
2803,Bryant Bulldogs,2020,espn,ncaafb,
2803,Bryant Bulldogs,2021,espn,ncaafb,
2803,Bryant Bulldogs,2022,espn,ncaafb,
2803,Bryant Bulldogs,2023,espn,ncaafb,
2803,Bryant Bulldogs,2024,espn,ncaafb,
2803,Bryant Bulldogs,2025,espn,ncaafb,
2804,Chowan Braves,2006,espn,ncaafb,
2804,Chowan Braves,2007,espn,ncaafb,
2804,Chowan Braves,2008,espn,ncaafb,
2804,Chowan Braves,2009,espn,ncaafb,
2804,Chowan Braves,2010,espn,ncaafb,
2804,Chowan Braves,2011,espn,ncaafb,
2804,Chowan Braves,2012,espn,ncaafb,
2804,Chowan Braves,2013,espn,ncaafb,
2804,Chowan Braves,2014,espn,ncaafb,
2804,Chowan Braves,2015,espn,ncaafb,
2804,Chowan Braves,2016,espn,ncaafb,
2804,Chowan Braves,2017,espn,ncaafb,
2804,Chowan Hawks,2018,espn,ncaafb,
2804,Chowan Hawks,2019,espn,ncaafb,
2804,Chowan Hawks,2021,espn,ncaafb,
2804,Chowan Hawks,2022,espn,ncaafb,
2804,Chowan Hawks,2023,espn,ncaafb,
2804,Chowan Hawks,2024,espn,ncaafb,
2804,Chowan Hawks,2025,espn,ncaafb,
2805,Clark Atlanta Panthers,2001,espn,ncaafb,
2805,Clark Atlanta Panthers,2002,espn,ncaafb,
2805,Clark Atlanta Panthers,2003,espn,ncaafb,
2805,Clark Atlanta Panthers,2004,espn,ncaafb,
2805,Clark Atlanta Panthers,2006,espn,ncaafb,
2805,Clark Atlanta Panthers,2007,espn,ncaafb,
2805,Clark Atlanta Panthers,2008,espn,ncaafb,
2805,Clark Atlanta Panthers,2009,espn,ncaafb,
2805,Clark Atlanta Panthers,2010,espn,ncaafb,
2805,Clark Atlanta Panthers,2011,espn,ncaafb,
2805,Clark Atlanta Panthers,2012,espn,ncaafb,
2805,Clark Atlanta Panthers,2013,espn,ncaafb,
2805,Clark Atlanta Panthers,2014,espn,ncaafb,
2805,Clark Atlanta Panthers,2015,espn,ncaafb,
2805,Clark Atlanta Panthers,2016,espn,ncaafb,
2805,Clark Atlanta Panthers,2017,espn,ncaafb,
2805,Clark Atlanta Panthers,2018,espn,ncaafb,
2805,Clark Atlanta Panthers,2019,espn,ncaafb,
2805,Clark Atlanta Panthers,2020,espn,ncaafb,
2805,Clark Atlanta Panthers,2021,espn,ncaafb,
2805,Clark Atlanta Panthers,2022,espn,ncaafb,
2805,Clark Atlanta Panthers,2023,espn,ncaafb,
2805,Clark Atlanta Panthers,2024,espn,ncaafb,
2805,Clark Atlanta Panthers,2025,espn,ncaafb,
2808,Delaware Valley Aggies,2007,espn,ncaafb,
2808,Delaware Valley Aggies,2008,espn,ncaafb,
2808,Delaware Valley Aggies,2009,espn,ncaafb,
2808,Delaware Valley Aggies,2010,espn,ncaafb,
2808,Delaware Valley Aggies,2011,espn,ncaafb,
2808,Delaware Valley Aggies,2012,espn,ncaafb,
2808,Delaware Valley Aggies,2013,espn,ncaafb,
2808,Delaware Valley Aggies,2014,espn,ncaafb,
2808,Delaware Valley Aggies,2015,espn,ncaafb,
2808,Delaware Valley Aggies,2016,espn,ncaafb,
2808,Delaware Valley Aggies,2017,espn,ncaafb,
2808,Delaware Valley Aggies,2018,espn,ncaafb,
2808,Delaware Valley Aggies,2019,espn,ncaafb,
2808,Delaware Valley Aggies,2020,espn,ncaafb,
2808,Delaware Valley Aggies,2021,espn,ncaafb,
2808,Delaware Valley Aggies,2022,espn,ncaafb,
2808,Delaware Valley Aggies,2023,espn,ncaafb,
2808,Delaware Valley Aggies,2024,espn,ncaafb,
2808,Delaware Valley Aggies,2025,espn,ncaafb,
2810,Hardin-Simmons Cowboys,2007,espn,ncaafb,
2810,Hardin-Simmons Cowboys,2008,espn,ncaafb,
2810,Hardin-Simmons Cowboys,2009,espn,ncaafb,
2810,Hardin-Simmons Cowboys,2010,espn,ncaafb,
2810,Hardin-Simmons Cowboys,2011,espn,ncaafb,
2810,Hardin-Simmons Cowboys,2012,espn,ncaafb,
2810,Hardin-Simmons Cowboys,2013,espn,ncaafb,
2810,Hardin-Simmons Cowboys,2014,espn,ncaafb,
2810,Hardin-Simmons Cowboys,2015,espn,ncaafb,
2810,Hardin-Simmons Cowboys,2016,espn,ncaafb,
2810,Hardin-Simmons Cowboys,2017,espn,ncaafb,
2810,Hardin-Simmons Cowboys,2018,espn,ncaafb,
2810,Hardin-Simmons Cowboys,2019,espn,ncaafb,
2810,Hardin-Simmons Cowboys,2021,espn,ncaafb,
2810,Hardin-Simmons Cowboys,2022,espn,ncaafb,
2810,Hardin-Simmons Cowboys,2023,espn,ncaafb,
2810,Hardin-Simmons Cowboys,2024,espn,ncaafb,
2810,Hardin-Simmons Cowboys,2025,espn,ncaafb,
2812,Hope Flying Dutchmen,2001,espn,ncaafb,
2812,Hope Flying Dutchmen,2007,espn,ncaafb,
2812,Hope Flying Dutchmen,2008,espn,ncaafb,
2812,Hope Flying Dutchmen,2009,espn,ncaafb,
2812,Hope Flying Dutchmen,2010,espn,ncaafb,
2812,Hope Flying Dutchmen,2011,espn,ncaafb,
2812,Hope Flying Dutchmen,2012,espn,ncaafb,
2812,Hope Flying Dutchmen,2013,espn,ncaafb,
2812,Hope Flying Dutchmen,2014,espn,ncaafb,
2812,Hope Flying Dutchmen,2015,espn,ncaafb,
2812,Hope Flying Dutchmen,2016,espn,ncaafb,
2812,Hope Flying Dutchmen,2017,espn,ncaafb,
2812,Hope Flying Dutchmen,2018,espn,ncaafb,
2812,Hope Flying Dutchmen,2019,espn,ncaafb,
2812,Hope Flying Dutchmen,2021,espn,ncaafb,
2812,Hope Flying Dutchmen,2022,espn,ncaafb,
2812,Hope Flying Dutchmen,2023,espn,ncaafb,
2812,Hope Flying Dutchmen,2024,espn,ncaafb,
2812,Hope Flying Dutchmen,2025,espn,ncaafb,
2815,Lindenwood Lions,2002,espn,ncaafb,
2815,Lindenwood Lions,2011,espn,ncaafb,
2815,Lindenwood Lions,2012,espn,ncaafb,
2815,Lindenwood Lions,2013,espn,ncaafb,
2815,Lindenwood Lions,2014,espn,ncaafb,
2815,Lindenwood Lions,2015,espn,ncaafb,
2815,Lindenwood Lions,2016,espn,ncaafb,
2815,Lindenwood Lions,2017,espn,ncaafb,
2815,Lindenwood Lions,2018,espn,ncaafb,
2815,Lindenwood Lions,2019,espn,ncaafb,
2815,Lindenwood Lions,2021,espn,ncaafb,
2815,Lindenwood Lions,2022,espn,ncaafb,
2815,Lindenwood Lions,2023,espn,ncaafb,
2815,Lindenwood Lions,2024,espn,ncaafb,
2815,Lindenwood Lions,2025,espn,ncaafb,
2816,McKendree Bearcats,2011,espn,ncaafb,
2816,McKendree Bearcats,2012,espn,ncaafb,
2816,McKendree Bearcats,2013,espn,ncaafb,
2816,McKendree Bearcats,2014,espn,ncaafb,
2816,McKendree Bearcats,2015,espn,ncaafb,
2816,McKendree Bearcats,2016,espn,ncaafb,
2816,McKendree Bearcats,2017,espn,ncaafb,
2816,McKendree Bearcats,2018,espn,ncaafb,
2816,McKendree Bearcats,2019,espn,ncaafb,
2816,McKendree Bearcats,2021,espn,ncaafb,
2816,McKendree Bearcats,2022,espn,ncaafb,
2816,McKendree Bearcats,2023,espn,ncaafb,
2816,McKendree Bearcats,2024,espn,ncaafb,
2816,McKendree Bearcats,2025,espn,ncaafb,
2817,Minnesota St-Moorhead Dragon,2007,espn,ncaafb,
2817,Minnesota St-Moorhead Dragon,2008,espn,ncaafb,
2817,Minnesota St-Moorhead Dragon,2009,espn,ncaafb,
2817,Minnesota St-Moorhead Dragon,2010,espn,ncaafb,
2817,Minnesota St-Moorhead Dragon,2011,espn,ncaafb,
2817,Minnesota St-Moorhead Dragon,2012,espn,ncaafb,
2817,Minnesota St-Moorhead Dragon,2013,espn,ncaafb,
2817,Minnesota St-Moorhead Dragon,2014,espn,ncaafb,
2817,Minnesota St-Moorhead Dragon,2015,espn,ncaafb,
2817,Minnesota St-Moorhead Dragon,2016,espn,ncaafb,
2817,Minnesota St-Moorhead Dragon,2017,espn,ncaafb,
2817,Minnesota St-Moorhead Dragons,2018,espn,ncaafb,
2817,Minnesota St-Moorhead Dragons,2019,espn,ncaafb,
2817,Minnesota St-Moorhead Dragons,2021,espn,ncaafb,
2817,Minnesota St-Moorhead Dragons,2022,espn,ncaafb,
2817,Minnesota State Moorhead Dragons,2023,espn,ncaafb,
2817,Minnesota State Moorhead Dragons,2024,espn,ncaafb,
2817,Minnesota State Moorhead Dragons,2025,espn,ncaafb,
2818,Montclair State Red Hawks,2001,espn,ncaafb,
2818,Montclair State Red Hawks,2002,espn,ncaafb,
2818,Montclair State Red Hawks,2003,espn,ncaafb,
2818,Montclair State Red Hawks,2004,espn,ncaafb,
2818,Montclair State Red Hawks,2005,espn,ncaafb,
2818,Montclair State Red Hawks,2006,espn,ncaafb,
2818,Montclair State Red Hawks,2007,espn,ncaafb,
2818,Montclair State Red Hawks,2008,espn,ncaafb,
2818,Montclair State Red Hawks,2009,espn,ncaafb,
2818,Montclair State Red Hawks,2010,espn,ncaafb,
2818,Montclair State Red Hawks,2011,espn,ncaafb,
2818,Montclair State Red Hawks,2012,espn,ncaafb,
2818,Montclair State Red Hawks,2013,espn,ncaafb,
2818,Montclair State Red Hawks,2014,espn,ncaafb,
2818,Montclair State Red Hawks,2015,espn,ncaafb,
2818,Montclair State Red Hawks,2016,espn,ncaafb,
2818,Montclair State Red Hawks,2017,espn,ncaafb,
2818,Montclair State Red Hawks,2018,espn,ncaafb,
2818,Montclair State Red Hawks,2019,espn,ncaafb,
2818,Montclair State Red Hawks,2021,espn,ncaafb,
2818,Montclair State Red Hawks,2022,espn,ncaafb,
2818,Montclair State Red Hawks,2023,espn,ncaafb,
2818,Montclair State Red Hawks,2024,espn,ncaafb,
2818,Montclair State Red Hawks,2025,espn,ncaafb,
2822,North Greenville Crusaders,2001,espn,ncaafb,
2822,North Greenville Crusaders,2002,espn,ncaafb,
2822,North Greenville Crusaders,2003,espn,ncaafb,
2822,North Greenville Crusaders,2004,espn,ncaafb,
2822,North Greenville Trailblazers,2005,espn,ncaafb,
2822,North Greenville Crusaders,2006,espn,ncaafb,
2822,North Greenville Crusaders,2007,espn,ncaafb,
2822,North Greenville Crusaders,2008,espn,ncaafb,
2822,North Greenville Crusaders,2009,espn,ncaafb,
2822,North Greenville Crusaders,2010,espn,ncaafb,
2822,North Greenville Crusaders,2011,espn,ncaafb,
2822,North Greenville Crusaders,2012,espn,ncaafb,
2822,North Greenville Crusaders,2013,espn,ncaafb,
2822,North Greenville Crusaders,2014,espn,ncaafb,
2822,North Greenville Crusaders,2015,espn,ncaafb,
2822,North Greenville Crusaders,2016,espn,ncaafb,
2822,North Greenville Crusaders,2017,espn,ncaafb,
2822,North Greenville Crusaders,2018,espn,ncaafb,
2822,North Greenville Trailblazers,2019,espn,ncaafb,
2822,North Greenville Trailblazers,2021,espn,ncaafb,
2822,North Greenville Trailblazers,2022,espn,ncaafb,
2822,North Greenville Trailblazers,2023,espn,ncaafb,
2822,North Greenville Trailblazers,2024,espn,ncaafb,
2822,North Greenville Crusaders,2025,espn,ncaafb,
2823,Northwestern (OK) Rangers,2005,espn,ncaafb,
2823,Northwestern Oklahoma State Rangers,2006,espn,ncaafb,
2823,Northwestern (OK) Rangers,2007,espn,ncaafb,
2823,Northwestern Oklahoma State Rangers,2008,espn,ncaafb,
2823,Northwestern Oklahoma State Rangers,2009,espn,ncaafb,
2823,Northwestern Oklahoma State Rangers,2010,espn,ncaafb,
2823,Northwestern Oklahoma State Rangers,2011,espn,ncaafb,
2823,Northwestern Oklahoma State Rangers,2012,espn,ncaafb,
2823,Northwestern Oklahoma State Rangers,2013,espn,ncaafb,
2823,Northwestern Oklahoma State Rangers,2014,espn,ncaafb,
2823,Northwestern Oklahoma State Rangers,2015,espn,ncaafb,
2823,Northwestern Oklahoma State Rangers,2016,espn,ncaafb,
2823,Northwestern Oklahoma State Rangers,2017,espn,ncaafb,
2823,Northwestern Oklahoma State Rangers,2018,espn,ncaafb,
2823,Northwestern Oklahoma State Rangers,2019,espn,ncaafb,
2823,Northwestern Oklahoma State Rangers,2021,espn,ncaafb,
2823,Northwestern Oklahoma State Rangers,2022,espn,ncaafb,
2823,Northwestern Oklahoma State Rangers,2023,espn,ncaafb,
2823,Northwestern Oklahoma State Rangers,2024,espn,ncaafb,
2823,Northwestern Oklahoma State Rangers,2025,espn,ncaafb,
2824,OK Panhandle St Aggies,2003,espn,ncaafb,
2824,OK Panhandle St Aggies,2004,espn,ncaafb,
2824,Oklahoma Panhandle OK PANHANDLE ST,2005,espn,ncaafb,
2824,OK Panhandle St Aggies,2006,espn,ncaafb,
2824,OK Panhandle St Aggies,2007,espn,ncaafb,
2824,OK Panhandle St Aggies,2008,espn,ncaafb,
2824,OK Panhandle St Aggies,2009,espn,ncaafb,
2824,OK Panhandle St Aggies,2010,espn,ncaafb,
2824,OK Panhandle St Aggies,2011,espn,ncaafb,
2824,OK Panhandle St Aggies,2012,espn,ncaafb,
2824,OK Panhandle St Aggies,2013,espn,ncaafb,
2824,OK Panhandle St Aggies,2014,espn,ncaafb,
2824,OK Panhandle St Aggies,2015,espn,ncaafb,
2824,OK Panhandle St Aggies,2016,espn,ncaafb,
2824,OK Panhandle St Aggies,2017,espn,ncaafb,
2824,OK Panhandle St Aggies,2018,espn,ncaafb,
2824,Oklahoma Panhandle State Aggies,2019,espn,ncaafb,
2824,Oklahoma Panhandle State OK PANHANDLE ST,2020,espn,ncaafb,
2824,Oklahoma Panhandle State OK PANHANDLE ST,2023,espn,ncaafb,
2824,Oklahoma Panhandle State OK PANHANDLE ST,2024,espn,ncaafb,
2824,Oklahoma Panhandle State Ok Panhandle St,2025,espn,ncaafb,
2825,Quincy Hawks,2001,espn,ncaafb,
2825,Quincy Hawks,2002,espn,ncaafb,
2825,Quincy Hawks,2003,espn,ncaafb,
2825,Quincy Hawks,2004,espn,ncaafb,
2825,Quincy Hawks,2005,espn,ncaafb,
2825,Quincy Hawks,2006,espn,ncaafb,
2825,Quincy Hawks,2007,espn,ncaafb,
2825,Quincy Hawks,2008,espn,ncaafb,
2825,Quincy Hawks,2009,espn,ncaafb,
2825,Quincy Hawks,2010,espn,ncaafb,
2825,Quincy Hawks,2011,espn,ncaafb,
2825,Quincy Hawks,2012,espn,ncaafb,
2825,Quincy Hawks,2013,espn,ncaafb,
2825,Quincy Hawks,2014,espn,ncaafb,
2825,Quincy Hawks,2015,espn,ncaafb,
2825,Quincy Hawks,2016,espn,ncaafb,
2825,Quincy Hawks,2017,espn,ncaafb,
2825,Quincy Hawks,2018,espn,ncaafb,
2825,Quincy Hawks,2019,espn,ncaafb,
2825,Quincy Hawks,2021,espn,ncaafb,
2825,Quincy Hawks,2022,espn,ncaafb,
2825,Quincy Hawks,2023,espn,ncaafb,
2825,Quincy Hawks,2024,espn,ncaafb,
2825,Quincy Hawks,2025,espn,ncaafb,
2827,Rowan Profs,2005,espn,ncaafb,
2827,Rowan Profs,2006,espn,ncaafb,
2827,Rowan Profs,2007,espn,ncaafb,
2827,Rowan Profs,2008,espn,ncaafb,
2827,Rowan Profs,2009,espn,ncaafb,
2827,Rowan Profs,2010,espn,ncaafb,
2827,Rowan Profs,2011,espn,ncaafb,
2827,Rowan Profs,2012,espn,ncaafb,
2827,Rowan Profs,2013,espn,ncaafb,
2827,Rowan Profs,2014,espn,ncaafb,
2827,Rowan Profs,2015,espn,ncaafb,
2827,Rowan Profs,2016,espn,ncaafb,
2827,Rowan Professors,2017,espn,ncaafb,
2827,Rowan University Owls,2018,espn,ncaafb,
2827,Rowan Owls,2019,espn,ncaafb,
2827,Rowan Profs,2021,espn,ncaafb,
2827,Rowan Profs,2022,espn,ncaafb,
2827,Rowan Profs,2023,espn,ncaafb,
2827,Rowan Profs,2024,espn,ncaafb,
2827,Rowan Profs,2025,espn,ncaafb,
2828,Shenandoah Hornets,2007,espn,ncaafb,
2828,Shenandoah Hornets,2008,espn,ncaafb,
2828,Shenandoah Hornets,2009,espn,ncaafb,
2828,Shenandoah Hornets,2010,espn,ncaafb,
2828,Shenandoah Hornets,2011,espn,ncaafb,
2828,Shenandoah Hornets,2012,espn,ncaafb,
2828,Shenandoah Hornets,2013,espn,ncaafb,
2828,Shenandoah Hornets,2014,espn,ncaafb,
2828,Shenandoah Hornets,2015,espn,ncaafb,
2828,Shenandoah Hornets,2016,espn,ncaafb,
2828,Shenandoah Hornets,2017,espn,ncaafb,
2828,Shenandoah University Hornets,2018,espn,ncaafb,
2828,Shenandoah University Hornets,2019,espn,ncaafb,
2828,Shenandoah University Hornets,2020,espn,ncaafb,
2828,Shenandoah University Hornets,2021,espn,ncaafb,
2828,Shenandoah University Hornets,2022,espn,ncaafb,
2828,Shenandoah Hornets,2023,espn,ncaafb,
2828,Shenandoah Hornets,2024,espn,ncaafb,
2828,Shenandoah Hornets,2025,espn,ncaafb,
2829,Simon Fraser Clansmen,2001,espn,ncaafb,
2829,Simon Fraser Clansmen,2010,espn,ncaafb,
2829,Simon Fraser Clansmen,2011,espn,ncaafb,
2829,Simon Fraser Clansmen,2012,espn,ncaafb,
2829,Simon Fraser Clansmen,2013,espn,ncaafb,
2829,Simon Fraser Clansmen,2014,espn,ncaafb,
2829,Simon Fraser Clansmen,2015,espn,ncaafb,
2829,Simon Fraser Clansmen,2016,espn,ncaafb,
2829,Simon Fraser Clansmen,2017,espn,ncaafb,
2829,Simon Fraser Clan,2018,espn,ncaafb,
2829,Simon Fraser Red Leafs,2019,espn,ncaafb,
2829,Simon Fraser Red Leafs,2021,espn,ncaafb,
2829,Simon Fraser Red Leafs,2022,espn,ncaafb,
2830,St. Anselm Hawks,2003,espn,ncaafb,
2830,St. Anselm Hawks,2007,espn,ncaafb,
2830,St. Anselm Hawks,2008,espn,ncaafb,
2830,St. Anselm Hawks,2009,espn,ncaafb,
2830,St. Anselm Hawks,2010,espn,ncaafb,
2830,St. Anselm Hawks,2011,espn,ncaafb,
2830,St. Anselm Hawks,2012,espn,ncaafb,
2830,St. Anselm Hawks,2013,espn,ncaafb,
2830,St. Anselm Hawks,2014,espn,ncaafb,
2830,St. Anselm Hawks,2015,espn,ncaafb,
2830,St. Anselm Hawks,2016,espn,ncaafb,
2830,St. Anselm Hawks,2017,espn,ncaafb,
2830,St. Anselm Hawks,2018,espn,ncaafb,
2830,St. Anselm Hawks,2019,espn,ncaafb,
2830,St. Anselm Hawks,2020,espn,ncaafb,
2830,St. Anselm Hawks,2021,espn,ncaafb,
2830,St. Anselm Hawks,2022,espn,ncaafb,
2830,St. Anselm Hawks,2023,espn,ncaafb,
2830,St. Anselm Hawks,2024,espn,ncaafb,
2830,St. Anselm Hawks,2025,espn,ncaafb,
2831,St. Francis (IN) Cougars,2001,espn,ncaafb,
2831,St. Francis (IN) Cougars,2003,espn,ncaafb,
2831,St. Francis (IN) Cougars,2004,espn,ncaafb,
2831,Saint Francis (IN) Cougars,2005,espn,ncaafb,
2831,Saint Francis (IN) Cougars,2009,espn,ncaafb,
2831,Saint Francis (IN) Cougars,2010,espn,ncaafb,
2831,Saint Francis (IN) Cougars,2011,espn,ncaafb,
2831,St. Francis (IN) Cougars,2012,espn,ncaafb,
2832,St. Norbert Green Knights,2007,espn,ncaafb,
2832,St. Norbert Green Knights,2008,espn,ncaafb,
2832,St. Norbert Green Knights,2009,espn,ncaafb,
2832,St. Norbert Green Knights,2010,espn,ncaafb,
2832,St. Norbert Green Knights,2011,espn,ncaafb,
2832,St. Norbert Green Knights,2012,espn,ncaafb,
2832,St. Norbert Green Knights,2013,espn,ncaafb,
2832,St. Norbert Green Knights,2014,espn,ncaafb,
2832,St. Norbert Green Knights,2015,espn,ncaafb,
2832,St. Norbert Green Knights,2016,espn,ncaafb,
2832,St. Norbert Green Knights,2017,espn,ncaafb,
2832,St. Norbert College Green Knights,2018,espn,ncaafb,
2832,St. Norbert College Green Knights,2019,espn,ncaafb,
2832,St. Norbert College Green Knights,2020,espn,ncaafb,
2832,St. Norbert College Green Knights,2021,espn,ncaafb,
2832,St. Norbert College Green Knights,2022,espn,ncaafb,
2832,St. Norbert Green Knights,2023,espn,ncaafb,
2832,St. Norbert Green Knights,2024,espn,ncaafb,
2832,St. Norbert Green Knights,2025,espn,ncaafb,
2834,Sul Ross State Lobos,2007,espn,ncaafb,
2834,Sul Ross State Lobos,2008,espn,ncaafb,
2834,Sul Ross State Lobos,2009,espn,ncaafb,
2834,Sul Ross State Lobos,2010,espn,ncaafb,
2834,Sul Ross State Lobos,2011,espn,ncaafb,
2834,Sul Ross State Lobos,2012,espn,ncaafb,
2834,Sul Ross State Lobos,2013,espn,ncaafb,
2834,Sul Ross State Lobos,2014,espn,ncaafb,
2834,Sul Ross State Lobos,2015,espn,ncaafb,
2834,Sul Ross State Lobos,2016,espn,ncaafb,
2834,Sul Ross State Lobos,2017,espn,ncaafb,
2834,Sul Ross State University Lobos,2018,espn,ncaafb,
2834,Sul Ross State University Lobos,2019,espn,ncaafb,
2834,Sul Ross State University Lobos,2021,espn,ncaafb,
2834,Sul Ross State University Lobos,2022,espn,ncaafb,
2834,Sul Ross State Lobos,2023,espn,ncaafb,
2834,Sul Ross State Lobos,2024,espn,ncaafb,
2834,Sul Ross State Lobos,2025,espn,ncaafb,
2837,Texas A&M-Commerce Lions,2007,espn,ncaafb,
2837,Texas A&M-Commerce Lions,2008,espn,ncaafb,
2837,Texas A&M-Commerce Lions,2009,espn,ncaafb,
2837,Texas A&M-Commerce Lions,2010,espn,ncaafb,
2837,Texas A&M-Commerce Lions,2011,espn,ncaafb,
2837,Texas A&M-Commerce Lions,2012,espn,ncaafb,
2837,Texas A&M-Commerce Lions,2013,espn,ncaafb,
2837,Texas A&M-Commerce Lions,2014,espn,ncaafb,
2837,Texas A&M-Commerce Lions,2015,espn,ncaafb,
2837,Texas A&M-Commerce Lions,2016,espn,ncaafb,
2837,Texas A&M-Commerce Lions,2017,espn,ncaafb,
2837,Texas A&M-Commerce Lions,2018,espn,ncaafb,
2837,Texas A&M-Commerce Lions,2019,espn,ncaafb,
2837,Texas A&M-Commerce Lions,2021,espn,ncaafb,
2837,Texas A&M-Commerce Lions,2022,espn,ncaafb,
2837,Texas A&M-Commerce Lions,2023,espn,ncaafb,
2837,East Texas A&M Lions,2024,espn,ncaafb,
2837,East Texas A&M Lions,2025,espn,ncaafb,
2838,Tiffin Dragons,2001,espn,ncaafb,
2838,Tiffin Dragons,2002,espn,ncaafb,
2838,Tiffin Dragons,2003,espn,ncaafb,
2838,Tiffin Dragons,2004,espn,ncaafb,
2838,Tiffin Dragons,2005,espn,ncaafb,
2838,Tiffin Dragons,2006,espn,ncaafb,
2838,Tiffin Dragons,2007,espn,ncaafb,
2838,Tiffin Dragons,2008,espn,ncaafb,
2838,Tiffin Dragons,2009,espn,ncaafb,
2838,Tiffin Dragons,2010,espn,ncaafb,
2838,Tiffin Dragons,2011,espn,ncaafb,
2838,Tiffin Dragons,2012,espn,ncaafb,
2838,Tiffin Dragons,2013,espn,ncaafb,
2838,Tiffin Dragons,2014,espn,ncaafb,
2838,Tiffin Dragons,2015,espn,ncaafb,
2838,Tiffin Dragons,2016,espn,ncaafb,
2838,Tiffin Dragons,2017,espn,ncaafb,
2838,Tiffin Dragons,2018,espn,ncaafb,
2838,Tiffin University Dragons,2019,espn,ncaafb,
2838,Tiffin University Dragons,2021,espn,ncaafb,
2838,Tiffin University Dragons,2022,espn,ncaafb,
2838,Tiffin Dragons,2023,espn,ncaafb,
2838,Tiffin Dragons,2024,espn,ncaafb,
2838,Tiffin Dragons,2025,espn,ncaafb,
2839,Tusculum Pioneers,2001,espn,ncaafb,
2839,Tusculum Pioneers,2002,espn,ncaafb,
2839,Tusculum Pioneers,2003,espn,ncaafb,
2839,Tusculum Pioneers,2007,espn,ncaafb,
2839,Tusculum Pioneers,2008,espn,ncaafb,
2839,Tusculum Pioneers,2009,espn,ncaafb,
2839,Tusculum Pioneers,2010,espn,ncaafb,
2839,Tusculum Pioneers,2011,espn,ncaafb,
2839,Tusculum Pioneers,2012,espn,ncaafb,
2839,Tusculum Pioneers,2013,espn,ncaafb,
2839,Tusculum Pioneers,2014,espn,ncaafb,
2839,Tusculum Pioneers,2015,espn,ncaafb,
2839,Tusculum Pioneers,2016,espn,ncaafb,
2839,Tusculum Pioneers,2017,espn,ncaafb,
2839,Tusculum Pioneers,2018,espn,ncaafb,
2839,Tusculum Pioneers,2019,espn,ncaafb,
2839,Tusculum Pioneers,2021,espn,ncaafb,
2839,Tusculum Pioneers,2022,espn,ncaafb,
2839,Tusculum Pioneers,2023,espn,ncaafb,
2839,Tusculum Pioneers,2024,espn,ncaafb,
2839,Tusculum Pioneers,2025,espn,ncaafb,
2841,Union College Dutchmen,2003,espn,ncaafb,
2841,Union College Dutchmen,2004,espn,ncaafb,
2841,Union Commonwealth (KY) Bulldogs,2005,espn,ncaafb,
2841,Union College Dutchmen,2006,espn,ncaafb,
2841,Union Commonwealth (KY) Bulldogs,2007,espn,ncaafb,
2841,Union Commonwealth (KY) Bulldogs,2009,espn,ncaafb,
2841,Union Commonwealth (KY) Bulldogs,2010,espn,ncaafb,
2841,Union Commonwealth (KY) Bulldogs,2011,espn,ncaafb,
2841,Union Commonwealth (KY) Bulldogs,2013,espn,ncaafb,
2841,Union College Dutchmen,2014,espn,ncaafb,
2841,Union College Bulldogs,2019,espn,ncaafb,
2841,Union College Bulldogs,2023,espn,ncaafb,
2842,Virginia-Wise Highland Cavaliers,2001,espn,ncaafb,
2842,UVA Wise Cavaliers,2007,espn,ncaafb,
2842,UVA-Wise Highland Cavaliers,2008,espn,ncaafb,
2842,UVA-Wise Highland Cavaliers,2009,espn,ncaafb,
2842,UVA-Wise Highland Cavaliers,2010,espn,ncaafb,
2842,UVA-Wise Highland Cavaliers,2011,espn,ncaafb,
2842,UVA Wise Cavaliers,2012,espn,ncaafb,
2842,UVA-Wise Highland Cavaliers,2013,espn,ncaafb,
2842,UVA-Wise Highland Cavaliers,2014,espn,ncaafb,
2842,UVA-Wise Highland Cavaliers,2015,espn,ncaafb,
2842,UVA-Wise Highland Cavaliers,2016,espn,ncaafb,
2842,UVA-Wise Highland Cavaliers,2017,espn,ncaafb,
2842,UVA-Wise Highland Cavaliers,2018,espn,ncaafb,
2842,UVA-Wise Cavaliers,2019,espn,ncaafb,
2842,UVA Wise Cavaliers,2021,espn,ncaafb,
2842,UVA Wise Cavaliers,2022,espn,ncaafb,
2842,UVA Wise Highland Cavaliers,2023,espn,ncaafb,
2842,UVA Wise Cavaliers,2024,espn,ncaafb,
2842,UVA Wise Cavaliers,2025,espn,ncaafb,
2843,Western Connecticut State Wolves,2005,espn,ncaafb,
2843,Western Connecticut State Colonials,2006,espn,ncaafb,
2843,Western Connecticut State Colonials,2007,espn,ncaafb,
2843,Western Connecticut State Colonials,2008,espn,ncaafb,
2843,Western Connecticut State Colonials,2009,espn,ncaafb,
2843,Western Connecticut State Colonials,2010,espn,ncaafb,
2843,Western Connecticut State Colonials,2011,espn,ncaafb,
2843,Western Connecticut State Colonials,2012,espn,ncaafb,
2843,Western Connecticut State Colonials,2013,espn,ncaafb,
2843,Western Connecticut State Colonials,2014,espn,ncaafb,
2843,Western Connecticut State Colonials,2015,espn,ncaafb,
2843,Western Connecticut State Colonials,2016,espn,ncaafb,
2843,Western Connecticut State Colonials,2017,espn,ncaafb,
2843,Western Connecticut State Colonials,2018,espn,ncaafb,
2843,Western Connecticut State Wolves,2019,espn,ncaafb,
2843,Western Connecticut State Wolves,2020,espn,ncaafb,
2843,Western Connecticut State Wolves,2021,espn,ncaafb,
2843,Western Connecticut State Wolves,2022,espn,ncaafb,
2843,Western Connecticut State Wolves,2023,espn,ncaafb,
2843,Western Connecticut State Wolves,2024,espn,ncaafb,
2843,Western Connecticut State Wolves,2025,espn,ncaafb,
2844,Wayne State (NE) Wildcats,2003,espn,ncaafb,
2844,Wayne State (NE) Wildcats,2007,espn,ncaafb,
2844,Wayne State (NE) Wildcats,2008,espn,ncaafb,
2844,Wayne State (NE) Wildcats,2009,espn,ncaafb,
2844,Wayne State (NE) Wildcats,2010,espn,ncaafb,
2844,Wayne State (NE) Wildcats,2011,espn,ncaafb,
2844,Wayne State (NE) Wildcats,2012,espn,ncaafb,
2844,Wayne State (NE) Wildcats,2013,espn,ncaafb,
2844,Wayne State (NE) Wildcats,2014,espn,ncaafb,
2844,Wayne State (NE) Wildcats,2015,espn,ncaafb,
2844,Wayne State (NE) Wildcats,2016,espn,ncaafb,
2844,Wayne State (NE) Wildcats,2017,espn,ncaafb,
2844,Wayne State (NE) Wildcats,2018,espn,ncaafb,
2844,Wayne State (NE) Wildcats,2019,espn,ncaafb,
2844,Wayne State (NE) Wildcats,2021,espn,ncaafb,
2844,Wayne State (NE) Wildcats,2022,espn,ncaafb,
2844,Wayne State (NE) Wildcats,2023,espn,ncaafb,
2844,Wayne State (NE) Wildcats,2024,espn,ncaafb,
2844,Wayne State (NE) Wildcats,2025,espn,ncaafb,
2845,Waynesburg Yellow Jackets,2007,espn,ncaafb,
2845,Waynesburg Yellow Jackets,2008,espn,ncaafb,
2845,Waynesburg Yellow Jackets,2009,espn,ncaafb,
2845,Waynesburg Yellow Jackets,2010,espn,ncaafb,
2845,Waynesburg Yellow Jackets,2011,espn,ncaafb,
2845,Waynesburg Yellow Jackets,2012,espn,ncaafb,
2845,Waynesburg Yellow Jackets,2013,espn,ncaafb,
2845,Waynesburg Yellow Jackets,2014,espn,ncaafb,
2845,Waynesburg Yellow Jackets,2015,espn,ncaafb,
2845,Waynesburg Yellow Jackets,2016,espn,ncaafb,
2845,Waynesburg Yellow Jackets,2017,espn,ncaafb,
2845,Waynesburg University Yellow Jackets,2018,espn,ncaafb,
2845,Waynesburg University Yellow Jackets,2019,espn,ncaafb,
2845,Waynesburg University Yellow Jackets,2021,espn,ncaafb,
2845,Waynesburg University Yellow Jackets,2022,espn,ncaafb,
2845,Waynesburg Yellow Jackets,2023,espn,ncaafb,
2845,Waynesburg Yellow Jackets,2024,espn,ncaafb,
2845,Waynesburg Yellow Jackets,2025,espn,ncaafb,
2846,Wesley College Wolverines,2002,espn,ncaafb,
2846,Wesley College Wolverines,2006,espn,ncaafb,
2846,Wesley College Wolverines,2007,espn,ncaafb,
2846,Wesley College Wolverines,2008,espn,ncaafb,
2846,Wesley College Wolverines,2009,espn,ncaafb,
2846,Wesley College Wolverines,2010,espn,ncaafb,
2846,Wesley College Wolverines,2011,espn,ncaafb,
2846,Wesley College Wolverines,2012,espn,ncaafb,
2846,Wesley College Wolverines,2013,espn,ncaafb,
2846,Wesley College Wolverines,2014,espn,ncaafb,
2846,Wesley College Wolverines,2015,espn,ncaafb,
2846,Wesley College Wolverines,2016,espn,ncaafb,
2846,Wesley College Wolverines,2017,espn,ncaafb,
2846,Wesley College Wolverines,2018,espn,ncaafb,
2846,Wesley College Wolverines,2019,espn,ncaafb,
2847,Western Washington Vikings,2001,espn,ncaafb,
2847,Western Washington Vikings,2002,espn,ncaafb,
2847,Western Washington Vikings,2003,espn,ncaafb,
2847,Western Washington Vikings,2007,espn,ncaafb,
2847,Western Washington Vikings,2008,espn,ncaafb,
2848,Western Oregon Wolves,2001,espn,ncaafb,
2848,Western Oregon Wolves,2002,espn,ncaafb,
2848,Western Oregon Wolves,2003,espn,ncaafb,
2848,Western Oregon Wolves,2004,espn,ncaafb,
2848,Western Oregon Wolves,2005,espn,ncaafb,
2848,Western Oregon Wolves,2006,espn,ncaafb,
2848,Western Oregon Wolves,2007,espn,ncaafb,
2848,Western Oregon Wolves,2008,espn,ncaafb,
2848,Western Oregon Wolves,2009,espn,ncaafb,
2848,Western Oregon Wolves,2010,espn,ncaafb,
2848,Western Oregon Wolves,2011,espn,ncaafb,
2848,Western Oregon Wolves,2012,espn,ncaafb,
2848,Western Oregon Wolves,2013,espn,ncaafb,
2848,Western Oregon Wolves,2014,espn,ncaafb,
2848,Western Oregon Wolves,2015,espn,ncaafb,
2848,Western Oregon Wolves,2016,espn,ncaafb,
2848,Western Oregon Wolves,2017,espn,ncaafb,
2848,Western Oregon Wolves,2018,espn,ncaafb,
2848,Western Oregon Wolves,2019,espn,ncaafb,
2848,Western Oregon Wolves,2021,espn,ncaafb,
2848,Western Oregon Wolves,2022,espn,ncaafb,
2848,Western Oregon Wolves,2023,espn,ncaafb,
2848,Western Oregon Wolves,2024,espn,ncaafb,
2848,Western Oregon Wolves,2025,espn,ncaafb,
2849,Westminster PA Titans,2007,espn,ncaafb,
2849,Westminster PA Titans,2008,espn,ncaafb,
2849,Westminster PA Titans,2009,espn,ncaafb,
2849,Westminster PA Titans,2010,espn,ncaafb,
2849,Westminster PA Titans,2011,espn,ncaafb,
2849,Westminster PA Titans,2012,espn,ncaafb,
2849,Westminster PA Titans,2013,espn,ncaafb,
2849,Westminster PA Titans,2014,espn,ncaafb,
2849,Westminster PA Titans,2015,espn,ncaafb,
2849,Westminster PA Titans,2016,espn,ncaafb,
2849,Westminster PA Titans,2017,espn,ncaafb,
2849,Westminster College (PA) Titans,2018,espn,ncaafb,
2849,Westminster College (PA) Titans,2019,espn,ncaafb,
2849,Westminster College (PA) Titans,2021,espn,ncaafb,
2849,Westminster College (PA) Titans,2022,espn,ncaafb,
2849,Westminster (PA) Titans,2023,espn,ncaafb,
2849,Westminster (PA) Titans,2024,espn,ncaafb,
2849,Westminster (PA) Titans,2025,espn,ncaafb,
2850,Whittier Poets,2007,espn,ncaafb,
2850,Whittier Poets,2008,espn,ncaafb,
2850,Whittier Poets,2009,espn,ncaafb,
2850,Whittier Poets,2010,espn,ncaafb,
2850,Whittier Poets,2011,espn,ncaafb,
2850,Whittier Poets,2012,espn,ncaafb,
2850,Whittier Poets,2013,espn,ncaafb,
2850,Whittier Poets,2014,espn,ncaafb,
2850,Whittier Poets,2015,espn,ncaafb,
2850,Whittier Poets,2016,espn,ncaafb,
2850,Whittier Poets,2017,espn,ncaafb,
2850,Whittier College Poets,2018,espn,ncaafb,
2850,Whittier College Poets,2019,espn,ncaafb,
2850,Whittier College Poets,2021,espn,ncaafb,
2850,Whittier College Poets,2022,espn,ncaafb,
2851,Winona State Warriors,2004,espn,ncaafb,
2851,Winona State Warriors,2007,espn,ncaafb,
2851,Winona State Warriors,2008,espn,ncaafb,
2851,Winona State Warriors,2009,espn,ncaafb,
2851,Winona State Warriors,2010,espn,ncaafb,
2851,Winona State Warriors,2011,espn,ncaafb,
2851,Winona State Warriors,2012,espn,ncaafb,
2851,Winona State Warriors,2013,espn,ncaafb,
2851,Winona State Warriors,2014,espn,ncaafb,
2851,Winona State Warriors,2015,espn,ncaafb,
2851,Winona State Warriors,2016,espn,ncaafb,
2851,Winona State Warriors,2017,espn,ncaafb,
2851,Winona State Warriors,2018,espn,ncaafb,
2851,Winona State Warriors,2019,espn,ncaafb,
2851,Winona State Warriors,2021,espn,ncaafb,
2851,Winona State Warriors,2022,espn,ncaafb,
2851,Winona State Warriors,2023,espn,ncaafb,
2851,Winona State Warriors,2024,espn,ncaafb,
2851,Winona State Warriors,2025,espn,ncaafb,
2858,California (PA) Vulcans,2003,espn,ncaafb,
2858,California (PA) Vulcans,2005,espn,ncaafb,
2858,California (PA) Vulcans,2007,espn,ncaafb,
2858,California (PA) Vulcans,2008,espn,ncaafb,
2858,California (PA) Vulcans,2009,espn,ncaafb,
2858,California (PA) Vulcans,2010,espn,ncaafb,
2858,California (PA) Vulcans,2011,espn,ncaafb,
2858,California (PA) Vulcans,2012,espn,ncaafb,
2858,California (PA) Vulcans,2013,espn,ncaafb,
2858,California (PA) Vulcans,2014,espn,ncaafb,
2858,California (PA) Vulcans,2015,espn,ncaafb,
2858,California (PA) Vulcans,2016,espn,ncaafb,
2858,California (PA) Vulcans,2017,espn,ncaafb,
2858,California (PA) Vulcans,2018,espn,ncaafb,
2858,California (PA) Vulcans,2019,espn,ncaafb,
2858,California (PA) Vulcans,2020,espn,ncaafb,
2858,California (PA) Vulcans,2021,espn,ncaafb,
2858,California (PA) Vulcans,2022,espn,ncaafb,
2858,California (PA) Vulcans,2023,espn,ncaafb,
2858,California (PA) Vulcans,2024,espn,ncaafb,
2858,California (PA) Vulcans,2025,espn,ncaafb,
2860,Central Methodist Eagles,2008,espn,ncaafb,
2860,Central Methodist Eagles,2009,espn,ncaafb,
2860,Central Methodist Eagles,2011,espn,ncaafb,
2860,Central Methodist Eagles,2014,espn,ncaafb,
2860,Central Methodist Eagles,2025,espn,ncaafb,
2865,Evangel Crusaders,2008,espn,ncaafb,
2865,Evangel Crusaders,2011,espn,ncaafb,
2865,Evangel University Crusaders,2012,espn,ncaafb,
2871,Kean Cougars,2005,espn,ncaafb,
2871,Kean Cougars,2007,espn,ncaafb,
2871,Kean Cougars,2008,espn,ncaafb,
2871,Kean Cougars,2009,espn,ncaafb,
2871,Kean Cougars,2010,espn,ncaafb,
2871,Kean Cougars,2011,espn,ncaafb,
2871,Kean Cougars,2012,espn,ncaafb,
2871,Kean Cougars,2013,espn,ncaafb,
2871,Kean Cougars,2014,espn,ncaafb,
2871,Kean Cougars,2015,espn,ncaafb,
2871,Kean Cougars,2016,espn,ncaafb,
2871,Kean Cougars,2017,espn,ncaafb,
2871,Kean University Cougars,2018,espn,ncaafb,
2871,Kean University Cougars,2019,espn,ncaafb,
2871,Kean University Cougars,2021,espn,ncaafb,
2871,Kean University Cougars,2022,espn,ncaafb,
2871,Kean University Cougars,2023,espn,ncaafb,
2871,Kean Cougars,2024,espn,ncaafb,
2871,Kean Cougars,2025,espn,ncaafb,
2876,Lincoln (MO) Blue Tigers,2003,espn,ncaafb,
2876,Lincoln (MO) Blue Tigers,2004,espn,ncaafb,
2876,Lincoln (MO) Blue Tigers,2005,espn,ncaafb,
2876,Lincoln (MO) Blue Tigers,2006,espn,ncaafb,
2876,Lincoln (MO) Blue Tigers,2007,espn,ncaafb,
2876,Lincoln (MO) Blue Tigers,2008,espn,ncaafb,
2876,Lincoln (MO) Blue Tigers,2009,espn,ncaafb,
2876,Lincoln (MO) Blue Tigers,2010,espn,ncaafb,
2876,Lincoln (MO) Blue Tigers,2011,espn,ncaafb,
2876,Lincoln (MO) Blue Tigers,2012,espn,ncaafb,
2876,Lincoln (MO) Blue Tigers,2013,espn,ncaafb,
2876,Lincoln (MO) Blue Tigers,2014,espn,ncaafb,
2876,Lincoln (MO) Blue Tigers,2015,espn,ncaafb,
2876,Lincoln (MO) Blue Tigers,2016,espn,ncaafb,
2876,Lincoln (MO) Blue Tigers,2017,espn,ncaafb,
2876,Lincoln (MO) Blue Tigers,2018,espn,ncaafb,
2876,Lincoln (MO) Blue Tigers,2019,espn,ncaafb,
2876,Lincoln (MO) Blue Tigers,2021,espn,ncaafb,
2876,Lincoln (MO) Blue Tigers,2022,espn,ncaafb,
2876,Lincoln (MO) Blue Tigers,2023,espn,ncaafb,
2876,Lincoln (MO) Blue Tigers,2024,espn,ncaafb,
2876,Lincoln (MO) Blue Tigers,2025,espn,ncaafb,
2877,Lindsey Wilson LINDSEY,2013,espn,ncaafb,
2877,Lindsey Wilson Blue Raiders,2014,espn,ncaafb,
2877,Lindsey Wilson Blue Raiders,2018,espn,ncaafb,
2880,Missouri Baptist Spartans,2014,espn,ncaafb,
2880,Missouri Baptist Spartans,2017,espn,ncaafb,
2880,Missouri Baptist Spartans,2018,espn,ncaafb,
2882,UNC Pembroke Braves,2007,espn,ncaafb,
2882,UNC Pembroke Braves,2008,espn,ncaafb,
2882,UNC Pembroke Braves,2009,espn,ncaafb,
2882,UNC Pembroke Braves,2010,espn,ncaafb,
2882,UNC Pembroke Braves,2011,espn,ncaafb,
2882,UNC Pembroke Braves,2012,espn,ncaafb,
2882,UNC Pembroke Braves,2013,espn,ncaafb,
2882,UNC Pembroke Braves,2014,espn,ncaafb,
2882,UNC Pembroke Braves,2015,espn,ncaafb,
2882,UNC Pembroke Braves,2016,espn,ncaafb,
2882,UNC Pembroke Braves,2017,espn,ncaafb,
2882,North Carolina Pembroke Braves,2018,espn,ncaafb,
2882,North Carolina Pembroke Braves,2019,espn,ncaafb,
2882,North Carolina Pembroke Braves,2021,espn,ncaafb,
2882,North Carolina Pembroke Braves,2022,espn,ncaafb,
2882,UNC Pembroke Braves,2023,espn,ncaafb,
2882,UNC Pembroke Braves,2024,espn,ncaafb,
2882,UNC Pembroke Braves,2025,espn,ncaafb,
2884,Nichols Bison,2007,espn,ncaafb,
2884,Nichols Bison,2008,espn,ncaafb,
2884,Nichols Bison,2009,espn,ncaafb,
2884,Nichols Bison,2010,espn,ncaafb,
2884,Nichols Bison,2011,espn,ncaafb,
2884,Nichols Bison,2012,espn,ncaafb,
2884,Nichols Bison,2013,espn,ncaafb,
2884,Nichols Bison,2014,espn,ncaafb,
2884,Nichols Bison,2015,espn,ncaafb,
2884,Nichols Bison,2016,espn,ncaafb,
2884,Nichols Bison,2017,espn,ncaafb,
2884,Nichols Bison,2018,espn,ncaafb,
2884,Nichols Bison,2019,espn,ncaafb,
2884,Nichols Bison,2020,espn,ncaafb,
2884,Nichols Bison,2021,espn,ncaafb,
2884,Nichols Bison,2022,espn,ncaafb,
2884,Nichols Bison,2023,espn,ncaafb,
2884,Nichols College Bison,2024,espn,ncaafb,
2884,Nichols College Bison,2025,espn,ncaafb,
2886,Northwood (MI) Timberwolves,2007,espn,ncaafb,
2886,Northwood (MI) Timberwolves,2008,espn,ncaafb,
2886,Northwood (MI) Timberwolves,2009,espn,ncaafb,
2886,Northwood (MI) Timberwolves,2010,espn,ncaafb,
2886,Northwood (MI) Timberwolves,2011,espn,ncaafb,
2886,Northwood (MI) Timberwolves,2012,espn,ncaafb,
2886,Northwood (MI) Timberwolves,2013,espn,ncaafb,
2886,Northwood (MI) Timberwolves,2014,espn,ncaafb,
2886,Northwood (MI) Timberwolves,2015,espn,ncaafb,
2886,Northwood (MI) Timberwolves,2016,espn,ncaafb,
2886,Northwood (MI) Timberwolves,2017,espn,ncaafb,
2886,Northwood University Timberwolves,2018,espn,ncaafb,
2886,Northwood University Timberwolves,2019,espn,ncaafb,
2886,Northwood University Timberwolves,2021,espn,ncaafb,
2886,Northwood University Timberwolves,2022,espn,ncaafb,
2886,Northwood (MI) Timberwolves,2023,espn,ncaafb,
2886,Northwood (MI) Timberwolves,2024,espn,ncaafb,
2886,Northwood (MI) Timberwolves,2025,espn,ncaafb,
2888,Ouachita Baptist Tigers,2004,espn,ncaafb,
2888,Ouachita Baptist Tigers,2007,espn,ncaafb,
2888,Ouachita Baptist Tigers,2008,espn,ncaafb,
2888,Ouachita Baptist Tigers,2009,espn,ncaafb,
2888,Ouachita Baptist Tigers,2010,espn,ncaafb,
2888,Ouachita Baptist Tigers,2011,espn,ncaafb,
2888,Ouachita Baptist Tigers,2012,espn,ncaafb,
2888,Ouachita Baptist Tigers,2013,espn,ncaafb,
2888,Ouachita Baptist Tigers,2014,espn,ncaafb,
2888,Ouachita Baptist Tigers,2015,espn,ncaafb,
2888,Ouachita Baptist Tigers,2016,espn,ncaafb,
2888,Ouachita Baptist Tigers,2017,espn,ncaafb,
2888,Ouachita Baptist Tigers,2018,espn,ncaafb,
2888,Ouachita Baptist Tigers,2019,espn,ncaafb,
2888,Ouachita Baptist Tigers,2021,espn,ncaafb,
2888,Ouachita Baptist Tigers,2022,espn,ncaafb,
2888,Ouachita Baptist Tigers,2023,espn,ncaafb,
2888,Ouachita Baptist Tigers,2024,espn,ncaafb,
2888,Ouachita Baptist Tigers,2025,espn,ncaafb,
2890,Reinhardt Eagles,2013,espn,ncaafb,
2890,Reinhardt Eagles,2014,espn,ncaafb,
2890,Reinhardt Eagles,2019,espn,ncaafb,
2890,Reinhardt Eagles,2021,espn,ncaafb,
2890,Reinhardt Eagles,2024,espn,ncaafb,
2891,Ripon Red Hawks,2007,espn,ncaafb,
2891,Ripon Red Hawks,2008,espn,ncaafb,
2891,Ripon Red Hawks,2009,espn,ncaafb,
2891,Ripon Red Hawks,2010,espn,ncaafb,
2891,Ripon Red Hawks,2011,espn,ncaafb,
2891,Ripon Red Hawks,2012,espn,ncaafb,
2891,Ripon Red Hawks,2013,espn,ncaafb,
2891,Ripon Red Hawks,2014,espn,ncaafb,
2891,Ripon Red Hawks,2015,espn,ncaafb,
2891,Ripon Red Hawks,2016,espn,ncaafb,
2891,Ripon Redhawks,2017,espn,ncaafb,
2891,Ripon College Redhawks,2018,espn,ncaafb,
2891,Ripon Red Hawks,2019,espn,ncaafb,
2891,Ripon Red Hawks,2020,espn,ncaafb,
2891,Ripon Red Hawks,2021,espn,ncaafb,
2891,Ripon Red Hawks,2022,espn,ncaafb,
2891,Ripon Red Hawks,2023,espn,ncaafb,
2891,Ripon Red Hawks,2024,espn,ncaafb,
2891,Ripon Red Hawks,2025,espn,ncaafb,
2894,Sioux Falls Cougars,2009,espn,ncaafb,
2894,Sioux Falls Cougars,2011,espn,ncaafb,
2894,Sioux Falls Cougars,2012,espn,ncaafb,
2894,Sioux Falls Cougars,2013,espn,ncaafb,
2894,Sioux Falls Cougars,2014,espn,ncaafb,
2894,Sioux Falls Cougars,2015,espn,ncaafb,
2894,Sioux Falls Cougars,2016,espn,ncaafb,
2894,Sioux Falls Cougars,2017,espn,ncaafb,
2894,Sioux Falls Cougars,2018,espn,ncaafb,
2894,Sioux Falls Cougars,2019,espn,ncaafb,
2894,Sioux Falls Cougars,2021,espn,ncaafb,
2894,Sioux Falls Cougars,2022,espn,ncaafb,
2894,Sioux Falls Cougars,2023,espn,ncaafb,
2894,Sioux Falls Cougars,2024,espn,ncaafb,
2894,Sioux Falls Cougars,2025,espn,ncaafb,
2896,Southern Virginia Knights,2006,espn,ncaafb,
2896,Southern Virginia Knights,2007,espn,ncaafb,
2896,Southern Virginia Knights,2008,espn,ncaafb,
2896,Southern Virginia Knights,2009,espn,ncaafb,
2896,Southern Virginia Knights,2010,espn,ncaafb,
2896,Southern Virginia Knights,2011,espn,ncaafb,
2896,Southern Virginia Knights,2012,espn,ncaafb,
2896,Southern Virginia Knights,2013,espn,ncaafb,
2896,Southern Virginia Knights,2014,espn,ncaafb,
2896,Southern Virginia Knights,2015,espn,ncaafb,
2896,Southern Virginia Knights,2016,espn,ncaafb,
2896,Southern Virginia Knights,2017,espn,ncaafb,
2896,Southern Virginia Knights,2018,espn,ncaafb,
2896,Southern Virginia Knights,2019,espn,ncaafb,
2896,Southern Virginia Knights,2020,espn,ncaafb,
2896,Southern Virginia Knights,2021,espn,ncaafb,
2896,Southern Virginia Knights,2022,espn,ncaafb,
2896,Southern Virginia Knights,2023,espn,ncaafb,
2896,Southern Virginia Knights,2024,espn,ncaafb,
2896,Southern Virginia Knights,2025,espn,ncaafb,
2900,St. Thomas (MN) Tommies,2007,espn,ncaafb,
2900,St. Thomas (MN) Tommies,2008,espn,ncaafb,
2900,St. Thomas (MN) Tommies,2009,espn,ncaafb,
2900,St. Thomas (MN) Tommies,2010,espn,ncaafb,
2900,St. Thomas (MN) Tommies,2011,espn,ncaafb,
2900,St. Thomas (MN) Tommies,2012,espn,ncaafb,
2900,St. Thomas (MN) Tommies,2013,espn,ncaafb,
2900,St. Thomas (MN) Tommies,2014,espn,ncaafb,
2900,St. Thomas (MN) Tommies,2015,espn,ncaafb,
2900,St. Thomas (MN) Tommies,2016,espn,ncaafb,
2900,St. Thomas (MN) Tommies,2017,espn,ncaafb,
2900,University of St. Thomas (MN) Tommies,2018,espn,ncaafb,
2900,University of St. Thomas (MN) Tommies,2019,espn,ncaafb,
2900,St. Thomas - Minnesota Tommies,2021,espn,ncaafb,
2900,St. Thomas - Minnesota Tommies,2022,espn,ncaafb,
2900,St. Thomas-Minnesota Tommies,2023,espn,ncaafb,
2900,St. Thomas-Minnesota Tommies,2024,espn,ncaafb,
2900,St. Thomas-Minnesota Tommies,2025,espn,ncaafb,
2904,Nelson (TX) Lions,2007,espn,ncaafb,
2904,Southwestern Assemblies of God Lions,2008,espn,ncaafb,
2904,Southwestern Assemblies of God Lions,2009,espn,ncaafb,
2904,Southwestern Assemblies of God Lions,2010,espn,ncaafb,
2904,Southwestern Assemblies of God Lions,2011,espn,ncaafb,
2904,Southwestern Assemblies of God Lions,2012,espn,ncaafb,
2904,Southwestern Assemblies of God Lions,2013,espn,ncaafb,
2904,Southwestern Assemblies of God Lions,2014,espn,ncaafb,
2904,Southwestern Assemblies of God Lions,2015,espn,ncaafb,
2904,Southwestern Assemblies of God Lions,2016,espn,ncaafb,
2904,Southwestern Assemblies of God Lions,2017,espn,ncaafb,
2904,Southwestern Assemblies of God Lions,2018,espn,ncaafb,
2904,Southwestern Assemblies of God Lions,2019,espn,ncaafb,
2904,Southwestern Assemblies of God Lions,2021,espn,ncaafb,
2904,Southwestern Assemblies of God Lions,2023,espn,ncaafb,
2904,Nelson University Lions,2024,espn,ncaafb,
2904,Nelson University Lions,2025,espn,ncaafb,
2907,Trinity International (IL) Trojans,2001,espn,ncaafb,
2907,Trinity International (IL) Trojans,2006,espn,ncaafb,
2907,Trinity International Trojans,2007,espn,ncaafb,
2907,Trinity International Trojans,2008,espn,ncaafb,
2907,Trinity International (IL) Trojans,2014,espn,ncaafb,
2907,Trinity International (IL) Trojans,2015,espn,ncaafb,
2907,Trinity International (IL) Trojans,2016,espn,ncaafb,
2907,Trinity International (IL) Trojans,2017,espn,ncaafb,
2907,Trinity International (IL) Trojans,2018,espn,ncaafb,
2907,Trinity International (IL) Trojans,2019,espn,ncaafb,
2907,Trinity International (IL) Trojans,2021,espn,ncaafb,
2907,Trinity International (IL) Trojans,2022,espn,ncaafb,
2909,Westfield State Owls,2007,espn,ncaafb,
2909,Westfield State Owls,2008,espn,ncaafb,
2909,Westfield State Owls,2009,espn,ncaafb,
2909,Westfield State Owls,2010,espn,ncaafb,
2909,Westfield State Owls,2011,espn,ncaafb,
2909,Westfield State Owls,2012,espn,ncaafb,
2909,Westfield State Owls,2013,espn,ncaafb,
2909,Westfield State Owls,2014,espn,ncaafb,
2909,Westfield State Owls,2015,espn,ncaafb,
2909,Westfield State Owls,2016,espn,ncaafb,
2909,Westfield State Owls,2017,espn,ncaafb,
2909,Westfield State Owls,2018,espn,ncaafb,
2909,Westfield State Owls,2019,espn,ncaafb,
2909,Westfield State Owls,2020,espn,ncaafb,
2909,Westfield State Owls,2021,espn,ncaafb,
2909,Westfield State Owls,2022,espn,ncaafb,
2909,Westfield State Owls,2023,espn,ncaafb,
2909,Westfield State Owls,2024,espn,ncaafb,
2909,Westfield State Owls,2025,espn,ncaafb,
2911,William Jewell Cardinals,2010,espn,ncaafb,
2911,William Jewell Cardinals,2011,espn,ncaafb,
2911,William Jewell College Cardinals,2012,espn,ncaafb,
2911,William Jewell College Cardinals,2013,espn,ncaafb,
2911,William Jewell College Cardinals,2014,espn,ncaafb,
2911,William Jewell College Cardinals,2015,espn,ncaafb,
2911,William Jewell College Cardinals,2016,espn,ncaafb,
2911,William Jewell College Cardinals,2017,espn,ncaafb,
2911,William Jewell College Cardinals,2018,espn,ncaafb,
2911,William Jewell College Cardinals,2019,espn,ncaafb,
2911,William Jewell College Cardinals,2021,espn,ncaafb,
2911,William Jewell College Cardinals,2022,espn,ncaafb,
2911,William Jewell Cardinals,2023,espn,ncaafb,
2911,William Jewell Cardinals,2024,espn,ncaafb,
2911,William Jewell Cardinals,2025,espn,ncaafb,
2912,William Penn Statesmen,2003,espn,ncaafb,
2912,William Penn Statesmen,2004,espn,ncaafb,
2912,William Penn Statesmen,2005,espn,ncaafb,
2912,William Penn Statesmen,2006,espn,ncaafb,
2912,William Penn Statesmen,2008,espn,ncaafb,
2912,William Penn Statesmen,2009,espn,ncaafb,
2912,William Penn Statesmen,2011,espn,ncaafb,
2912,William Penn Statesmen,2012,espn,ncaafb,
2912,William Penn Statesmen,2013,espn,ncaafb,
2912,William Penn Statesmen,2014,espn,ncaafb,
2913,Brevard College Tornados,2007,espn,ncaafb,
2913,Brevard College Tornados,2008,espn,ncaafb,
2913,Brevard College Tornados,2009,espn,ncaafb,
2913,Brevard College Tornados,2010,espn,ncaafb,
2913,Brevard College Tornados,2011,espn,ncaafb,
2913,Brevard College Tornados,2012,espn,ncaafb,
2913,Brevard College Tornados,2013,espn,ncaafb,
2913,Brevard College Tornados,2014,espn,ncaafb,
2913,Brevard College Tornados,2015,espn,ncaafb,
2913,Brevard College Tornados,2016,espn,ncaafb,
2913,Brevard College Tornados,2017,espn,ncaafb,
2913,Brevard College Tornados,2018,espn,ncaafb,
2913,Brevard College Tornados,2019,espn,ncaafb,
2913,Brevard College Tornados,2021,espn,ncaafb,
2913,Brevard College Tornados,2022,espn,ncaafb,
2913,Brevard College Tornados,2023,espn,ncaafb,
2913,Brevard College Tornados,2024,espn,ncaafb,
2913,Brevard College Tornados,2025,espn,ncaafb,
2916,Incarnate Word Cardinals,2009,espn,ncaafb,
2916,Incarnate Word Cardinals,2010,espn,ncaafb,
2916,Incarnate Word Cardinals,2011,espn,ncaafb,
2916,Incarnate Word Cardinals,2012,espn,ncaafb,
2916,Incarnate Word Cardinals,2013,espn,ncaafb,
2916,Incarnate Word Cardinals,2014,espn,ncaafb,
2916,Incarnate Word Cardinals,2015,espn,ncaafb,
2916,Incarnate Word Cardinals,2016,espn,ncaafb,
2916,Incarnate Word Cardinals,2017,espn,ncaafb,
2916,Incarnate Word Cardinals,2018,espn,ncaafb,
2916,Incarnate Word Cardinals,2019,espn,ncaafb,
2916,Incarnate Word Cardinals,2020,espn,ncaafb,
2916,Incarnate Word Cardinals,2021,espn,ncaafb,
2916,Incarnate Word Cardinals,2022,espn,ncaafb,
2916,Incarnate Word Cardinals,2023,espn,ncaafb,
2916,Incarnate Word Cardinals,2024,espn,ncaafb,
2916,Incarnate Word Cardinals,2025,espn,ncaafb,
2919,Monmouth (IL) Fighting Scots,2007,espn,ncaafb,
2919,Monmouth (IL) Fighting Scots,2008,espn,ncaafb,
2919,Monmouth (IL) Fighting Scots,2009,espn,ncaafb,
2919,Monmouth (IL) Fighting Scots,2010,espn,ncaafb,
2919,Monmouth (IL) Fighting Scots,2011,espn,ncaafb,
2919,Monmouth (IL) Fighting Scots,2012,espn,ncaafb,
2919,Monmouth (IL) Fighting Scots,2013,espn,ncaafb,
2919,Monmouth (IL) Fighting Scots,2014,espn,ncaafb,
2919,Monmouth (IL) Fighting Scots,2015,espn,ncaafb,
2919,Monmouth (IL) Fighting Scots,2016,espn,ncaafb,
2919,Monmouth (IL) Fighting Scots,2017,espn,ncaafb,
2919,Monmouth (IL) Fighting Scots,2018,espn,ncaafb,
2919,Monmouth (IL) Fighting Scots,2019,espn,ncaafb,
2919,Monmouth (IL) Fighting Scots,2020,espn,ncaafb,
2919,Monmouth (IL) Fighting Scots,2021,espn,ncaafb,
2919,Monmouth (IL) Fighting Scots,2022,espn,ncaafb,
2919,Monmouth (IL) Fighting Scots,2023,espn,ncaafb,
2919,Monmouth (IL) Fighting Scots,2024,espn,ncaafb,
2919,Monmouth (IL) Fighting Scots,2025,espn,ncaafb,
2922,Olivet Nazarene Tigers,2007,espn,ncaafb,
2922,Olivet Nazarene Tigers,2010,espn,ncaafb,
2922,Olivet Nazarene Tigers,2011,espn,ncaafb,
2923,Pomona-Pitzer Sagehens,2007,espn,ncaafb,
2923,Pomona-Pitzer Sagehens,2008,espn,ncaafb,
2923,Pomona-Pitzer Sagehens,2009,espn,ncaafb,
2923,Pomona-Pitzer Sagehens,2010,espn,ncaafb,
2923,Pomona-Pitzer Sagehens,2011,espn,ncaafb,
2923,Pomona-Pitzer Sagehens,2012,espn,ncaafb,
2923,Pomona-Pitzer Sagehens,2013,espn,ncaafb,
2923,Pomona-Pitzer Sagehens,2014,espn,ncaafb,
2923,Pomona-Pitzer Sagehens,2015,espn,ncaafb,
2923,Pomona-Pitzer Sagehens,2016,espn,ncaafb,
2923,Pomona-Pitzer Sagehens,2017,espn,ncaafb,
2923,Pomona-Pitzer Colleges Sagehens,2018,espn,ncaafb,
2923,Pomona-Pitzer Colleges Sagehens,2019,espn,ncaafb,
2923,Pomona-Pitzer Colleges Sagehens,2021,espn,ncaafb,
2923,Pomona-Pitzer Colleges Sagehens,2022,espn,ncaafb,
2923,Pomona Pitzer Sagehens,2023,espn,ncaafb,
2923,Pomona Pitzer Sagehens,2024,espn,ncaafb,
2923,Pomona Pitzer Sagehens,2025,espn,ncaafb,
2927,Southwestern Oklahoma Bulldogs,2002,espn,ncaafb,
2927,Southwestern Oklahoma Bulldogs,2003,espn,ncaafb,
2927,Southwestern Oklahoma Bulldogs,2007,espn,ncaafb,
2927,Southwestern Oklahoma Bulldogs,2008,espn,ncaafb,
2927,Southwestern Oklahoma Bulldogs,2009,espn,ncaafb,
2927,Southwestern Oklahoma Bulldogs,2010,espn,ncaafb,
2927,Southwestern Oklahoma Bulldogs,2011,espn,ncaafb,
2927,Southwestern Oklahoma Bulldogs,2012,espn,ncaafb,
2927,Southwestern Oklahoma Bulldogs,2013,espn,ncaafb,
2927,Southwestern Oklahoma Bulldogs,2014,espn,ncaafb,
2927,Southwestern Oklahoma Bulldogs,2015,espn,ncaafb,
2927,Southwestern Oklahoma Bulldogs,2016,espn,ncaafb,
2927,Southwestern Oklahoma Bulldogs,2017,espn,ncaafb,
2927,Southwestern Oklahoma Bulldogs,2018,espn,ncaafb,
2927,Southwestern Oklahoma Bulldogs,2019,espn,ncaafb,
2927,Southwestern Oklahoma Bulldogs,2021,espn,ncaafb,
2927,Southwestern Oklahoma Bulldogs,2022,espn,ncaafb,
2927,Southwestern Oklahoma State Bulldogs,2023,espn,ncaafb,
2927,Southwestern Oklahoma State Bulldogs,2024,espn,ncaafb,
2927,Southwestern Oklahoma State Bulldogs,2025,espn,ncaafb,
2930,Willamette Bearcats,2007,espn,ncaafb,
2930,Willamette Bearcats,2008,espn,ncaafb,
2930,Willamette Bearcats,2009,espn,ncaafb,
2930,Willamette Bearcats,2010,espn,ncaafb,
2930,Willamette Bearcats,2011,espn,ncaafb,
2930,Willamette Bearcats,2012,espn,ncaafb,
2930,Willamette Bearcats,2013,espn,ncaafb,
2930,Willamette Bearcats,2014,espn,ncaafb,
2930,Willamette Bearcats,2015,espn,ncaafb,
2930,Willamette Bearcats,2016,espn,ncaafb,
2930,Willamette Bearcats,2017,espn,ncaafb,
2930,Willamette Bearcats,2018,espn,ncaafb,
2930,Willamette Bearcats,2019,espn,ncaafb,
2930,Willamette Bearcats,2021,espn,ncaafb,
2930,Willamette Bearcats,2022,espn,ncaafb,
2930,Willamette Bearcats,2023,espn,ncaafb,
2930,Willamette Bearcats,2024,espn,ncaafb,
2930,Willamette Bearcats,2025,espn,ncaafb,
2938,Huntingdon Hawks,2004,espn,ncaafb,
2938,Huntingdon Hawks,2007,espn,ncaafb,
2938,Huntingdon Hawks,2008,espn,ncaafb,
2938,Huntingdon Hawks,2009,espn,ncaafb,
2938,Huntingdon Hawks,2010,espn,ncaafb,
2938,Huntingdon Hawks,2011,espn,ncaafb,
2938,Huntingdon Hawks,2012,espn,ncaafb,
2938,Huntingdon Hawks,2013,espn,ncaafb,
2938,Huntingdon Hawks,2014,espn,ncaafb,
2938,Huntingdon Hawks,2015,espn,ncaafb,
2938,Huntingdon Hawks,2016,espn,ncaafb,
2938,Huntingdon Hawks,2017,espn,ncaafb,
2938,Huntingdon Hawks,2018,espn,ncaafb,
2938,Huntingdon Hawks,2019,espn,ncaafb,
2938,Huntingdon Hawks,2021,espn,ncaafb,
2938,Huntingdon Hawks,2022,espn,ncaafb,
2938,Huntingdon College (AL) Hawks,2023,espn,ncaafb,
2938,Huntingdon College (AL) Hawks,2024,espn,ncaafb,
2938,Huntingdon College (AL) Hawks,2025,espn,ncaafb,
2939,Jamestown Jimmies,2007,espn,ncaafb,
2939,Jamestown Jimmies,2008,espn,ncaafb,
2939,Jamestown Jimmies,2009,espn,ncaafb,
2939,Jamestown Jimmies,2010,espn,ncaafb,
2939,Jamestown Jimmies,2011,espn,ncaafb,
2939,Jamestown Jimmies,2012,espn,ncaafb,
2939,Jamestown Jimmies,2013,espn,ncaafb,
2939,Jamestown Jimmies,2014,espn,ncaafb,
2939,Jamestown Jimmies,2015,espn,ncaafb,
2939,Jamestown Jimmies,2016,espn,ncaafb,
2939,Jamestown Jimmies,2024,espn,ncaafb,
2939,Jamestown Jimmies,2025,espn,ncaafb,
2940,Livingstone Blue Bears,2007,espn,ncaafb,
2940,Livingstone Blue Bears,2008,espn,ncaafb,
2940,Livingstone Blue Bears,2009,espn,ncaafb,
2940,Livingstone Blue Bears,2010,espn,ncaafb,
2940,Livingstone Blue Bears,2011,espn,ncaafb,
2940,Livingstone Blue Bears,2012,espn,ncaafb,
2940,Livingstone Blue Bears,2013,espn,ncaafb,
2940,Livingstone Blue Bears,2014,espn,ncaafb,
2940,Livingstone Blue Bears,2015,espn,ncaafb,
2940,Livingstone Blue Bears,2016,espn,ncaafb,
2940,Livingstone Blue Bears,2017,espn,ncaafb,
2940,Livingstone Blue Bears,2018,espn,ncaafb,
2940,Livingstone Blue Bears,2019,espn,ncaafb,
2940,Livingstone Blue Bears,2020,espn,ncaafb,
2940,Livingstone Blue Bears,2021,espn,ncaafb,
2940,Livingstone Blue Bears,2022,espn,ncaafb,
2940,Livingstone Blue Bears,2023,espn,ncaafb,
2940,Livingstone Blue Bears,2024,espn,ncaafb,
2940,Livingstone Blue Bears,2025,espn,ncaafb,
2948,Stillman Tigers,2002,espn,ncaafb,
2948,Stillman Tigers,2003,espn,ncaafb,
2948,Stillman Tigers,2004,espn,ncaafb,
2948,Stillman Tigers,2006,espn,ncaafb,
2948,Stillman Tigers,2007,espn,ncaafb,
2948,Stillman Tigers,2008,espn,ncaafb,
2948,Stillman Tigers,2009,espn,ncaafb,
2948,Stillman Tigers,2010,espn,ncaafb,
2948,Stillman Tigers,2011,espn,ncaafb,
2948,Stillman Tigers,2012,espn,ncaafb,
2948,Stillman Tigers,2013,espn,ncaafb,
2948,Stillman Tigers,2014,espn,ncaafb,
2948,Stillman Tigers,2015,espn,ncaafb,
2951,SUNY Maritime Privateers,2007,espn,ncaafb,
2951,SUNY Maritime Privateers,2008,espn,ncaafb,
2951,SUNY Maritime Privateers,2009,espn,ncaafb,
2951,SUNY Maritime Privateers,2010,espn,ncaafb,
2951,SUNY Maritime Privateers,2011,espn,ncaafb,
2951,SUNY Maritime Privateers,2012,espn,ncaafb,
2951,SUNY Maritime Privateers,2013,espn,ncaafb,
2951,SUNY Maritime Privateers,2014,espn,ncaafb,
2951,SUNY Maritime Privateers,2015,espn,ncaafb,
2951,SUNY Maritime Privateers,2016,espn,ncaafb,
2951,SUNY Maritime Privateers,2017,espn,ncaafb,
2951,SUNY Maritime Privateers,2018,espn,ncaafb,
2951,SUNY Maritime Privateers,2019,espn,ncaafb,
2951,SUNY Maritime Privateers,2020,espn,ncaafb,
2951,SUNY Maritime Privateers,2021,espn,ncaafb,
2951,SUNY Maritime Privateers,2022,espn,ncaafb,
2951,SUNY Maritime Privateers,2023,espn,ncaafb,
2951,SUNY Maritime Privateers,2024,espn,ncaafb,
2951,SUNY Maritime Privateers,2025,espn,ncaafb,
2963,Case Western Reserve Spartans,2007,espn,ncaafb,
2963,Case Western Reserve Spartans,2008,espn,ncaafb,
2963,Case Western Reserve Spartans,2009,espn,ncaafb,
2963,Case Western Reserve Spartans,2010,espn,ncaafb,
2963,Case Western Reserve Spartans,2011,espn,ncaafb,
2963,Case Western Reserve Spartans,2012,espn,ncaafb,
2963,Case Western Reserve Spartans,2013,espn,ncaafb,
2963,Case Western Reserve Spartans,2014,espn,ncaafb,
2963,Case Western Reserve Spartans,2015,espn,ncaafb,
2963,Case Western Reserve Spartans,2016,espn,ncaafb,
2963,Case Western Reserve Spartans,2017,espn,ncaafb,
2963,Case Western Reserve Spartans,2018,espn,ncaafb,
2963,Case Western Reserve Spartans,2019,espn,ncaafb,
2963,Case Western Reserve Spartans,2021,espn,ncaafb,
2963,Case Western Reserve Spartans,2022,espn,ncaafb,
2963,Case Western Reserve Spartans,2023,espn,ncaafb,
2963,Case Western Reserve Spartans,2024,espn,ncaafb,
2963,Case Western Reserve Spartans,2025,espn,ncaafb,
2964,Central Dutch,2007,espn,ncaafb,
2964,Central Dutch,2008,espn,ncaafb,
2964,Central Dutch,2009,espn,ncaafb,
2964,Central Dutch,2010,espn,ncaafb,
2964,Central Dutch,2011,espn,ncaafb,
2964,Central Dutch,2012,espn,ncaafb,
2964,Central Dutch,2013,espn,ncaafb,
2964,Central Dutch,2014,espn,ncaafb,
2964,Central Dutch,2015,espn,ncaafb,
2964,Central Dutch,2016,espn,ncaafb,
2964,Central Dutch,2017,espn,ncaafb,
2964,Central College Dutch,2018,espn,ncaafb,
2964,Central College Dutch,2019,espn,ncaafb,
2964,Central College Dutch,2021,espn,ncaafb,
2964,Central College Dutch,2022,espn,ncaafb,
2964,Central College Dutch,2023,espn,ncaafb,
2964,Central College Dutch,2024,espn,ncaafb,
2964,Central College Dutch,2025,espn,ncaafb,
2967,Framingham State Rams,2007,espn,ncaafb,
2967,Framingham State Rams,2008,espn,ncaafb,
2967,Framingham State Rams,2009,espn,ncaafb,
2967,Framingham State Rams,2010,espn,ncaafb,
2967,Framingham State Rams,2011,espn,ncaafb,
2967,Framingham State Rams,2012,espn,ncaafb,
2967,Framingham State Rams,2013,espn,ncaafb,
2967,Framingham State Rams,2014,espn,ncaafb,
2967,Framingham State Rams,2015,espn,ncaafb,
2967,Framingham State Rams,2016,espn,ncaafb,
2967,Framingham State Rams,2017,espn,ncaafb,
2967,Framingham State Rams,2018,espn,ncaafb,
2967,Framingham State Rams,2019,espn,ncaafb,
2967,Framingham State Rams,2020,espn,ncaafb,
2967,Framingham State Rams,2021,espn,ncaafb,
2967,Framingham State Rams,2022,espn,ncaafb,
2967,Framingham State Rams,2023,espn,ncaafb,
2967,Framingham State Rams,2024,espn,ncaafb,
2967,Framingham State Rams,2025,espn,ncaafb,
2968,Gustavus Adolphus Golden Gusties,2007,espn,ncaafb,
2968,Gustavus Adolphus Golden Gusties,2008,espn,ncaafb,
2968,Gustavus Adolphus Golden Gusties,2009,espn,ncaafb,
2968,Gustavus Adolphus Golden Gusties,2010,espn,ncaafb,
2968,Gustavus Adolphus Golden Gusties,2011,espn,ncaafb,
2968,Gustavus Adolphus Golden Gusties,2012,espn,ncaafb,
2968,Gustavus Adolphus Golden Gusties,2013,espn,ncaafb,
2968,Gustavus Adolphus Golden Gusties,2014,espn,ncaafb,
2968,Gustavus Adolphus Golden Gusties,2015,espn,ncaafb,
2968,Gustavus Adolphus Golden Gusties,2016,espn,ncaafb,
2968,Gustavus Adolphus Golden Gusties,2017,espn,ncaafb,
2968,Gustavus Adolphus Golden Gusties,2018,espn,ncaafb,
2968,Gustavus Adolphus Golden Gusties,2019,espn,ncaafb,
2968,Gustavus Adolphus Golden Gusties,2021,espn,ncaafb,
2968,Gustavus Adolphus Golden Gusties,2022,espn,ncaafb,
2968,Gustavus Adolphus Golden Gusties,2023,espn,ncaafb,
2968,Gustavus Adolphus Golden Gusties,2024,espn,ncaafb,
2968,Gustavus Adolphus Golden Gusties,2025,espn,ncaafb,
2969,Misericordia Cougars,2012,espn,ncaafb,
2969,Misericordia Cougars,2013,espn,ncaafb,
2969,Misericordia Cougars,2014,espn,ncaafb,
2969,Misericordia Cougars,2015,espn,ncaafb,
2969,Misericordia Cougars,2016,espn,ncaafb,
2969,Misericordia Cougars,2017,espn,ncaafb,
2969,Misericordia Cougars,2018,espn,ncaafb,
2969,Misericordia Cougars,2019,espn,ncaafb,
2969,Misericordia Cougars,2020,espn,ncaafb,
2969,Misericordia Cougars,2021,espn,ncaafb,
2969,Misericordia Cougars,2022,espn,ncaafb,
2969,Misericordia Cougars,2023,espn,ncaafb,
2969,Misericordia Cougars,2024,espn,ncaafb,
2969,Misericordia Cougars,2025,espn,ncaafb,
2970,William Paterson Pioneers,2007,espn,ncaafb,
2970,William Paterson Pioneers,2008,espn,ncaafb,
2970,William Paterson Pioneers,2009,espn,ncaafb,
2970,William Paterson Pioneers,2010,espn,ncaafb,
2970,William Paterson Pioneers,2011,espn,ncaafb,
2970,William Paterson Pioneers,2012,espn,ncaafb,
2970,William Paterson Pioneers,2013,espn,ncaafb,
2970,William Paterson Pioneers,2014,espn,ncaafb,
2970,William Paterson Pioneers,2015,espn,ncaafb,
2970,William Paterson Pioneers,2016,espn,ncaafb,
2970,William Paterson Pioneers,2017,espn,ncaafb,
2970,William Paterson Pioneers,2018,espn,ncaafb,
2970,William Paterson Pioneers,2019,espn,ncaafb,
2970,William Paterson Pioneers,2021,espn,ncaafb,
2970,William Paterson Bears,2022,espn,ncaafb,
2970,William Paterson Pioneers,2023,espn,ncaafb,
2970,William Paterson Pioneers,2024,espn,ncaafb,
2970,William Paterson Pioneers,2025,espn,ncaafb,
2972,Plymouth State Panthers,2007,espn,ncaafb,
2972,Plymouth State Panthers,2008,espn,ncaafb,
2972,Plymouth State Panthers,2009,espn,ncaafb,
2972,Plymouth State Panthers,2010,espn,ncaafb,
2972,Plymouth State Panthers,2011,espn,ncaafb,
2972,Plymouth State Panthers,2012,espn,ncaafb,
2972,Plymouth State Panthers,2013,espn,ncaafb,
2972,Plymouth State Panthers,2014,espn,ncaafb,
2972,Plymouth State Panthers,2015,espn,ncaafb,
2972,Plymouth State Panthers,2016,espn,ncaafb,
2972,Plymouth State Panthers,2017,espn,ncaafb,
2972,Plymouth State College Panthers,2018,espn,ncaafb,
2972,Plymouth State College Panthers,2019,espn,ncaafb,
2972,Plymouth State College Panthers,2020,espn,ncaafb,
2972,Plymouth State College Panthers,2021,espn,ncaafb,
2972,Plymouth State College Panthers,2022,espn,ncaafb,
2972,Plymouth State Panthers,2023,espn,ncaafb,
2972,Plymouth State Panthers,2024,espn,ncaafb,
2972,Plymouth State Panthers,2025,espn,ncaafb,
2974,Shepherd Rams,2007,espn,ncaafb,
2974,Shepherd Rams,2008,espn,ncaafb,
2974,Shepherd Rams,2009,espn,ncaafb,
2974,Shepherd Rams,2010,espn,ncaafb,
2974,Shepherd Rams,2011,espn,ncaafb,
2974,Shepherd Rams,2012,espn,ncaafb,
2974,Shepherd Rams,2013,espn,ncaafb,
2974,Shepherd Rams,2014,espn,ncaafb,
2974,Shepherd Rams,2015,espn,ncaafb,
2974,Shepherd Rams,2016,espn,ncaafb,
2974,Shepherd Rams,2017,espn,ncaafb,
2974,Shepherd Rams,2018,espn,ncaafb,
2974,Shepherd Rams,2019,espn,ncaafb,
2974,Shepherd Rams,2020,espn,ncaafb,
2974,Shepherd Rams,2021,espn,ncaafb,
2974,Shepherd Rams,2022,espn,ncaafb,
2974,Shepherd Rams,2023,espn,ncaafb,
2974,Shepherd Rams,2024,espn,ncaafb,
2974,Shepherd Rams,2025,espn,ncaafb,
2977,Trinity (CT) Bantams,2007,espn,ncaafb,
2977,Trinity (CT) Bantams,2008,espn,ncaafb,
2977,Trinity (CT) Bantams,2009,espn,ncaafb,
2977,Trinity (CT) Bantams,2010,espn,ncaafb,
2977,Trinity (CT) Bantams,2011,espn,ncaafb,
2977,Trinity (CT) Bantams,2012,espn,ncaafb,
2977,Trinity (CT) Bantams,2013,espn,ncaafb,
2977,Trinity (CT) Bantams,2014,espn,ncaafb,
2977,Trinity (CT) Bantams,2015,espn,ncaafb,
2977,Trinity (CT) Bantams,2016,espn,ncaafb,
2977,Trinity (CT) Bantams,2017,espn,ncaafb,
2977,Trinity College (CT) Bantams,2018,espn,ncaafb,
2977,Trinity College (CT) Bantams,2019,espn,ncaafb,
2977,Trinity College (CT) Bantams,2021,espn,ncaafb,
2977,Trinity College (CT) Bantams,2022,espn,ncaafb,
2977,Trinity (CT) Bantams,2023,espn,ncaafb,
2977,Trinity (CT) Bantams,2024,espn,ncaafb,
2977,Trinity (CT) Bantams,2025,espn,ncaafb,
2980,Ohio Wesleyan Battling Bishops,2007,espn,ncaafb,
2980,Ohio Wesleyan Battling Bishops,2008,espn,ncaafb,
2980,Ohio Wesleyan Battling Bishops,2009,espn,ncaafb,
2980,Ohio Wesleyan Battling Bishops,2010,espn,ncaafb,
2980,Ohio Wesleyan Battling Bishops,2011,espn,ncaafb,
2980,Ohio Wesleyan Battling Bishops,2012,espn,ncaafb,
2980,Ohio Wesleyan Battling Bishops,2013,espn,ncaafb,
2980,Ohio Wesleyan Battling Bishops,2014,espn,ncaafb,
2980,Ohio Wesleyan Battling Bishops,2015,espn,ncaafb,
2980,Ohio Wesleyan Battling Bishops,2016,espn,ncaafb,
2980,Ohio Wesleyan Battling Bishops,2017,espn,ncaafb,
2980,Ohio Wesleyan Battling Bishops,2018,espn,ncaafb,
2980,Ohio Wesleyan Battling Bishops,2019,espn,ncaafb,
2980,Ohio Wesleyan Battling Bishops,2021,espn,ncaafb,
2980,Ohio Wesleyan Battling Bishops,2022,espn,ncaafb,
2980,Ohio Wesleyan Battling Bishops,2023,espn,ncaafb,
2980,Ohio Wesleyan Battling Bishops,2024,espn,ncaafb,
2980,Ohio Wesleyan Battling Bishops,2025,espn,ncaafb,
2985,Concordia-Michigan Cardinals,2011,espn,ncaafb,
2985,Concordia College (MI) Cardinals,2013,espn,ncaafb,
2985,Concordia College (MI) Cardinals,2014,espn,ncaafb,
2985,Concordia College (MI) Cardinals,2015,espn,ncaafb,
2985,Concordia College (MI) Cardinals,2016,espn,ncaafb,
2985,Concordia College (MI) Cardinals,2017,espn,ncaafb,
2985,Concordia College (MI) Cardinals,2018,espn,ncaafb,
2985,Concordia College (MI) Cardinals,2019,espn,ncaafb,
2985,Concordia College (MI) Cardinals,2022,espn,ncaafb,
2985,Concordia College (MI) Cardinals,2023,espn,ncaafb,
2986,Fairmont State Falcons,2001,espn,ncaafb,
2986,Fairmont State Falcons,2002,espn,ncaafb,
2986,Fairmont State Falcons,2006,espn,ncaafb,
2986,Fairmont State Falcons,2007,espn,ncaafb,
2986,Fairmont State Falcons,2008,espn,ncaafb,
2986,Fairmont State Falcons,2009,espn,ncaafb,
2986,Fairmont State Falcons,2010,espn,ncaafb,
2986,Fairmont State Falcons,2011,espn,ncaafb,
2986,Fairmont State Falcons,2012,espn,ncaafb,
2986,Fairmont State Falcons,2013,espn,ncaafb,
2986,Fairmont State Falcons,2014,espn,ncaafb,
2986,Fairmont State Falcons,2015,espn,ncaafb,
2986,Fairmont State Falcons,2016,espn,ncaafb,
2986,Fairmont State Falcons,2017,espn,ncaafb,
2986,Fairmont State Falcons,2018,espn,ncaafb,
2986,Fairmont State Falcons,2019,espn,ncaafb,
2986,Fairmont State Falcons,2021,espn,ncaafb,
2986,Fairmont State Falcons,2022,espn,ncaafb,
2986,Fairmont State Falcons,2023,espn,ncaafb,
2986,Fairmont State Falcons,2024,espn,ncaafb,
2986,Fairmont State Falcons,2025,espn,ncaafb,
3066,Concordia-St. Paul Golden Bears,2006,espn,ncaafb,
3066,Concordia-St. Paul Golden Bears,2007,espn,ncaafb,
3066,Concordia-St. Paul Golden Bears,2008,espn,ncaafb,
3066,Concordia-St. Paul Golden Bears,2009,espn,ncaafb,
3066,Concordia-St. Paul Golden Bears,2010,espn,ncaafb,
3066,Concordia-St. Paul Golden Bears,2011,espn,ncaafb,
3066,Concordia-St. Paul Golden Bears,2012,espn,ncaafb,
3066,Concordia-St. Paul Golden Bears,2013,espn,ncaafb,
3066,Concordia-St. Paul Golden Bears,2014,espn,ncaafb,
3066,Concordia-St. Paul Golden Bears,2015,espn,ncaafb,
3066,Concordia-St. Paul Golden Bears,2016,espn,ncaafb,
3066,Concordia-St. Paul Golden Bears,2017,espn,ncaafb,
3066,Concordia-St. Paul Golden Bears,2018,espn,ncaafb,
3066,Concordia-St. Paul Golden Bears,2019,espn,ncaafb,
3066,Concordia-St. Paul Golden Bears,2021,espn,ncaafb,
3066,Concordia-St. Paul Golden Bears,2022,espn,ncaafb,
3066,Concordia-St. Paul Golden Bears,2023,espn,ncaafb,
3066,Concordia-St. Paul Golden Bears,2024,espn,ncaafb,
3066,Concordia-St. Paul Golden Bears,2025,espn,ncaafb,
3071,North Central Cardinals,2007,espn,ncaafb,
3071,North Central Cardinals,2008,espn,ncaafb,
3071,North Central Cardinals,2009,espn,ncaafb,
3071,North Central Cardinals,2010,espn,ncaafb,
3071,North Central Cardinals,2011,espn,ncaafb,
3071,North Central Cardinals,2012,espn,ncaafb,
3071,North Central Cardinals,2013,espn,ncaafb,
3071,North Central Cardinals,2014,espn,ncaafb,
3071,North Central Cardinals,2015,espn,ncaafb,
3071,North Central Cardinals,2016,espn,ncaafb,
3071,North Central Cardinals,2017,espn,ncaafb,
3071,North Central Cardinals,2018,espn,ncaafb,
3071,North Central Cardinals,2019,espn,ncaafb,
3071,North Central Cardinals,2020,espn,ncaafb,
3071,North Central Cardinals,2021,espn,ncaafb,
3071,North Central Cardinals,2022,espn,ncaafb,
3071,North Central Cardinals,2023,espn,ncaafb,
3071,North Central College Cardinals,2024,espn,ncaafb,
3071,North Central College Cardinals,2025,espn,ncaafb,
3077,Kentucky Christian Knights,2007,espn,ncaafb,
3077,Kentucky Christian Knights,2008,espn,ncaafb,
3077,Kentucky Christian Knights,2009,espn,ncaafb,
3077,Kentucky Christian Knights,2011,espn,ncaafb,
3077,Kentucky Christian Knights,2012,espn,ncaafb,
3077,Kentucky Christian Knights,2014,espn,ncaafb,
3077,Kentucky Christian Knights,2015,espn,ncaafb,
3077,Kentucky Christian Knights,2017,espn,ncaafb,
3077,Kentucky Christian Knights,2018,espn,ncaafb,
3077,Kentucky Christian Knights,2019,espn,ncaafb,
3077,Kentucky Christian Knights,2022,espn,ncaafb,
3077,Kentucky Christian Knights,2024,espn,ncaafb,
3077,Kentucky Christian Knights,2025,espn,ncaafb,
3080,Waldorf Warriors,2003,espn,ncaafb,
3080,Waldorf Warriors,2004,espn,ncaafb,
3080,Waldorf Warriors,2005,espn,ncaafb,
3080,Waldorf Warriors,2006,espn,ncaafb,
3080,Waldorf Warriors,2007,espn,ncaafb,
3080,Waldorf Warriors,2008,espn,ncaafb,
3080,Waldorf Warriors,2012,espn,ncaafb,
3080,Waldorf Warriors,2013,espn,ncaafb,
3080,Waldorf Warriors,2014,espn,ncaafb,
3080,Waldorf Warriors,2015,espn,ncaafb,
3080,Waldorf Warriors,2018,espn,ncaafb,
3080,Waldorf Warriors,2019,espn,ncaafb,
3080,Waldorf Warriors,2022,espn,ncaafb,
3099,Concordia (AL) Hornets,2005,espn,ncaafb,
3099,Concordia (AL) Hornets,2006,espn,ncaafb,
3099,Concordia (AL) Hornets,2007,espn,ncaafb,
3099,Concordia (AL) Hornets,2008,espn,ncaafb,
3099,Concordia (AL) Hornets,2009,espn,ncaafb,
3099,Concordia (AL) Hornets,2010,espn,ncaafb,
3099,Concordia (AL) Hornets,2011,espn,ncaafb,
3099,Concordia (AL) Hornets,2012,espn,ncaafb,
3099,Concordia (AL) Hornets,2013,espn,ncaafb,
3099,Concordia (AL) Hornets,2014,espn,ncaafb,
3099,Concordia (AL) Hornets,2015,espn,ncaafb,
3100,Monterrey Tech Borregos,2009,espn,ncaafb,
3100,Monterrey Tech Rams,2010,espn,ncaafb,
3100,Monterrey Tech Rams,2013,espn,ncaafb,
3101,Dixie State Red Storm,2006,espn,ncaafb,
3101,Dixie State Red Storm,2007,espn,ncaafb,
3101,Dixie State Red Storm,2008,espn,ncaafb,
3101,Dixie State Red Storm,2009,espn,ncaafb,
3101,Dixie State Red Storm,2010,espn,ncaafb,
3101,Dixie State Red Storm,2011,espn,ncaafb,
3101,Dixie State Red Storm,2012,espn,ncaafb,
3101,Dixie State Red Storm,2013,espn,ncaafb,
3101,Dixie State Red Storm,2014,espn,ncaafb,
3101,Dixie State Red Storm,2015,espn,ncaafb,
3101,Dixie State Red Storm,2016,espn,ncaafb,
3101,Dixie State Red Storm,2017,espn,ncaafb,
3101,Dixie State College Trailblazers,2018,espn,ncaafb,
3101,Dixie State University Trailblazers,2019,espn,ncaafb,
3101,Dixie State Trailblazers,2021,espn,ncaafb,
3101,Utah Tech Trailblazers,2022,espn,ncaafb,
3101,Utah Tech Trailblazers,2023,espn,ncaafb,
3101,Utah Tech Trailblazers,2024,espn,ncaafb,
3101,Utah Tech Trailblazers,2025,espn,ncaafb,
3110,Morrisville State Mustangs,2007,espn,ncaafb,
3110,Morrisville State Mustangs,2008,espn,ncaafb,
3110,Morrisville State Mustangs,2009,espn,ncaafb,
3110,Morrisville State Mustangs,2010,espn,ncaafb,
3110,Morrisville State Mustangs,2011,espn,ncaafb,
3110,Morrisville State Mustangs,2012,espn,ncaafb,
3110,Morrisville State Mustangs,2013,espn,ncaafb,
3110,Morrisville State Mustangs,2014,espn,ncaafb,
3110,Morrisville State Mustangs,2015,espn,ncaafb,
3110,Morrisville State Mustangs,2016,espn,ncaafb,
3110,Morrisville State Mustangs,2017,espn,ncaafb,
3110,Morrisville State Mustangs,2018,espn,ncaafb,
3110,SUNY Morrisville Mustangs,2019,espn,ncaafb,
3110,SUNY Morrisville Mustangs,2020,espn,ncaafb,
3110,SUNY Morrisville Mustangs,2021,espn,ncaafb,
3110,SUNY Morrisville Mustangs,2022,espn,ncaafb,
3110,SUNY Morrisville Mustangs,2023,espn,ncaafb,
3110,SUNY Morrisville Mustangs,2024,espn,ncaafb,
3110,SUNY Morrisville Mustangs,2025,espn,ncaafb,
3111,Apprentice School Builders,2007,espn,ncaafb,
3111,Apprentice School Builders,2008,espn,ncaafb,
3111,Apprentice School Builders,2009,espn,ncaafb,
3111,Apprentice School Builders,2010,espn,ncaafb,
3111,Apprentice School Builders,2011,espn,ncaafb,
3111,Apprentice School Builders,2012,espn,ncaafb,
3111,Apprentice School Builders,2013,espn,ncaafb,
3111,Apprentice School Builders,2014,espn,ncaafb,
3111,Apprentice School Builders,2015,espn,ncaafb,
3111,Apprentice School Builders,2016,espn,ncaafb,
3111,Apprentice School Builders,2017,espn,ncaafb,
3111,Apprentice School Builders,2018,espn,ncaafb,
3111,Apprentice School Builders,2020,espn,ncaafb,
3111,Apprentice School Builders,2021,espn,ncaafb,
3111,Apprentice School Builders,2022,espn,ncaafb,
3111,Apprentice School Builders,2023,espn,ncaafb,
3111,Apprentice School Builders,2024,espn,ncaafb,
3111,Apprentice School Builders,2025,espn,ncaafb,
3112,Christopher Newport Captains,2007,espn,ncaafb,
3112,Christopher Newport Captains,2008,espn,ncaafb,
3112,Christopher Newport Captains,2009,espn,ncaafb,
3112,Christopher Newport Captains,2010,espn,ncaafb,
3112,Christopher Newport Captains,2011,espn,ncaafb,
3112,Christopher Newport Captains,2012,espn,ncaafb,
3112,Christopher Newport Captains,2013,espn,ncaafb,
3112,Christopher Newport Captains,2014,espn,ncaafb,
3112,Christopher Newport Captains,2015,espn,ncaafb,
3112,Christopher Newport Captains,2016,espn,ncaafb,
3112,Christopher Newport Captains,2017,espn,ncaafb,
3112,Christopher Newport Captains,2018,espn,ncaafb,
3112,Christopher Newport Captains,2019,espn,ncaafb,
3112,Christopher Newport Captains,2021,espn,ncaafb,
3112,Christopher Newport Captains,2022,espn,ncaafb,
3112,Christopher Newport Captains,2023,espn,ncaafb,
3112,Christopher Newport Captains,2024,espn,ncaafb,
3112,Christopher Newport Captains,2025,espn,ncaafb,
3130,Williamson Mechanics,2008,espn,ncaafb,
3130,Williamson Trade Mechanics,2010,espn,ncaafb,
3130,Williamson Trade Mechanics,2013,espn,ncaafb,
3130,Williamson Trade Mechanics,2016,espn,ncaafb,
3161,Ohio State Newark Titans,2010,espn,ncaafb,
3162,Alfred State Pioneers,2010,espn,ncaafb,
3162,Alfred State College Pioneers,2012,espn,ncaafb,
3162,Alfred State College Pioneers,2013,espn,ncaafb,
3162,Alfred State College Pioneers,2014,espn,ncaafb,
3162,Alfred State College Pioneers,2015,espn,ncaafb,
3162,Alfred State College Pioneers,2016,espn,ncaafb,
3162,Alfred State College Pioneers,2017,espn,ncaafb,
3162,Alfred State College Pioneers,2018,espn,ncaafb,
3162,Alfred State College Pioneers,2019,espn,ncaafb,
3162,Alfred State College Pioneers,2021,espn,ncaafb,
3162,Alfred State College Pioneers,2022,espn,ncaafb,
3162,Alfred State College Pioneers,2023,espn,ncaafb,
3162,Alfred State College Pioneers,2024,espn,ncaafb,
3162,Alfred State College Pioneers,2025,espn,ncaafb,
3178,Ave Maria University Gyrenes,2011,espn,ncaafb,
3178,Ave Maria Gyrenes,2012,espn,ncaafb,
3178,Ave Maria Gyrenes,2013,espn,ncaafb,
3178,Ave Maria Gyrenes,2014,espn,ncaafb,
3178,Ave Maria Gyrenes,2015,espn,ncaafb,
3178,Ave Maria Gyrenes,2016,espn,ncaafb,
3178,Ave Maria Gyrenes,2019,espn,ncaafb,
3178,Ave Maria Gyrenes,2021,espn,ncaafb,
3178,Ave Maria Gyrenes,2022,espn,ncaafb,
3178,Ave Maria Gyrenes,2023,espn,ncaafb,
3178,Ave Maria Gyrenes,2024,espn,ncaafb,
3179,Point University Skyhawks,2011,espn,ncaafb,
3179,Point University Point,2012,espn,ncaafb,
3179,Point University Point,2013,espn,ncaafb,
3179,Point University Point,2014,espn,ncaafb,
3179,Point University Point,2015,espn,ncaafb,
3179,Point University Point,2016,espn,ncaafb,
3179,Point University Point,2017,espn,ncaafb,
3179,Point University Point,2018,espn,ncaafb,
3179,Point University Skyhawks,2019,espn,ncaafb,
3179,Point University Skyhawks,2021,espn,ncaafb,
3179,Point University Skyhawks,2022,espn,ncaafb,
3179,Point University Skyhawks,2023,espn,ncaafb,
3179,Point University Skyhawks,2024,espn,ncaafb,
3179,Point University Skyhawks,2025,espn,ncaafb,
3181,Shepherd Tech Eagles,2011,espn,ncaafb,
3209,Lindenwood Belleville Lynx,2012,espn,ncaafb,
3209,Lindenwood Belleville Lynx,2013,espn,ncaafb,
3209,Lindenwood Belleville Lynx,2014,espn,ncaafb,
3210,Cole College Jaguars,2012,espn,ncaafb,
3210,Cole College Jaguars,2013,espn,ncaafb,
3211,West Memphis Crusaders,2012,espn,ncaafb,
3211,West Memphis Crusaders,2013,espn,ncaafb,
3211,College of Faith Crusaders,2014,espn,ncaafb,
3211,College of Faith Warriors,2015,espn,ncaafb,
3212,University of Mexico MEXICO U,2012,espn,ncaafb,
3214,Trinity Bible Lions,2012,espn,ncaafb,
3214,Trinity Bible Lions,2013,espn,ncaafb,
3214,Trinity Bible Lions,2014,espn,ncaafb,
3214,Trinity Bible Lions,2015,espn,ncaafb,
3214,Trinity Bible Lions,2016,espn,ncaafb,
3214,Trinity Bible Lions,2017,espn,ncaafb,
3214,Trinity Bible Lions,2018,espn,ncaafb,
3236,SUNY Erie Kats,2013,espn,ncaafb,
3236,Erie Community College Kats,2014,espn,ncaafb,
3237,Troy Vikings,2013,espn,ncaafb,
3253,College of Faith - Charlotte Saints,2014,espn,ncaafb,
3253,College of Faith - Charlotte Saints,2015,espn,ncaafb,
3254,University of Faith Glory Eagles,2014,espn,ncaafb,
3254,University of Faith Glory Eagles,2015,espn,ncaafb,
5829,Doane College Tigers,2016,espn,ncaafb,
5829,Doane College Tigers,2019,espn,ncaafb,
6353,Lakeland College Lakeland,2014,espn,ncaafb,
6353,Lakeland College Lakeland,2015,espn,ncaafb,
6353,Lakeland College Lakeland,2016,espn,ncaafb,
6353,Lakeland University Lakeland,2017,espn,ncaafb,
6353,Lakeland College Muskies,2018,espn,ncaafb,
6353,Lakeland College Muskies,2019,espn,ncaafb,
6353,Lakeland University Muskies,2020,espn,ncaafb,
6353,Lakeland University Muskies,2021,espn,ncaafb,
6353,Lakeland University Muskies,2022,espn,ncaafb,
6353,Lakeland University Muskies,2023,espn,ncaafb,
6353,Lakeland University Muskies,2024,espn,ncaafb,
6353,Lakeland University Muskies,2025,espn,ncaafb,
6584,McPherson McPHERSON,2016,espn,ncaafb,
6845,Nebraska Wesleyan University Neb Wesleyan,2016,espn,ncaafb,
6845,Nebraska Wesleyan University Neb Wesleyan,2017,espn,ncaafb,
6845,Nebraska Wesleyan University Prairie Wolves,2018,espn,ncaafb,
6845,Nebraska Wesleyan University Prairie Wolves,2019,espn,ncaafb,
6845,Nebraska Wesleyan University Prairie Wolves,2021,espn,ncaafb,
6845,Nebraska Wesleyan University Prairie Wolves,2022,espn,ncaafb,
6845,Nebraska Wesleyan Prairie Wolves,2023,espn,ncaafb,
6845,Nebraska Wesleyan Prairie Wolves,2024,espn,ncaafb,
6845,Nebraska Wesleyan Prairie Wolves,2025,espn,ncaafb,
16111,Benedictine College Bndctne Col,2014,espn,ncaafb,
101161,Lyon Scots,2015,espn,ncaafb,
101161,Lyon Scots,2016,espn,ncaafb,
101161,Lyon Scots,2017,espn,ncaafb,
101161,Lyon Scots,2018,espn,ncaafb,
101161,Lyon Scots,2019,espn,ncaafb,
101161,Lyon College Scots,2023,espn,ncaafb,
101161,Lyon College Scots,2024,espn,ncaafb,
101161,Lyon College Scots,2025,espn,ncaafb,
101442,Centenary Gentlemen,2024,espn,ncaafb,
101442,Centenary Gentlemen,2025,espn,ncaafb,
101784,Erskine Flying Fleet,2021,espn,ncaafb,
101784,Erskine Flying Fleet,2022,espn,ncaafb,
101784,Erskine Flying Fleet,2023,espn,ncaafb,
101784,Erskine Flying Fleet,2024,espn,ncaafb,
101784,Erskine Flying Fleet,2025,espn,ncaafb,
102071,Lawrence Tech LAWTE,2018,espn,ncaafb,
102071,Lawrence Tech LAWTE,2019,espn,ncaafb,
102071,Lawrence Tech Blue Devils,2021,espn,ncaafb,
102118,Louisburg LOUBR,2015,espn,ncaafb,
102118,Louisburg LOUBR,2016,espn,ncaafb,
102626,Texas Wesleyan Rams,2017,espn,ncaafb,
102626,Texas Wesleyan Rams,2018,espn,ncaafb,
102626,Texas Wesleyan Rams,2019,espn,ncaafb,
102626,Texas Wesleyan Rams,2021,espn,ncaafb,
102626,Texas Wesleyan Rams,2025,espn,ncaafb,
108354,Holland College Hurricanes,2014,espn,ncaafb,
108358,Arizona Christian Firestorm,2014,espn,ncaafb,
108358,Arizona Christian Firestorm,2015,espn,ncaafb,
108358,Arizona Christian Firestorm,2016,espn,ncaafb,
108358,Arizona Christian Firestorm,2017,espn,ncaafb,
108358,Arizona Christian Firestorm,2018,espn,ncaafb,
108358,Arizona Christian Firestorm,2019,espn,ncaafb,
108358,Arizona Christian Firestorm,2020,espn,ncaafb,
108358,Arizona Christian Firestorm,2022,espn,ncaafb,
108358,Arizona Christian Firestorm,2023,espn,ncaafb,
108358,Arizona Christian Firestorm,2024,espn,ncaafb,
108358,Arizona Christian Firestorm,2025,espn,ncaafb,
108382,College of Idaho Yotes,2014,espn,ncaafb,
108382,College of Idaho Yotes,2015,espn,ncaafb,
108382,College of Idaho Yotes,2016,espn,ncaafb,
108382,College of Idaho Yotes,2017,espn,ncaafb,
108382,College of Idaho Yotes,2018,espn,ncaafb,
108382,College of Idaho Yotes,2023,espn,ncaafb,
108382,College of Idaho Yotes,2024,espn,ncaafb,
108398,Ohio Midwestern College Rams,2014,espn,ncaafb,
109418,Finlandia University Lions,2015,espn,ncaafb,
109418,Finlandia University Lions,2016,espn,ncaafb,
109418,Finlandia University Lions,2017,espn,ncaafb,
109418,Finlandia University Lions,2018,espn,ncaafb,
109418,Finlandia University Lions,2019,espn,ncaafb,
109418,Finlandia University Lions,2021,espn,ncaafb,
109418,Finlandia University Lions,2022,espn,ncaafb,
109423,Fork Union Blue Devils,2015,espn,ncaafb,
109424,Central International University Cardinals,2015,espn,ncaafb,
109425,University of God's Chosen Disciples,2015,espn,ncaafb,
110242,West Florida Argonauts,2016,espn,ncaafb,
110242,West Florida Argonauts,2017,espn,ncaafb,
110242,West Florida Argonauts,2018,espn,ncaafb,
110242,West Florida Argonauts,2019,espn,ncaafb,
110242,West Florida Argonauts,2021,espn,ncaafb,
110242,West Florida Argonauts,2022,espn,ncaafb,
110242,West Florida Argonauts,2023,espn,ncaafb,
110242,West Florida Argonauts,2024,espn,ncaafb,
110242,West Florida Argonauts,2025,espn,ncaafb,
110243,University of Texas of the Permian Basin Falcons,2016,espn,ncaafb,
110243,University of Texas of the Permian Basin Falcons,2019,espn,ncaafb,
110243,University of Texas of the Permian Basin Falcons,2021,espn,ncaafb,
110243,University of Texas of the Permian Basin Falcons,2022,espn,ncaafb,
110243,UT Permian Basin Falcons,2023,espn,ncaafb,
110243,UT Permian Basin Falcons,2024,espn,ncaafb,
110243,UT Permian Basin Falcons,2025,espn,ncaafb,
110254,Davenport Panthers,2016,espn,ncaafb,
110254,Davenport Panthers,2017,espn,ncaafb,
110254,Davenport Panthers,2018,espn,ncaafb,
110254,Davenport Panthers,2019,espn,ncaafb,
110254,Davenport Panthers,2021,espn,ncaafb,
110254,Davenport Panthers,2022,espn,ncaafb,
110254,Davenport University-Grand Rapids Panthers,2023,espn,ncaafb,
110254,Davenport Panthers,2024,espn,ncaafb,
110254,Davenport Panthers,2025,espn,ncaafb,
110255,Cincinnati Eagles,2016,espn,ncaafb,
110255,Cincinnati Eagles,2019,espn,ncaafb,
110263,Morthland Patriots,2016,espn,ncaafb,
110438,Dean Bulldogs,2017,espn,ncaafb,
110438,Dean College Bulldogs,2018,espn,ncaafb,
110438,Dean College Bulldogs,2019,espn,ncaafb,
110438,Dean College Bulldogs,2020,espn,ncaafb,
110438,Dean College Bulldogs,2021,espn,ncaafb,
110438,Dean College Bulldogs,2022,espn,ncaafb,
110438,Dean College Bulldogs,2023,espn,ncaafb,
110438,Dean College Bulldogs,2024,espn,ncaafb,
110438,Dean College Bulldogs,2025,espn,ncaafb,
111610,St. Andrews Knights,2021,espn,ncaafb,
111610,St. Andrews Knights,2022,espn,ncaafb,
111610,St. Andrews Knights,2023,espn,ncaafb,
111610,St. Andrews Knights,2024,espn,ncaafb,
111674,Alvernia University Golden Wolves,2018,espn,ncaafb,
111674,Alvernia University Golden Wolves,2019,espn,ncaafb,
111674,Alvernia University Golden Wolves,2020,espn,ncaafb,
111674,Alvernia University Golden Wolves,2021,espn,ncaafb,
111674,Alvernia University Golden Wolves,2022,espn,ncaafb,
111674,Alvernia Golden Wolves,2023,espn,ncaafb,
111674,Alvernia Golden Wolves,2024,espn,ncaafb,
111674,Alvernia Golden Wolves,2025,espn,ncaafb,
111675,University of New England Nor'Easters,2018,espn,ncaafb,
111675,University of New England Nor'easters,2019,espn,ncaafb,
111675,University of New England Nor'easters,2020,espn,ncaafb,
111675,University of New England Nor'easters,2021,espn,ncaafb,
111675,University of New England Nor'easters,2022,espn,ncaafb,
111675,University of New England Nor'easters,2023,espn,ncaafb,
111675,University of New England Nor'easters,2024,espn,ncaafb,
111675,University of New England Nor'easters,2025,espn,ncaafb,
111755,Middle Georgia State College Knights,2018,espn,ncaafb,
111756,Indiana Wesleyan Wildcats,2018,espn,ncaafb,
111756,Indiana Wesleyan Wildcats,2019,espn,ncaafb,
111756,Indiana Wesleyan Wildcats,2020,espn,ncaafb,
111756,Indiana Wesleyan Wildcats,2021,espn,ncaafb,
111756,Indiana Wesleyan Wildcats,2022,espn,ncaafb,
111756,Indiana Wesleyan Wildcats,2023,espn,ncaafb,
111756,Indiana Wesleyan Wildcats,2024,espn,ncaafb,
112334,Franklin Pierce Ravens,2019,espn,ncaafb,
112334,Franklin Pierce Ravens,2020,espn,ncaafb,
112334,Franklin Pierce Ravens,2021,espn,ncaafb,
112334,Franklin Pierce Ravens,2022,espn,ncaafb,
112334,Franklin Pierce Ravens,2023,espn,ncaafb,
112334,Franklin Pierce Ravens,2024,espn,ncaafb,
112334,Franklin Pierce Ravens,2025,espn,ncaafb,
112335,Wheeling Jesuit Cardinals,2019,espn,ncaafb,
112335,Wheeling University Cardinals,2021,espn,ncaafb,
112335,Wheeling University Cardinals,2022,espn,ncaafb,
112335,Wheeling Cardinals,2023,espn,ncaafb,
112335,Wheeling Cardinals,2024,espn,ncaafb,
112335,Wheeling Cardinals,2025,espn,ncaafb,
112390,Ottawa University Arizona Spirit,2019,espn,ncaafb,
121696,MARIAN (IN Marian (In,2021,espn,ncaafb,
121754,Bethel Col,2021,espn,ncaafb,
122666,Barton College Bulldogs,2021,espn,ncaafb,
122666,Barton College Bulldogs,2022,espn,ncaafb,
122666,Barton College Bulldogs,2023,espn,ncaafb,
122666,Barton College Bulldogs,2024,espn,ncaafb,
122666,Barton Bulldogs,2025,espn,ncaafb,
122774,Keystone Giants,2021,espn,ncaafb,
122774,Keystone Giants,2022,espn,ncaafb,
122774,Keystone Giants,2023,espn,ncaafb,
122774,Keystone Giants,2024,espn,ncaafb,
122774,Keystone Giants,2025,espn,ncaafb,
122775,Elgin Eagles,2020,espn,ncaafb,
122775,Judson University Eagles,2021,espn,ncaafb,
122776,Thaddeus Stevens Bulldogs,2020,espn,ncaafb,
122776,Thaddeus Stevens Bulldogs,2021,espn,ncaafb,
123086,North American University Stallions,2022,espn,ncaafb,
123086,North American University Stallions,2023,espn,ncaafb,
123086,North American University Stallions,2024,espn,ncaafb,
124110,UFTL Eagles,2021,espn,ncaafb,
124110,UFTL Eagles,2022,espn,ncaafb,
124110,UFTL Eagles,2023,espn,ncaafb,
124179,Lincoln University (CA) Oaklanders,2021,espn,ncaafb,
124179,Lincoln University (CA) Oaklanders,2022,espn,ncaafb,
124179,Lincoln (CA) Oaklanders,2023,espn,ncaafb,
124179,Lincoln (CA) Oaklanders,2024,espn,ncaafb,
124179,Lincoln (CA) Oaklanders,2025,espn,ncaafb,
124180,Bluefield Bluefields,2021,espn,ncaafb,
124180,Bluefield Big Blues,2022,espn,ncaafb,
124180,Bluefield State University Big Blues,2023,espn,ncaafb,
124180,Bluefield State University Big Blue,2024,espn,ncaafb,
124180,Bluefield State University Big Blue,2025,espn,ncaafb,
124386,Arkansas Baptist Buffaloes,2021,espn,ncaafb,
124386,Arkansas Baptist Buffaloes,2023,espn,ncaafb,
124386,Arkansas Baptist Buffaloes,2024,espn,ncaafb,
124386,Arkansas Baptist Buffaloes,2025,espn,ncaafb,
124390,MONTANASTN Montanastn,2021,espn,ncaafb,
125730,St. Thomas University (Fl) Bobcats,2022,espn,ncaafb,
125730,St. Thomas University (Fl) Bobcats,2023,espn,ncaafb,
125762,Florida Memorial University Lions,2022,espn,ncaafb,
125762,Florida Memorial University Lions,2023,espn,ncaafb,
125762,Florida Memorial University Lions,2024,espn,ncaafb,
125762,Florida Memorial University Lions,2025,espn,ncaafb,
125974,Hilbert College Hilbert,2022,espn,ncaafb,
125974,Hilbert College Hawks,2023,espn,ncaafb,
125974,Hilbert College Hawks,2024,espn,ncaafb,
125974,Hilbert College Hawks,2025,espn,ncaafb,
126086,Post University Eagles,2022,espn,ncaafb,
126086,Post University Eagles,2023,espn,ncaafb,
126086,Post University Eagles,2024,espn,ncaafb,
126086,Post University Eagles,2025,espn,ncaafb,
126110,Keiser University Seahawks,2022,espn,ncaafb,
126110,Keiser University Keiser,2023,espn,ncaafb,
126110,Keiser University Keiser,2024,espn,ncaafb,
126146,Madonna University Madonna,2022,espn,ncaafb,
127066,Atlantis University Atlanteans,2022,espn,ncaafb,
127078,Madonna University (Mich.) Madonna Un,2023,espn,ncaafb,
127078,Madonna University (Mich.) Madonna Un,2024,espn,ncaafb,
127078,Madonna University (Mich.) Madonna Un,2025,espn,ncaafb,
127230,Keiser (Fl) Keiser (Fl,2024,espn,ncaafb,
127946,Columbus State Cougars,2023,espn,ncaafb,
127954,Eastern University Eagles,2023,espn,ncaafb,
127954,Eastern University Eagles,2024,espn,ncaafb,
127954,Eastern University Eagles,2025,espn,ncaafb,
127991,Roosevelt Lakers,2023,espn,ncaafb,
127991,Roosevelt Lakers,2024,espn,ncaafb,
127991,Roosevelt Lakers,2025,espn,ncaafb,
129469,Anderson (SC) Trojans,2024,espn,ncaafb,
129469,Anderson (SC) Trojans,2025,espn,ncaafb,
129738,Calvin University Knights,2024,espn,ncaafb,
129738,Calvin University Knights,2025,espn,ncaafb,
129741,William Woods Owls,2024,espn,ncaafb,
129758,Simpson (CA) Red Hawks,2024,espn,ncaafb,
129758,Simpson University (Ca) Simpuca,2025,espn,ncaafb,
130180,Saint Xavier (Il) Saint Xavi,2025,espn,ncaafb,
131108,New England College Pilgrims,2025,espn,ncaafb,
131109,Roanoke College Maroons,2025,espn,ncaafb,
131239,Rio Grande Red Storm,2025,espn,ncaafb,
